contrast,parcel,f_stat,p_value,native_mean,native_sd,native_se,native_ci_lower,native_ci_upper,l2_high_mean,l2_high_sd,l2_high_se,l2_high_ci_lower,l2_high_ci_upper,l2_low_mean,l2_low_sd,l2_low_se,l2_low_ci_lower,l2_low_ci_upper,n_native,n_l2_high,n_l2_low,p_fdr,significant_fdr
real_vs_rest,83,24.660272831339135,8.086321701698309e-07,-1.0773805636973728,0.656369589249092,0.16947389920791572,-1.4408659266680341,-0.7138952007267114,0.5372606068101147,0.8186949148258185,0.2894523629981396,-0.14718547041612395,1.2217066840363533,0.86077453996719,0.6177860103978348,0.2335011638524906,0.28941777488038534,1.4321313050539946,15,8,7,0.00014555379063056957,True
real_vs_rest,82,15.394031004056695,3.456177666180569e-05,-0.7409509737086872,0.6433182718714259,0.1661040635512645,-1.0972087580224923,-0.38469318939488223,0.9958456970441668,0.9504408580254561,0.3360315879132803,0.20125725496319158,1.790434139125142,-0.034577078344968856,0.5375173080406301,0.20316244606691522,-0.5316976753337063,0.4625435186437685,15,8,7,0.002374393743008828,True
real_vs_rest,145,15.105673457937925,3.957322905014713e-05,-1.4779103914532021,0.8695069241591697,0.22450572244536665,-1.959427276315394,-0.9963935065910104,-0.13900097380321025,1.0417050030113133,0.3682983358126262,-1.0098881504870094,0.7318862028805888,0.6316430651374239,0.7232716176189805,0.27337097579588926,-0.03727161529660461,1.3005577455714523,15,8,7,0.002374393743008828,True
real_vs_rest,80,11.271294710575244,0.0002761838886479244,-2.484870614201324,0.9786364245016457,0.25268283827245636,-3.0268214019933755,-1.9429198264092722,-0.6255174639346751,1.2047635617942378,0.42594824213558186,-1.6327250072117874,0.38169007934243704,-0.4571803194197051,1.3098302678640386,0.49506930692476625,-1.6685712736720464,0.7542106348326363,15,8,7,0.012428274989156596,True
real_vs_rest,144,10.460605766232128,0.00043279841467742806,-1.6566774419741068,0.8668672902718157,0.22382417190631287,-2.136732546312993,-1.1766223376352207,-0.1264608897276272,1.066481853281166,0.3770582752337545,-1.01806203160911,0.7651402521538555,-0.2076024256013822,0.7195129164885061,0.2719503203039103,-0.8730408872756932,0.4578360360729288,15,8,7,0.01558074292838741,True
real_vs_rest,79,9.785640143609541,0.000636524937996004,-0.6233387161666465,0.861925071240487,0.2225480964395365,-1.100656910831612,-0.146020521501681,1.5525579229910016,1.6587901561916036,0.5864708840042876,0.1657746478214046,2.939341198160599,1.5843362973328827,1.8257641929426969,0.6900740010247034,-0.10421395394149613,3.2728865486072616,15,8,7,0.01909574813988012,True
real_vs_rest,12,9.347922562608023,0.0008223849983106023,0.4595171247707029,0.9580171572571051,0.247358966362516,-0.07101509342072926,0.9900493429621351,2.2712349522190323,1.3703957433806055,0.484508061526803,1.1255554398405452,3.4169144645975194,2.264516767783678,1.2539280442188832,0.47394025242468113,1.104826747391083,3.4242067881762726,15,8,7,0.0211470428137012,True
real_vs_rest,81,8.400228041871378,0.0014569655207079192,-0.40049497384083493,0.9018196055559852,0.23284882090677814,-0.8999060252190495,0.09891607753737963,1.3003123434781811,1.3439023218117987,0.47514122250273433,0.17678188581677245,2.42384280113959,1.4378910064861607,1.5074355903735344,0.5697570985108862,0.04374560986589637,2.832036403106425,15,8,7,0.03278172421592818,True
real_vs_rest,113,8.16621450932918,0.0016843597439044687,-0.48153298376306203,1.311132351068809,0.3385329173575516,-1.2076138783335166,0.24454791080739263,0.44425417548585683,1.0688471806406463,0.37789454474156187,-0.44932442955465474,1.3378327805263683,-2.006522564817008,0.9655992635985771,0.36496221680413404,-2.899552938335187,-1.1134921912988296,15,8,7,0.03368719487808937,True
real_vs_rest,11,7.5543547954860495,0.002479646222756485,-2.8216485413946377,1.1961767817251499,0.308851516982766,-3.4840691635624936,-2.159227919226782,-0.9985199588629063,0.9651515795183487,0.34123261337516586,-1.8054068718842078,-0.1916330458416049,-1.4609796243337385,1.2583214761720556,0.47560081361756384,-2.6247328915887493,-0.29722635707872747,15,8,7,0.04463363200961673,True
real_vs_rest,95,6.39729989595911,0.0053184478713059185,-2.7607886239716968,1.3053667415916188,0.3370442433918253,-3.483676630437812,-2.0379006175055814,-1.0918317456005115,1.1190181684022946,0.39563266757410626,-2.027354346068589,-0.15630914513243388,-1.0349373242611242,1.4664534319503557,0.5542672985996888,-2.391180545906815,0.32130589738456705,15,8,7,0.08489890629550118,False
real_vs_rest,150,6.305792513839499,0.005659927086366745,0.5193295198473288,0.961527504065847,0.24826533401116063,-0.0131466636112757,1.0518057033059334,-1.1204523579145231,0.572284052107577,0.2023329670050916,-1.5988937985914853,-0.642010917237561,-0.8414888236679009,1.9138657767851899,0.7233732697330095,-2.6115194501790953,0.9285418028432934,15,8,7,0.08489890629550118,False
real_vs_rest,178,5.6358177610865745,0.009006810365987135,0.6386651978339525,1.0325900158060117,0.2666135956451158,0.06683590707640796,1.210494488591497,1.9909769822871637,0.7530346255475862,0.26623794509648535,1.3614242806177863,2.620529683956541,0.9112748397485638,0.862272044763776,0.32590819898972934,0.11380620525527918,1.7087434742418486,15,8,7,0.12470968199059111,False
real_vs_rest,107,5.477275927430858,0.010077402373307258,3.9980326397150687,1.1172692793874455,0.2884776874864492,3.37930953583282,4.616755743597317,5.685803777710501,1.4280380590261652,0.5048876976649382,4.4919340834811425,6.87967347193986,3.919801707808636,1.3375595256571682,0.5055499812334835,2.6827654673823034,5.156837948234968,15,8,7,0.12956660194252187,False
real_vs_rest,63,5.349475314192715,0.011039916416136808,-0.8952171193197098,0.8685045796102532,0.22424691819569229,-1.3761789242724234,-0.41425531436699625,0.416490129679752,1.0887337184633556,0.3849254976159421,-0.493714037039325,1.326694296398829,0.37189359194953076,1.4549606644455881,0.5499234407863318,-0.9737205925329684,1.71750777643203,15,8,7,0.1324789969936417,False
real_vs_rest,111,5.18489976919875,0.01242740482133084,-1.5144771808546573,0.9457022576952674,0.2441792729683017,-2.0381896349825186,-0.9907647267267962,-0.09331629470471425,1.4738531298987774,0.5210857713122214,-1.3254883467095246,1.138855757300096,0.025000117071553567,1.5797677226207858,0.5970960747573524,-1.43604134452436,1.486041578667467,15,8,7,0.13980830423997195,False
real_vs_rest,73,5.043985393784155,0.013764623644249827,-0.5159362636495956,0.8558219932489718,0.22097228847808692,-0.9898746863761291,-0.041997840923062024,-0.1510699637715026,0.9638561250098344,0.3407746010413213,-0.9568738497206665,0.6547339221776612,0.9031460725414541,1.230511033715791,0.46508945439042837,-0.23488682524903715,2.0411789703319454,15,8,7,0.14574307388029228,False
real_vs_rest,66,4.766835433560832,0.016867515025930344,0.21489024526869402,0.5443536930936598,0.14055151918654984,-0.08656278204924187,0.5163432725866299,0.7830188838074814,0.7380745945508721,0.2609487754142166,0.16597308103958597,1.400064686575377,-0.2031706940137509,0.6542912499708862,0.24729884748979453,-0.8082891747110237,0.40194778668352193,15,8,7,0.16867515025930344,False
real_vs_rest,74,4.448337609780818,0.021388423215065244,-0.8738011929365462,0.8652067243925393,0.22339541563993168,-1.3529367065429365,-0.394665679330156,0.6213326684415487,1.3303738725809313,0.4703581934076922,-0.4908877226256495,1.733553059508747,0.40640554874486107,1.9121337571459813,0.7227186278428345,-1.3620232267670078,2.17483432425673,15,8,7,0.2026271673006181,False
real_vs_rest,109,4.290315157029451,0.02410053655645249,-1.649973429573025,1.2304786840508162,0.3177082300794686,-2.3313898120893963,-0.968557047056654,-0.2530313117756985,1.0724800024713854,0.37917894121724094,-1.149647031871261,0.6435844083198641,-1.1368363258489518,0.6832728025250197,0.2582528447279068,-1.768758272205571,-0.5049143794923325,15,8,7,0.2084118521253474,False
real_vs_rest,85,4.278659516536332,0.02431471608129053,-0.7009962582709295,0.7770220670377946,0.20062623501820276,-1.1312967363850395,-0.27069578015681944,0.3553410212926788,0.8456630431943687,0.29898703622079514,-0.35165097546686347,1.062333018052221,0.23700525701751168,1.3180127417290557,0.49816199134706923,-0.9819532233996144,1.4559637374346377,15,8,7,0.2084118521253474,False
real_vs_rest,78,4.178160684879563,0.026248551003104345,-1.691839247100303,1.238709867976685,0.3198335126304326,-2.3778139073400455,-1.0058645868605605,-0.16160722393393717,1.3291031106622921,0.4699089112227205,-1.2727652314507427,0.9495507835828683,-1.4898298226777524,1.1194056076112235,0.4230955505643499,-2.5251073395203694,-0.4545523058351353,15,8,7,0.21265485146382607,False
real_vs_rest,97,4.13291412742214,0.027172564353711105,-0.982546693680155,0.6247240075964401,0.16130304515979788,-1.328507317659494,-0.6365860697008161,-0.3317496702798407,1.1539578779656188,0.4079857203565637,-1.296482598938523,0.6329832583788416,-0.0339608618873176,0.5126000717401629,0.19374461597976272,-0.5080368588237318,0.4401151350490966,15,8,7,0.21265485146382607,False
real_vs_rest,64,3.9608197754698042,0.031019398591470355,0.005973154317755735,1.1141577856140887,0.2876743032487133,-0.611026861746114,0.6229731703816254,-0.9932607967080711,1.6915193877330472,0.5980424147872773,-2.4074063941951778,0.4208848007790358,-1.619477966719902,1.3050242493568707,0.49325280267243193,-2.826424095189551,-0.41253183825025275,15,8,7,0.23264548943602767,False
real_vs_rest,132,3.7102155643116377,0.03770428320689755,0.9080719523446306,1.1892068530942885,0.3070518891486606,0.2495111479985701,1.566632756690691,-0.1847326401720911,0.6953387228375311,0.24583936307000573,-0.7660503600835501,0.39658507973936785,-0.18332838898933282,1.2494826332145763,0.47226004499712887,-1.3389070899150683,0.9722503119364027,15,8,7,0.27147083908966235,False
real_vs_rest,69,3.607884552603947,0.04086539279458609,0.6044732237559796,1.1552958068054546,0.29829609464671913,-0.03530826910017293,1.244254716612132,-0.5238201635538431,1.3413747450571132,0.4742475891711305,-1.6452375141673097,0.5975971870596235,-0.6902675444781099,1.2858593525580462,0.486009152553588,-1.8794890996264122,0.4989540106701924,15,8,7,0.27341351241956396,False
real_vs_rest,134,3.6033461175274772,0.04101202686293459,-0.04142487857404024,0.5220415459244875,0.1347905475595943,-0.33052185063700973,0.24767209348892924,-0.4193473168152431,0.40987997900137324,0.14491445631223535,-0.7620155546175378,-0.0766790790129484,-0.6750071223595487,0.6916086333733202,0.2614034926415788,-1.3146384264349171,-0.03537581828418035,15,8,7,0.27341351241956396,False
real_vs_rest,99,3.4973371361804246,0.04460298033763168,1.4769269413067672,1.1024837898089428,0.2846600904929116,0.866391768636093,2.087462113977441,1.9550225536376062,0.6378052802714725,0.22549821937827236,1.4218039954047534,2.488241111870459,0.5731731156367749,1.1873534645869892,0.4487774265183015,-0.5249456878372017,1.6712919191107516,15,8,7,0.2867334450276322,False
real_vs_rest,175,3.3976826724263054,0.048288014507543046,5.961512003809844,0.752290904065192,0.19424067619652066,5.544907187251393,6.3781168203682945,6.750676175937018,1.7039813172257852,0.6024483722127691,5.326112144670108,8.175240207203927,7.218607070053486,0.9354344887670868,0.3535610035815078,6.353474460287183,8.08373967981979,15,8,7,0.29971871073647405,False
real_vs_rest,43,3.3292516151406524,0.0510071461656205,-1.5152381575298,1.1277577934188796,0.291185810164463,-2.139769606881101,-0.890706708178499,-0.21429042565291576,1.1656590672109757,0.4121227154882332,-1.188805793328665,0.7602249420228335,-0.7276985182397764,1.3498172320824857,0.5101829587828305,-1.9760712463376944,0.5206742098581416,15,8,7,0.306042876993723,False
real_vs_rest,57,3.255826469081654,0.05410866839984249,-0.932187887576018,1.2019159577290752,0.31033336585504306,-1.59778675947864,-0.2665890156733961,-0.6242818746611216,0.7178455898395988,0.25379674221021864,-1.2244158062666466,-0.024147943055596643,-1.9252374282576807,0.9266492238792938,0.3502404855679467,-2.7822450231446614,-1.0682298333707,15,8,7,0.3129511373416141,False
real_vs_rest,171,3.2213180952300844,0.05563575774962029,-0.13875964925346834,0.9930472574758137,0.25640369934671836,-0.6886908903451887,0.4111715918382521,0.7352681514678768,0.8011165794740164,0.28323748293352435,0.06551793036316789,1.4050183725725858,0.7728114136801129,1.0572684645633852,0.3996099180379747,-0.2049988306020809,1.7506216579623066,15,8,7,0.3129511373416141,False
real_vs_rest,169,3.1823866774480765,0.05741434291617459,-1.3121325026965167,1.01600423010874,0.26233116419249586,-1.8747768914825615,-0.7494881139104719,0.13330891176212123,1.6616140011335923,0.5874692639580373,-1.2558351568584163,1.522452980382659,0.020947053105018782,2.1663665911372747,0.8188096069639961,-1.9826078780065453,2.024501984216583,15,8,7,0.31316914317913414,False
real_vs_rest,127,3.0707895564402805,0.06285974983815683,-0.42040636209214904,1.2542919596318705,0.32385679139574,-1.1150100970695054,0.27419737288520724,-0.7417799857655457,0.9061176424569354,0.32036096476703324,-1.4993132923173338,0.015753320786242475,-1.6704676644382295,0.9278530775263782,0.3506954994772472,-2.5285886382523133,-0.8123466906241457,15,8,7,0.3249686877485937,False
real_vs_rest,37,3.064390795820334,0.06318835595111545,-0.052396845463264945,1.5151628954363068,0.39121337738774836,-0.8914660894198716,0.7866723984933417,-0.6075904241854759,0.9696822591772941,0.34283445053027795,-1.4182650801908578,0.20308423181990587,-1.5947237470564264,1.3784857472374104,0.5210186390053186,-2.869610429505968,-0.3198370646068849,15,8,7,0.3249686877485937,False
real_vs_rest,161,3.019148505185361,0.06556506545477792,0.2030210743916871,0.9745170176798316,0.2516192120046471,-0.3366484619402477,0.742690610723622,-0.901986730320562,0.8084338688797804,0.28582453541288444,-1.577854358458109,-0.2261191021830149,-0.4903262563732885,1.4666739603271717,0.5543506504914156,-1.8467734327506613,0.8661209200040844,15,8,7,0.3278253272738896,False
real_vs_rest,27,2.9042250977729767,0.07204496827132165,-0.70275313353113,1.2161306727040542,0.31400358947965495,-1.3762238522055008,-0.029282414856759087,-1.3757671992763847,0.9594481528790223,0.339216147548832,-2.1778859283022287,-0.5736484702505404,-2.0784320132071175,1.6505756331559094,0.6238589493476449,-3.6049598698087246,-0.5519041566055103,15,8,7,0.33469056030919997,False
real_vs_rest,38,2.8995660282478433,0.07232177430340933,-0.9676074256082606,1.2767810889248976,0.32966345961057997,-1.6746652252739611,-0.26054962594256015,-1.2737658513761412,0.765433288000205,0.2706215342454303,-1.9136840942561326,-0.6338476084961496,-2.327013573275196,1.558690734340697,0.5891297219894469,-3.7685620718729202,-0.8854650746774722,15,8,7,0.33469056030919997,False
real_vs_rest,65,2.85791941434195,0.0748474495021956,0.3977268491878236,1.167263159211674,0.30138605175121796,-0.24868194253229509,1.0441356409079423,-0.46379801018020134,1.3366819092089148,0.4725884211455023,-1.5812920518428002,0.6536960314823976,-0.8061963061429195,1.1135052697044443,0.4208654324568377,-1.8360169205588122,0.2236243082729733,15,8,7,0.33469056030919997,False
real_vs_rest,92,2.837878306365539,0.07609646929735821,-0.4093282848622362,0.8891653122517552,0.22958149642509104,-0.9017316221870204,0.08307505246254793,0.5630038320264457,1.2661283657103568,0.4476439766232171,-0.49550597117624684,1.6215136352291382,-0.07957690273875163,0.442862086544529,0.1673861351565697,-0.48915602057071716,0.3300022150932139,15,8,7,0.33469056030919997,False
real_vs_rest,155,2.8328911925221902,0.07641074692741065,-0.12261102795462518,1.3113078576546557,0.3385782329631605,-0.8487891148327448,0.6035670589234944,-0.7067120949717356,0.9657189695818406,0.3414332160559023,-1.5140733579568408,0.10064916801336976,-1.3998672154683083,1.1094770746497107,0.4193429178357969,-2.4259623708144344,-0.3737720601221819,15,8,7,0.33469056030919997,False
real_vs_rest,108,2.8054086110349608,0.07816783888941328,-1.802308660044739,1.2153811493041937,0.31381006336997147,-2.4753643064952966,-1.1292530135941818,-0.7039425295830142,1.0312319687894862,0.3645955590536999,-1.566074030544422,0.1581889713783936,-1.7659539368104429,0.9354942505881098,0.3535835914266968,-2.631141817042831,-0.9007660565780544,15,8,7,0.33469056030919997,False
real_vs_rest,10,2.778145386196988,0.07995385607386445,-1.6827215671735343,1.0528191490199137,0.27183673538149267,-2.2657533785067945,-1.099689755840274,-0.5943425723109763,0.9178962707598619,0.3245253387400708,-1.3617230585521107,0.17303791393015822,-1.1650873922403935,1.2329635973571973,0.4660164363146741,-2.3053885330871187,-0.0247862513936683,15,8,7,0.33469056030919997,False
real_vs_rest,176,2.661204371356796,0.08812733226099674,0.7548114338349425,1.0986899460743018,0.28368052425275303,0.14637722179609414,1.363245645873791,-0.12522736701950948,0.895062216216909,0.31645228133541803,-0.8735181059371016,0.6230633718980825,-0.12123553809130645,1.067240091046632,0.40337883858675994,-1.1082679987303468,0.8657969225477338,15,8,7,0.3491154304982638,False
real_vs_rest,106,2.6537880436372365,0.08867511141893394,-1.1175506657678738,1.242622135647031,0.3208436557993097,-1.8056918676291152,-0.4294094639066325,-0.2993207676112176,0.799138801399098,0.2825382327892959,-0.9674175248669542,0.36877598964451896,-1.5770502001901587,1.064380401274824,0.4022979774491886,-2.561437888902234,-0.5926625114780838,15,8,7,0.3491154304982638,False
real_vs_rest,147,2.646481121870542,0.08921838779400075,-1.6007192130386232,1.6205922809753388,0.41843512768065183,-2.498173304645272,-0.7032651214319745,-0.2973822020667255,1.2991663287399131,0.459324660470612,-1.3835124335701559,0.788748029436705,-1.9193683289673105,1.468637352597928,0.5550927430163425,-3.277631340338573,-0.5611053175960481,15,8,7,0.3491154304982638,False
real_vs_rest,49,2.543521883279348,0.09726571335540414,0.34581812012403645,1.2828996641202521,0.331243268932855,-0.364628033545528,1.0562642737936008,0.6082482826564777,1.1951931109733536,0.422564576798352,-0.39095816350494694,1.6074547288179022,-0.967912670398099,2.0451293450018238,0.7729862351193203,-2.859341849883503,0.9235165090873046,15,8,7,0.372506987318569,False
real_vs_rest,133,2.517170848199061,0.09944832351272422,-0.3414916490496687,0.7718992600304454,0.19930353193651623,-0.7689552112021096,0.08597191310277219,0.1042030628671137,0.6389834764036482,0.22591477461558693,-0.43000049198202106,0.6384066177162484,0.2738346913697174,0.27599434192376443,0.10431605599874409,0.018582497681687238,0.5290868850577475,15,8,7,0.3729312131727158,False
real_vs_rest,137,2.4262453227359373,0.10739274885368613,-0.6385886969139547,0.9351925398227897,0.24146567548207207,-1.1564810632769833,-0.1206963305509261,0.07898983355049412,1.0846100532265146,0.38346756178978536,-0.8277668627567867,0.985746529857775,-1.224163715513024,1.5967466873643175,0.6035135202188835,-2.7009081004628346,0.2525806694367867,15,8,7,0.3945039753808879,False
real_vs_rest,45,2.301458825655309,0.11942462683832285,-0.21990229146849063,1.480615378393218,0.38229324684370175,-1.0398397581797372,0.600035175242756,-0.44713077900263665,1.1391118023878533,0.40273683999904075,-1.3994520778742112,0.5051905198689379,-1.5772146453900966,1.4857168694328111,0.5615481935960913,-2.9512735752894272,-0.20315571549076594,15,8,7,0.4123793244670912,False
real_vs_rest,58,2.288353323975195,0.1207698641422577,-1.4289355412823606,0.9358062004499037,0.24162412197467445,-1.94716774157347,-0.910703340991251,-0.5931826204331166,1.10228985529103,0.3897183157547127,-1.5147200011566047,0.32835476029037125,-1.289024802198519,0.49216479114386935,0.18602080591838896,-1.7442013167597648,-0.833848287637273,15,8,7,0.4123793244670912,False
real_vs_rest,84,2.2727783690845955,0.12238978244496296,-1.3015746516475748,1.0396021542020601,0.2684241219937289,-1.8772871352157492,-0.7258621680794005,-0.5393482066176386,0.9518357449916977,0.33652475492968936,-1.3351028033857002,0.2564063901504231,-1.5280299629282708,0.84019326496968,0.3175632046201671,-2.3050791318009356,-0.750980794055606,15,8,7,0.4123793244670912,False
real_vs_rest,9,2.2565036085111587,0.12410745095715973,0.7497483378573383,1.2037239888002045,0.310800197470237,0.08314821172094922,1.4163484639937274,0.19885640036006844,0.4814755999066269,0.17022733083491845,-0.20366727441608787,0.6013800751362247,-0.28574913190038576,1.3184355882202201,0.498321812298266,-1.5050986800970563,0.9336004162962848,15,8,7,0.4123793244670912,False
real_vs_rest,41,2.198282468327315,0.13046739579959052,-0.4887271777938015,1.303255189091832,0.33649904288073756,-1.2104458454614897,0.23299148987388674,-0.44544186709267597,0.7428923107431777,0.2626520953089224,-1.0665153813918131,0.1756316472064613,-1.4566213013392793,0.8427574859668228,0.3185323890580314,-2.2360419790988995,-0.6772006235796592,15,8,7,0.4123793244670912,False
real_vs_rest,167,2.1906960922536225,0.13132155876811127,-0.41819528082881874,1.326536430230367,0.3425102334946432,-1.1528066701037483,0.3164161084461108,0.3083976478886811,1.084314012961599,0.38336289575037225,-0.5981115525634852,1.2149068483408476,-0.9764803232020486,0.9883334679906669,0.37355493838647436,-1.890536328993645,-0.06242431741045218,15,8,7,0.4123793244670912,False
real_vs_rest,53,2.1773096258789932,0.13284344897270506,0.6866984309745839,1.1360564608196344,0.29332851687371886,0.05757133279715876,1.3158255291520091,0.4380094983650201,0.33171215607504645,0.11727795748133787,0.16069119592738118,0.7153278008026591,-0.23189675326490272,1.016589356159584,0.38423466026764674,-1.172085097094472,0.7082915905646667,15,8,7,0.4123793244670912,False
real_vs_rest,148,2.163252790040949,0.13446196510504577,-1.1591219827798194,1.31457438075138,0.33942164560006816,-1.8871090098540002,-0.43113495570563853,-0.6673192644518103,0.6944173537686739,0.2455136099117235,-1.2478667005451622,-0.08677182835845842,-1.928467554846956,1.2861260791981317,0.48610996574754545,-3.117935790994305,-0.7389993186996076,15,8,7,0.4123793244670912,False
real_vs_rest,70,2.1599469318532214,0.13484567256836838,0.5511642881194254,0.982412465151578,0.25365780777590907,0.007122398715242451,1.0952061775236084,-0.4337747627664338,1.1246656128203545,0.39762934069629835,-1.3740187449217505,0.5064692193888828,-0.06298284135857797,1.3989414912273452,0.528750183502486,-1.3567879316658933,1.2308222489487373,15,8,7,0.4123793244670912,False
real_vs_rest,131,2.157171016303638,0.13516877857532433,0.5353815188465028,0.709388103525308,0.1831632207300787,0.1425354813084796,0.9282275563845259,0.030225480050279814,0.31542757216880046,0.11152048762688395,-0.23347856954170298,0.2939295296422626,0.181226639067005,0.5259719321065859,0.19879870413631076,-0.30521626607639807,0.667669544210408,15,8,7,0.4123793244670912,False
real_vs_rest,48,2.123753696799591,0.13912436432466632,-1.8572889232409524,1.2213308484533918,0.31534626908462404,-2.5336394032581997,-1.1809384432237051,-0.7972704609787471,1.4094647891987195,0.49832105514304115,-1.9756125130492872,0.381071591091793,-2.1044003369330135,1.6027840563430944,0.6057954312033093,-3.5867283569138735,-0.6220723169521536,15,8,7,0.417373092973999,False
real_vs_rest,141,2.0188882109301316,0.15236587524936665,-0.35916060481999995,2.0266630382209643,0.5232821463602614,-1.4814891863585444,0.7631679767185444,-1.20885759279236,1.373701046501685,0.4856766626521991,-2.3573004077323976,-0.06041477785232252,-2.1168635287506166,2.2802400418175948,0.8618497257401254,-4.225733836570178,-0.007993220931054257,15,8,7,0.4280308404551001,False
real_vs_rest,72,2.008433332512799,0.15375840108396097,0.250073142658602,1.0018681558169873,0.25868124550498195,-0.3047429491144806,0.8048892344316845,-0.36630239081276483,0.7845045641983511,0.2773642486082256,-1.0221646195965852,0.28955983797105556,-0.6480286758419295,1.4039056538614283,0.5306264606164093,-1.9464248508553355,0.6503674991714766,15,8,7,0.4280308404551001,False
real_vs_rest,55,1.9941202127864364,0.15568703185301586,-0.1355637771286137,1.2185832588314534,0.3146368444947587,-0.8103926927294363,0.5392651384722089,-0.3279156644511515,1.0406034900237058,0.3679088921610751,-1.1978819532318639,0.542050624329561,-1.1961021452326328,1.2116310589502552,0.45795349467774515,-2.316673978632866,-0.07553031183239933,15,8,7,0.4280308404551001,False
real_vs_rest,22,1.9777512026808615,0.15792458598937772,-1.8535079482773043,2.0250961191337846,0.5228775695916279,-2.974968798948243,-0.7320470976063655,-0.3819978562423866,2.0345539342896815,0.7193234418130016,-2.082927511492601,1.3189317990078275,-0.5634630758634868,1.4669036779263307,0.5544374755827227,-1.9201227055857557,0.7931965538587821,15,8,7,0.4280308404551001,False
real_vs_rest,117,1.9645502347540267,0.1597542461570436,-1.3617947608052043,1.2363209524877143,0.31921669730348057,-2.0464464837427965,-0.6771430378676121,-0.2899318366095932,0.9856695820282521,0.3484868227307435,-1.1139722289992249,0.5341085557800384,-1.3347282948013466,1.7029426470181053,0.6436518201451366,-2.9096875615255176,0.2402309719228244,15,8,7,0.4280308404551001,False
real_vs_rest,114,1.959387982266358,0.16047591793268245,-1.4294649098869845,1.4668321691740778,0.37873443752616687,-2.2417694897491445,-0.6171603300248246,-0.9357212301720945,0.8570430604344679,0.30301047990104213,-1.6522271594328666,-0.21921530091132246,-2.2119049955483887,1.0927119911004617,0.41300631186714937,-3.2224950346537957,-1.201314956442982,15,8,7,0.4280308404551001,False
real_vs_rest,35,1.9459989613846351,0.16236404302348792,0.0033611880313255365,1.1157485273475218,0.2880850309981602,-0.6145197514419163,0.6212421275045674,-1.012126768754929,1.0186020481733056,0.36013020779692534,-1.8636993918426872,-0.16055414566717052,-0.4980716408052868,1.4972778963632605,0.5659178510473041,-1.8828227373074338,0.8866794556968602,15,8,7,0.4280308404551001,False
real_vs_rest,100,1.9388878223871342,0.1633765485730276,2.2841263128411513,1.3171482864682413,0.34008622519847564,1.5547139042912443,3.0135387213910585,3.160484621619507,1.0235286717368282,0.36187203226198544,2.30479323815965,4.016176005079364,2.081070504340428,0.9930023964818393,0.3753196274831581,1.16269645988457,2.999444548796286,15,8,7,0.4280308404551001,False
real_vs_rest,151,1.9339856065696506,0.16407848884112172,0.19737749789864745,0.9841318220338,0.25410174381397793,-0.3476165396102726,0.7423715354075675,-0.6735108594131868,0.7065261674255503,0.2497947220361743,-1.264181517059803,-0.08284020176657059,0.15237801615678673,1.4753969321093583,0.5576476239241441,-1.2121365635860397,1.5168925958996131,15,8,7,0.4280308404551001,False
real_vs_rest,61,1.8968558762286851,0.16950139368408457,-0.08027820714658031,1.134496050362186,0.2929256206260558,-0.7085411788154057,0.5479847645222451,-1.117594376725415,1.7506772785156277,0.6189578876538052,-2.5811972085862447,0.34600845513541456,-0.9584760537019592,1.3358315437811477,0.5048968654743439,-2.193914177437083,0.27696207003316475,15,8,7,0.4294965054041134,False
real_vs_rest,15,1.8748632347002088,0.1728040225543932,-1.5028685560963277,1.0408649929937839,0.26875018556768165,-2.079280376477331,-0.9264567357153246,-0.8137064083264566,0.6959516800217785,0.24605607616078493,-1.3955365732680098,-0.23187624338490342,-0.9743334359811199,0.6465636315840179,0.24437808227858546,-1.5723050616686733,-0.3763618102935664,15,8,7,0.4294965054041134,False
real_vs_rest,30,1.8590691848031686,0.17521842392298412,0.13893566792396425,1.0362604827471658,0.2675613061341754,-0.43492625967451537,0.7127975955224439,-0.7188513935663206,0.7590999525943661,0.2683823620389315,-1.3534748355433326,-0.08422795158930851,-0.33409232236665964,1.290924717245017,0.4879236804480985,-1.5279985585093872,0.8598139137760679,15,8,7,0.4294965054041134,False
real_vs_rest,143,1.8527410379172204,0.17619593862433783,-0.27291920377785417,1.5802576428003712,0.40802076888552175,-1.1480367172775081,0.6021983097217998,-1.1086565646473294,1.421893406765378,0.5027152350241203,-2.2973892010305303,0.0800760717358715,-1.6972945367562957,2.148555301655679,0.8120775723214699,-3.684376772518744,0.28978769900615253,15,8,7,0.4294965054041134,False
real_vs_rest,68,1.8458920190057266,0.1772605171671118,-0.0289743457357902,1.047905614815264,0.2705680663051174,-0.6092851325226677,0.5513364410510874,-0.9832682337122489,0.9591285684647506,0.33910315739558544,-1.785119783481535,-0.18141668394296262,-0.6827434631624882,1.6833375766451422,0.6362418000533108,-2.239571063906748,0.8740841375817718,15,8,7,0.4294965054041134,False
real_vs_rest,91,1.8350691754643718,0.17895687725171391,-0.6083201421308466,0.691770152792435,0.17861428541123073,-0.9914096837528055,-0.22523060050888777,0.02966143992687853,1.0823673183667921,0.3826746352759287,-0.875220283116006,0.934543162969763,-0.5931024233431462,0.6336236036219328,0.23948721142917131,-1.1791065191868486,-0.007098327499443724,15,8,7,0.4294965054041134,False
real_vs_rest,42,1.701045592709771,0.20147174273664806,0.35652900360595907,1.5269484238648525,0.39425638774308247,-0.48906684845196424,1.2021248556638824,0.1383036779785836,1.1915026085439877,0.421259787151457,-0.857817430940566,1.134424786897733,-0.8569685168434058,1.5551257541632688,0.587782286135397,-2.2952199586811974,0.5812829249943858,15,8,7,0.4704705303095973,False
real_vs_rest,115,1.6791027253075572,0.2054392985402251,-1.3664866691555615,1.4797413992694002,0.3820675864042698,-2.185940142360325,-0.5470331959507984,-0.7559793156041318,1.2483245972237325,0.4413493939094334,-1.7996047958681545,0.287646164659891,-2.0628542492375717,1.2716120025770081,0.48062416042622697,-3.238899203331112,-0.8868092951440314,15,8,7,0.4704705303095973,False
real_vs_rest,39,1.6742507951921388,0.2063278706376256,0.6748152039445241,1.3965561796258121,0.3605892550489216,-0.09857183009060067,1.4482022379796489,0.40994351949752195,0.8562775975754254,0.30273984791185443,-0.3059224667983601,1.1258095057934039,-0.35056843787614334,1.169266574228678,0.44194122453564677,-1.4319596577019413,0.7308227819496547,15,8,7,0.4704705303095973,False
real_vs_rest,60,1.6733990206926381,0.20648428830254548,-1.7179519385077737,1.1919597283338972,0.30776267847914,-2.3780372343477603,-1.0578666426677872,-1.0659226998149631,0.6892496095067637,0.24368653640620624,-1.6421497935877263,-0.48969560604219997,-1.9067601358965813,0.5995133922729737,0.22659476337242862,-2.461217547799969,-1.3523027239931937,15,8,7,0.4704705303095973,False
real_vs_rest,125,1.64309259831764,0.2121334091258793,5.570239931773917,0.9644744896839414,0.24902624242585347,5.036131762076755,6.1043481014710785,6.506172730457825,2.1314680841699962,0.7535877680996516,4.72422081830571,8.28812464260994,6.614093441563903,1.6060527688022657,0.6070308883853586,5.128742366762705,8.099444516365102,15,8,7,0.47435088235793715,False
real_vs_rest,116,1.6192618786604052,0.21669201947437694,-1.4660926417223341,1.5615929042988623,0.4032015541270111,-2.3308739675617174,-0.6013113158829508,-0.6642960759938535,1.1019536908875864,0.3895994636900785,-1.5855524162429555,0.2569602642552483,-2.046930428547685,1.7509131645131333,0.6617829715101248,-3.666255024421749,-0.42760583267362096,15,8,7,0.47435088235793715,False
real_vs_rest,157,1.6141964852179465,0.21767447909411303,-0.6873572966538782,1.602324243509345,0.4137183406890727,-1.574694886311244,0.19998029300348763,0.3616341529968088,1.8218456571097548,0.6441197092087846,-1.1614669323271751,1.8847352383207927,-1.2896705217370479,2.2664920975828666,0.8566534912424861,-3.3858261017830085,0.8064850583089127,15,8,7,0.47435088235793715,False
real_vs_rest,71,1.6087895581291087,0.21872846242060437,0.17036319690816273,1.152860432127824,0.29766728360883654,-0.4680696304047234,0.8087960242210488,-0.7452759620913687,1.3115940973885911,0.4637185402138609,-1.8417960681942678,0.35124414401153037,-0.506961302518661,1.4056831382444968,0.5312982865645379,-1.8070013764064499,0.7930787713691279,15,8,7,0.47435088235793715,False
real_vs_rest,21,1.5470450990205449,0.23116089592469966,-1.4173887689743225,1.9255825235528696,0.4971832696978877,-2.483740827277799,-0.35103671067084585,-0.04964608169886087,2.516873496482891,0.8898491583758742,-2.153804981853881,2.0545128184561596,-0.2798132544962204,1.253797008041551,0.4738907254049706,-1.4393820866373337,0.8797555776448929,15,8,7,0.49534477698149926,False
real_vs_rest,36,1.5322824268687651,0.2342444793004454,0.2765649216598912,1.6426279711461582,0.4241247184175699,-0.6330921284189996,1.186221971738782,0.36675285131918467,1.1793899259365517,0.41697730714641784,-0.619241801523088,1.3527475041614574,-0.7281601867290338,0.7766703903106795,0.2935538147756468,-1.4464604950523818,-0.009859878405685807,15,8,7,0.49604713263623734,False
real_vs_rest,123,1.4764853618576945,0.24630438228392137,1.9631050585810998,1.2523184212812735,0.3233472259847424,1.2695942327138745,2.656615884448325,2.9438224754797906,1.872737765198972,0.6621127865781667,1.3781745230473803,4.509470427912201,1.8430607088578737,1.2787857062373191,0.48333556554972074,0.6603811854344013,3.025740232281346,15,8,7,0.5155208001291377,False
real_vs_rest,120,1.4605164724954092,0.24987738637665163,0.2536336211125627,1.3179831610145043,0.3403017888793989,-0.47624112555058695,0.9835083677757124,-0.5542520194957438,0.6644464673547904,0.2349173014010091,-1.1097431675073013,0.0012391285158138698,-0.10487792811593152,0.8528907797941883,0.3223624141193392,-0.8936703395882479,0.6839144833563848,15,8,7,0.516987695951693,False
real_vs_rest,88,1.431736481158206,0.25645820487779536,0.5160690762504664,1.0985931357165437,0.2836555279258639,-0.09231152399922338,1.1244496765001561,-0.052804220454680945,0.9141253436039002,0.3231921146584003,-0.8170321326994899,0.7114236917901281,-0.1321439984923455,0.7568722927369248,0.2860708372595973,-0.8321341204498206,0.5678461234651296,15,8,7,0.5245736008863996,False
real_vs_rest,140,1.2828397762278894,0.2936125615802232,-0.24189241100616335,1.8358635378181931,0.4740179271919528,-1.2585597510818545,0.7747749290695278,0.02748773319560638,1.4215774134048247,0.5026035145000918,-1.1609807261270761,1.2159561925182887,-1.335114246745238,1.9241891621258795,0.7272751426329745,-3.114692412297018,0.44446391880654224,15,8,7,0.5938231582521368,False
real_vs_rest,165,1.24302749684371,0.30449891890185155,0.606195261141791,1.2195301428820169,0.31488132890533355,-0.06915802136823601,1.2815485436518181,0.05390876288648014,1.6141124204623234,0.5706749190531704,-1.2955229904823955,1.4033405162553556,-0.26088491316022655,0.8924872509367104,0.3373284734677477,-1.0862979526171028,0.5645281262966497,15,8,7,0.6030518760207234,False
real_vs_rest,122,1.241675195371123,0.30487622621047683,0.04769256974154287,0.7883240828673215,0.20354440295729145,-0.38886675612143307,0.48425189560451887,-0.29636389097638194,0.5030377319757087,0.17785069573636228,-0.7169139592772336,0.12418617732446968,-0.4080011862812385,0.6869463629344141,0.25964132005211116,-1.0433206093636755,0.22731823680119867,15,8,7,0.6030518760207234,False
real_vs_rest,105,1.2285229349401792,0.30857215770950114,0.6205905520202921,1.6502291601209458,0.4260873369716184,-0.2932758962067825,1.5344570002473668,1.4930494311836142,1.3126246345759869,0.4640828901305971,0.3956677744315349,2.5904310879356935,0.3840246499207623,1.332475550455116,0.5036284192254479,-0.8483096976553977,1.6163589974969221,15,8,7,0.603728134649024,False
real_vs_rest,126,1.167820818990714,0.326264880605597,-0.09811290303328829,1.3180121287472546,0.3403092683158335,-0.828003691492136,0.6317778854255596,-0.4908799651184004,1.1430288852240535,0.40412173791701406,-1.4464760271927948,0.46471609695599414,-0.9351610148734183,1.0226634753201005,0.38653046151514664,-1.8809669819833688,0.010644952236532057,15,8,7,0.6248272405829931,False
real_vs_rest,139,1.1677083018180983,0.32629867008222974,1.166983328517255,1.1881693390556534,0.30678400417578794,0.5089970802949051,1.824969576739605,2.0353458998149385,1.8431365010679812,0.6516471592788079,0.4944452235027237,3.5762465761271534,1.6709381618353023,0.8630042841370154,0.3261849594585524,0.872792318870926,2.4690840047996785,15,8,7,0.6248272405829931,False
real_vs_rest,138,1.1549719514035868,0.33014786151904646,-1.651298816802329,1.252496478291807,0.3233932001071739,-2.344908247355334,-0.957689386249324,-0.7217559853033128,1.3566101660463459,0.4796341239189897,-1.8559104666136141,0.41239849600698875,-1.3950059481526718,1.7382849229802033,0.6570099448540977,-3.002651368536272,0.2126394722309286,15,8,7,0.6255433165624038,False
real_vs_rest,52,1.124020479503558,0.33970681216377707,-0.2838955229474188,1.439981250462798,0.3718015601262232,-1.0813305596532132,0.5135395137583756,-0.3154576272229734,0.9117264970099991,0.3223439943116134,-1.0776800535275008,0.44676479908155414,-1.1432613448016329,1.3908695690852153,0.5256992837038643,-2.429601152235045,0.14307846263177892,15,8,7,0.636950272807082,False
real_vs_rest,159,1.073320454808432,0.3560130561857384,0.06484697256600695,1.8908214057560537,0.4882079876763795,-0.9822550203374311,1.111948965469445,-0.14902480571869758,2.477724692841014,0.8760079661106183,-2.2204544869723355,1.92240487553494,-1.3001568928920513,1.9326132440187456,0.7304591463061982,-3.0875260347659315,0.4872122489818289,15,8,7,0.6576800934008137,False
real_vs_rest,179,1.062414341326376,0.35962940429766627,-1.3216731083431792,0.915171355458223,0.23629622790771773,-1.8284781123648437,-0.8148681043215147,-0.79085295264121,1.1279644422956263,0.39879565304226977,-1.7338548252547428,0.15214891997232272,-0.8913437440705027,0.6007553545322329,0.22706418098324688,-1.4469497794889377,-0.33573770865206765,15,8,7,0.6576800934008137,False
real_vs_rest,47,1.0464971341022622,0.3649783700509015,-0.2348042279653337,1.3952319285453012,0.3602473348901872,-1.0074579161956743,0.5378494602650068,0.12352736510330865,1.1514143753848542,0.4070864563951517,-0.8390791421836354,1.0861338723902527,-0.9594221459854084,1.9165998574761103,0.724406655100518,-2.731981375399159,0.8131370834283422,15,8,7,0.6576800934008137,False
real_vs_rest,158,1.0373406019588516,0.36809408256763143,-0.6477753307911936,1.7993008064342622,0.46457747054249815,-1.6441949051172693,0.3486442435348821,-0.5613022007108788,2.136267447667761,0.7552845993369759,-2.3472664811576314,1.2246620797358736,-1.724982031892727,1.2158215897824278,0.45953736645535614,-2.8494294599162906,-0.600534603869163,15,8,7,0.6576800934008137,False
real_vs_rest,154,1.034601665196349,0.3690316079637899,-1.1406491134715881,1.5167942164508,0.3916345826625117,-1.980621752894388,-0.3006764740487883,-0.8571537317131599,1.9805461063605427,0.7002287911300764,-2.512931712882837,0.798624249456517,-1.9822326712430682,1.1332228358804926,0.42831797196559235,-3.030288992904059,-0.9341763495820776,15,8,7,0.6576800934008137,False
real_vs_rest,59,1.0140390772060714,0.37615252917948866,-1.4353193963656758,1.2227695792113271,0.31571774776896805,-2.1124666189199495,-0.7581721738114022,-1.2043193980293347,1.0332948632114507,0.3653249023710214,-2.068175521886618,-0.34046327417205147,-1.9670874584272902,0.587422829421123,0.2220249601557439,-2.5103629646823715,-1.4238119521722088,15,8,7,0.66379858090498,False
real_vs_rest,173,0.984553362571978,0.3866223136894883,4.814560408614289,0.921115628129142,0.2378310325117034,4.304463576109441,5.324657241119137,5.547723261770734,1.7671802563941432,0.6247925714376401,4.0703235951342736,7.025122928407195,4.966771619003602,0.9568603042460566,0.3616592006378096,4.081823434887326,5.851719803119877,15,8,7,0.6679080288825648,False
real_vs_rest,40,0.9770757411326577,0.3893269309884424,-0.24231953250863095,1.3096994956947408,0.3381629556907989,-0.9676069382211946,0.48296787320393275,-0.48773728168122693,0.7241801692462642,0.2560363542374275,-1.0931670542004488,0.11769249083799499,-0.95055380899582,0.9508074953069958,0.3593714538969319,-1.829904078499424,-0.07120353949221592,15,8,7,0.6679080288825648,False
real_vs_rest,46,0.9762880468495263,0.38961301684816285,-0.6834014070759352,1.4737692022211724,0.3805255717570661,-1.4995475877928017,0.13274477364093118,-0.37489652330484136,1.2725502254513916,0.4499144469085744,-1.4387751356068104,0.6889820889971277,-1.4405599504278486,1.8520098164831988,0.6999939142949878,-3.1533833550456167,0.2722634541899196,15,8,7,0.6679080288825648,False
real_vs_rest,103,0.9653190329446365,0.39362044900738014,1.3776357150570833,1.4965077073316475,0.3863966285311009,0.5488973699272574,2.206374060186909,2.1518578385673304,1.6015899077334224,0.5662475422191199,0.8128951678311906,3.49082050930347,1.2303027982139858,1.1146967859953718,0.42131578328382,0.19938021502237713,2.2612253814055947,15,8,7,0.6684120832200795,False
real_vs_rest,172,0.9404083911430693,0.4028867197427652,0.32066521940499904,0.7366402981167544,0.19019970711676376,-0.08727258046490105,0.7286030192748991,-0.06449771009749042,0.5100760452386652,0.18033911525453816,-0.4909319555391576,0.3619365353441767,0.25701917448676914,0.5879311477381773,0.2222170864205703,-0.28672644780263223,0.8007647967761705,15,8,7,0.677753360314932,False
real_vs_rest,160,0.9249519906128798,0.4087537906910901,-0.2762287666338749,1.4548776791139857,0.37564780146515764,-1.0819131705619351,0.5294556372941852,0.16824697543827938,1.989510614330397,0.7033982233178189,-1.495025521946312,1.8315194728228708,-0.8981525132222268,0.9068987454207261,0.34277550638567406,-1.736893962079554,-0.059411064364899624,15,8,7,0.6811363695477125,False
real_vs_rest,56,0.9091872321645869,0.41483255623891213,-0.6780264366635235,1.3508318033266198,0.34878327185408875,-1.4260921551045895,0.0700392817775426,0.10937914379229913,1.3264022479315185,0.4689540120467285,-0.9995208859751297,1.2182791735597278,-0.5948724541173694,1.4758546837115907,0.5578206377672511,-1.9598103834833065,0.7700654752485675,15,8,7,0.6811363695477125,False
real_vs_rest,33,0.9055468746144697,0.41625000361249104,0.34709055035553066,1.389850721315554,0.35885791315796706,-0.4225831246396404,1.1167642253507017,-0.34700462603250454,0.8791944651400181,0.3108421841410932,-1.0820295930706034,0.3880203410055944,0.030401303490348624,0.9549338887846263,0.36093108403313323,-0.8527652434769292,0.9135678504576265,15,8,7,0.6811363695477125,False
real_vs_rest,16,0.8913534598323387,0.42182638088967367,-0.07334003813483987,1.4488449252914166,0.3740901511260524,-0.8756836143511565,0.7290035380814767,0.3347566768782886,2.1691271210497094,0.7669022482749512,-1.4786789779936913,2.1481923317502685,-0.8872985584146792,2.045609761270158,0.7731678154010063,-2.7791720488432747,1.0045749320139161,15,8,7,0.6840427798210924,False
real_vs_rest,163,0.8634462430770197,0.4330260811701206,-1.6771132613602444,1.2775398483132552,0.3298593704422391,-2.3845912479697065,-0.9696352747507824,-1.4763468768742363,1.2120964696301182,0.42854081656386533,-2.489684884518527,-0.46300886922994566,-2.2787899414012265,1.1540026074457075,0.4361719873744909,-3.3460643464453264,-1.2115155363571266,15,8,7,0.6853287237855901,False
real_vs_rest,50,0.8614393730579923,0.4338436953954713,-1.5642916517185494,1.0957421097989408,0.28291939619929846,-2.171093406440548,-0.9574898969965512,-0.8902115733510558,1.144214673588702,0.4045409774138616,-1.8467989793069215,0.06637583260480995,-1.5750017312090614,1.6448913161054879,0.6217104794492649,-3.0962724713544945,-0.05373099106362833,15,8,7,0.6853287237855901,False
real_vs_rest,129,0.8609544017985493,0.434041525064207,2.330316162336462,1.2609398881628844,0.32557327916156625,1.6320309272489877,3.028601397423936,3.412459325953928,2.685397626008719,0.9494314357665107,1.1674107277158803,5.657507924191975,2.8155370538604103,2.002493408780105,0.7568713659540235,0.9635395387152221,4.667534569005598,15,8,7,0.6853287237855901,False
real_vs_rest,2,0.8386438813920827,0.4432480292177671,-0.5036523009754247,1.8227304806712226,0.47062698641761896,-1.513046796418807,0.5057421944679575,0.36620818345743866,1.8934820077970882,0.6694469838840201,-1.216782389790359,1.9491987567052362,-0.8020723665630575,1.9638887223130574,0.7422801659778193,-2.6183665015640454,1.0142217684379302,15,8,7,0.6905385119744144,False
real_vs_rest,44,0.8344219457767204,0.4450137077168449,-1.4098995371614087,1.2449437085027457,0.3214430833331223,-2.0993263832175426,-0.7204726911052747,-1.0535231711152178,0.7002181139216936,0.247564488331842,-1.6389201640578501,-0.4681261781725854,-1.790541857590103,1.132688679889761,0.4281160799780508,-2.838104167354127,-0.7429795478260792,15,8,7,0.6905385119744144,False
real_vs_rest,136,0.8225280153030857,0.45002867703769295,-0.859329804434465,1.2116525194417955,0.31284733527922215,-1.5303206044918987,-0.18833900437703144,-0.24571569179566205,0.6501158715046872,0.22985067064898324,-0.7892261618571135,0.29779477826578943,-0.9350169782512839,1.6377386757083034,0.6190070354909186,-2.449672629336133,0.5796386728335653,15,8,7,0.6923518108272199,False
real_vs_rest,87,0.7680195742147259,0.4738009992292251,0.14283276009810245,1.3526742100762679,0.34925897923131055,-0.6062532491929732,0.891918769389178,-0.4354417449540048,1.4975119169824218,0.5294504157029682,-1.6873930379411246,0.8165095480331149,-0.542276247868246,1.3813826279750876,0.5221135570067054,-1.8198420981514127,0.7352896024149206,15,8,7,0.7186832025241211,False
real_vs_rest,6,0.7650607004536775,0.47512945055761335,-1.6906749522495041,1.5992613426374025,0.4129275030845315,-2.5763163639403452,-0.805033540558663,-0.824286998283497,2.0571436253326243,0.7273101036736885,-2.544102107858763,0.8955281112917688,-1.2234935079255955,1.0230996458871735,0.3866953184936725,-2.169702865530045,-0.2772841503211463,15,8,7,0.7186832025241211,False
real_vs_rest,153,0.750090052089876,0.4819124601436256,0.2657362580931148,1.4153233939959027,0.36543492896292595,-0.5180437128467572,1.0495162290329867,0.7063425694746341,1.9975535096118997,0.7062418162147808,-0.9636539566357702,2.3763390955850383,-0.30320890585978527,1.4509672910394078,0.5484140875113358,-1.6451298359261324,1.0387120242065617,15,8,7,0.7228686902154384,False
real_vs_rest,17,0.7297900833750381,0.4912767518848422,-0.3046876808842132,1.2254651126204161,0.3164137315024712,-0.9833276400851116,0.37395227831668526,-0.17261960487609207,1.8046669418972434,0.6380461161993649,-1.6813589248756977,1.3361197151235138,-1.0846326121269,2.064564146731024,0.7803318997129364,-2.9940359853609593,0.8247707611071589,15,8,7,0.7304359452470803,False
real_vs_rest,8,0.7216781310666157,0.4950732517785767,0.33160583484901857,1.1200162313771227,0.2891869474403726,-0.28863848034067824,0.9518501500387153,0.40551104235907665,0.6961868080351643,0.24613920646714094,-0.1765156945209282,0.9875377792390815,-0.16342088235829613,1.0646236909543638,0.4023899323047045,-1.1480335764961032,0.821191811779511,15,8,7,0.7304359452470803,False
real_vs_rest,26,0.6724951729312411,0.5187768468040429,-0.20578134503841566,0.9755490105069661,0.25188567140684026,-0.7460223799490449,0.3344596898722136,-0.04420723656508818,1.1795815664901281,0.41704506231391,-1.0303621049195835,0.9419476317894072,0.33697793921859853,0.9287449827019274,0.35103260794689783,-0.5219679093049947,1.1959237877421918,15,8,7,0.750865902296585,False
real_vs_rest,23,0.6672338446598118,0.5213837985270163,0.3717709617946217,1.774169328931695,0.45808855095362955,-0.6107312641782796,1.354273187767523,0.5123627828484671,2.233358074471779,0.7896113196383626,-1.3547712929005866,2.3794968585975207,-0.5329833786619794,1.9085488321363968,0.7213636535508092,-2.298096651520695,1.2321298941967362,15,8,7,0.750865902296585,False
real_vs_rest,75,0.667131488992604,0.5214346543726285,0.5733491621192505,1.0801972123096388,0.2789057209263272,-0.02484411530765418,1.1715424395461551,1.188883523865948,1.418445641348499,0.5014962658710125,0.003033291504129343,2.3747337562277666,0.8955036718664499,1.3447676736787,0.5082744051018142,-0.34819899361084306,2.139206337343743,15,8,7,0.750865902296585,False
real_vs_rest,119,0.6526362913368033,0.5286907418537304,-0.17916221594368498,1.238740710578977,0.3198414761561013,-0.8651539562472708,0.5068295243599008,-0.48148139786692673,1.0205254771469177,0.36081024263211126,-1.3346620478178937,0.37169925208404014,-0.7353602449977684,0.7826272731008033,0.29580530484019363,-1.4591697510427912,-0.011550738952745498,15,8,7,0.7552724883624721,False
real_vs_rest,31,0.6438130359408052,0.5331605804042261,-0.054083316002538094,1.528536718308776,0.3946664836050951,-0.9005587362060763,0.792392104201,-0.41066652199463693,0.8985863091643168,0.31769823634573996,-1.1619034763460296,0.34057043235675577,-0.7238909938407642,1.2294420674155597,0.46468542310609684,-1.860935262693391,0.41315327501186283,15,8,7,0.755660665139848,False
real_vs_rest,152,0.5929182461061719,0.5597489467121495,0.4957347781385229,1.4774904860642977,0.38148640311379506,-0.32247218088158985,1.3139417371586357,0.49507313066729686,2.2891003313317926,0.8093191835505416,-1.4186626380355853,2.408808899370179,-0.3460607517330746,1.7934593063332271,0.6778639015817324,-2.004733965976789,1.3126124625106397,15,8,7,0.7871469563139601,False
real_vs_rest,19,0.5682286348284511,0.573157176353261,-1.5587630263206014,1.7588451820231483,0.4541318732355204,-2.5327790225953213,-0.5847470300458816,-1.0206660983834366,1.5941868303434539,0.5636301591070721,-2.353439641537119,0.31210744477024566,-1.9079720449003628,1.3828185277593537,0.5226562761119595,-3.1868658809940187,-0.6290782088067068,15,8,7,0.7950517234394577,False
real_vs_rest,142,0.5591681617216652,0.578163844609208,-0.48059880256637033,1.4798244240902159,0.38208902332082584,-1.3000982533843928,0.3389006482516522,-0.16853879062275023,1.5348209274284974,0.5426411428458582,-1.4516811969080907,1.1146036156625903,-0.9660577438704888,1.3437982299748918,0.5079079898231923,-2.208863823460081,0.2767483357191035,15,8,7,0.7950517234394577,False
real_vs_rest,180,0.5583451005686888,0.5786209765031609,-0.7229892451815108,1.0808577532903731,0.2790762718741853,-1.3215483180109933,-0.12443017235202825,-1.2355134939816805,1.477392195349172,0.52233701990174,-2.470644278746038,-0.0003827092173234181,-0.8114959046780602,0.6516841363733203,0.2463134511728154,-1.4142032074492423,-0.2087886019068782,15,8,7,0.7950517234394577,False
real_vs_rest,118,0.5488878080628177,0.5839015477101559,-0.21470469422411906,0.6980205028368838,0.18022811885323853,-0.6012555643290128,0.1718461758807747,-0.2788356312199367,0.30316998468682077,0.10718677601213636,-0.5322920812282781,-0.02537918121159538,-0.5287622947196035,0.8463945817635364,0.31990708205412033,-1.3115467250630397,0.2540221356238327,15,8,7,0.7962293832411217,False
real_vs_rest,51,0.5380008640221532,0.5900445452133386,0.08504988429837566,1.4135444331299147,0.36497560324242423,-0.6977449309507459,0.8678446995474972,0.05136208696580502,0.7817051458316991,0.27637450475300673,-0.6021597694950999,0.7048839434267099,-0.5060801815460642,1.4780215332259903,0.5586396299020514,-1.8730221124726385,0.8608617493805101,15,8,7,0.798556527356398,False
real_vs_rest,146,0.500845946589519,0.6115375582487795,-2.0053137279885447,1.1914183070071687,0.3076228840936933,-2.66509919469158,-1.3455282612855097,-1.444479765410482,1.2501811788630752,0.44200579464293627,-2.4896573867677088,-0.3993021440532549,-1.7814229535319897,1.5022377413983845,0.5677924962622122,-3.1707611416271875,-0.3920847654367918,15,8,7,0.8072725619785562,False
real_vs_rest,164,0.4988273989648641,0.6127290627205882,0.3857040842318807,1.1484440857967435,0.2965269878894126,-0.25028305200169537,1.0216912204654567,0.03773006151276109,1.374339148947151,0.48590226593533953,-1.111246220421829,1.1867063434473513,-0.09125695688468553,0.7969162452754981,0.3012060286780457,-0.8282815580933097,0.6457676443239387,15,8,7,0.8072725619785562,False
real_vs_rest,124,0.4987699681175457,0.6127629993519585,6.23879232648488,0.8977244706128095,0.23179146161108538,5.741649085248413,6.735935567721347,6.53892172400051,1.563733505228037,0.5528632827576773,5.231607797776508,7.8462356502245125,6.744735406898488,1.135972306653264,0.4293571742372772,5.694136248883175,7.795334564913801,15,8,7,0.8072725619785562,False
real_vs_rest,149,0.4959630332832333,0.6144241166170122,-0.7294368494758906,0.7600901578705085,0.1962544348699097,-1.1503607488297045,-0.3085129501220766,-0.8326696644141736,0.9034942298298483,0.3194334483378014,-1.5880097431236493,-0.07732958570469772,-0.43852587470614074,0.7431673562263128,0.28089085815373893,-1.1258410444008076,0.24878929498852614,15,8,7,0.8072725619785562,False
real_vs_rest,77,0.4688870766544134,0.6306980468564103,0.20235498916093284,1.038964385257013,0.2682594507602025,-0.37300430973769116,0.7777142880595569,0.566188775829227,0.7251623717280881,0.2563836152551255,-0.04006213851407636,1.1724396901725305,0.5544326852767097,1.2213841717401717,0.46163982481358545,-0.5751592730201441,1.6840246435735637,15,8,7,0.8115779610503313,False
real_vs_rest,13,0.4582176793665791,0.6372374948059241,-0.18742340816723696,1.7028220000371905,0.43966674984664295,-1.1304148003584038,0.75556798402393,-0.1730749639249301,2.1699629736994344,0.7671977668132979,-1.9872094090994799,1.6410594812496198,-0.9564911125046959,1.8802403375262333,0.7106640483037943,-2.6954233944819177,0.7824411694725258,15,8,7,0.8115779610503313,False
real_vs_rest,166,0.45610277620054385,0.63854238147042,0.12766292211047692,0.775941968804166,0.20034735485346197,-0.3020394175387727,0.5573652617597266,0.379861813571473,1.1988020558116195,0.42384053148238504,-0.6223617859797496,1.3820854131226956,-0.054441392566954586,0.6949900132578297,0.2626815341076714,-0.6971999514519597,0.5883171663180505,15,8,7,0.8115779610503313,False
real_vs_rest,25,0.449819342832667,0.642436193121209,-0.010712447476484215,1.344047414539848,0.34703155020173115,-0.7550210966366363,0.7335962016836678,0.5048058953933235,1.4909633891530047,0.5271351614854834,-0.7416706913225292,1.7512824821091764,0.3817828635122188,1.1606402221350027,0.4386807699125687,-0.6916303112562491,1.4551960382806866,15,8,7,0.8115779610503313,False
real_vs_rest,7,0.4397928912893079,0.6487024477628957,-2.044059831494573,1.8777551903452059,0.4848343053641013,-3.083925995485373,-1.004193667503773,-1.394784253883347,1.7716362189805592,0.6263679921184243,-2.875909198468051,0.08634069070135686,-2.1116363484542275,1.3141770324778181,0.4967122295213086,-3.327047389478562,-0.8962253074298929,15,8,7,0.8115779610503313,False
real_vs_rest,104,0.4374776375893586,0.6501587270079598,2.4246485020029813,1.2996790934307156,0.33557569895140765,1.7049102101032898,3.144386793902673,2.9422047130222797,1.3557474926083717,0.47932912280001916,1.8087714447546588,4.0756379812899,2.87823318838976,1.7797856487568682,0.6726957448017752,1.2322059982194982,4.524260378560022,15,8,7,0.8115779610503313,False
real_vs_rest,177,0.43253108526592565,0.6532818542803798,0.2505490965018119,1.0120000371627713,0.26129728601951335,-0.30987784414189123,0.810976037145515,-0.17692663160686883,1.2853499653004004,0.4544398383309033,-1.2515060942140268,0.897652831000289,0.15796725348498913,0.8545589574042252,0.3229929259906026,-0.6323679649574092,0.9483024719273876,15,8,7,0.8115779610503313,False
real_vs_rest,32,0.42348125207225923,0.6590374748093071,-1.1131154765419782,0.9905562213005805,0.25576051657195314,-1.6616672277804843,-0.5645637253034722,-1.3729780365621207,1.0127555135318356,0.3580631456512126,-2.2196628343705775,-0.5262932387536641,-1.5031173555763588,0.972359751475647,0.36751744104187606,-2.4024001375642015,-0.6038345735885163,15,8,7,0.8115779610503313,False
real_vs_rest,98,0.4223330202274305,0.6597716256905483,-0.7843656540417616,0.5412431177791209,0.13974837209386098,-1.0840961021668587,-0.48463520591666465,-1.1190937637152505,1.2201117931750878,0.43137466137989144,-2.139132749536767,-0.09905477789373407,-0.6762981863921951,1.461145842971906,0.5522612185284995,-2.0276327069373474,0.6750363341529573,15,8,7,0.8115779610503313,False
real_vs_rest,18,0.40772192268865237,0.6691906947305193,-1.3663008585415561,1.6677424146621753,0.43060923985002325,-2.2898658238662906,-0.4427358932168215,-0.7976106079791945,1.4240468007257607,0.5034765747600968,-1.9881435267657868,0.3929223108073978,-1.0819249609943937,0.8232801924095112,0.3111706640629961,-1.8433321466187917,-0.3205177753699957,15,8,7,0.8115779610503313,False
real_vs_rest,130,0.4065084194727542,0.6699794519775332,0.999590647137468,1.279948635921824,0.3304813167284083,0.29077871841283043,1.7084025758621055,0.6507726123494975,1.1332102086873153,0.40065031153631164,-0.2966148307174692,1.598160055416464,0.5113437336852722,1.4805186874830671,0.5595834654948503,-0.8579076797388541,1.8805951471093985,15,8,7,0.8115779610503313,False
real_vs_rest,156,0.4037038476683061,0.6718062010916631,0.22010894883607074,1.7452904948222634,0.45063206804938183,-0.7464007118651133,1.1866186095372548,0.8171511374717089,2.3756775726411328,0.8399288607636709,-1.168965016302766,2.8032672912461836,0.006780821868227387,1.4052286196694135,0.5311264946908336,-1.2928388924478638,1.3064005361843187,15,8,7,0.8115779610503313,False
real_vs_rest,89,0.3905614682482111,0.680438010357967,-0.39762531731288936,0.8636529149049222,0.22299422375535033,-0.8759003599059288,0.08064972528015013,0.0015609308942393652,1.2134250530900712,0.4290105417508179,-1.012887800318703,1.016009662107182,-0.23060983189204423,1.1644261693484117,0.4401117234559256,-1.3075244238441899,0.8463047600601015,15,8,7,0.8165256124295603,False
real_vs_rest,86,0.38129350452878136,0.6865967214472539,-1.0869131911178074,1.0548103837843508,0.2723508699868963,-1.671047711508535,-0.5027786707270797,-0.7965827880541883,1.0866361627872112,0.3841838996946831,-1.7050333543437253,0.11186777823534888,-1.223875938885962,0.6438022924516339,0.2433343941886142,-1.8192937518172658,-0.6284581259546581,15,8,7,0.8184596679503688,False
real_vs_rest,24,0.3605836336203303,0.7005762105482136,5.344846807504443,0.962840523917317,0.2486043542790262,4.811643497888387,5.8780501171205,5.740339661217786,1.64161352067642,0.5803980262789096,4.36791641270209,7.1127629097334815,5.703880188533593,1.1948065329563902,0.4515944215768439,4.598868446466252,6.808891930600934,15,8,7,0.8287998883023829,False
real_vs_rest,90,0.35487973706162057,0.7044799050570255,0.16298941799712097,1.0784495488870194,0.27845447617095515,-0.434236035685469,0.7602148716797109,-0.1069210621639265,1.0682153254706974,0.3776711502038625,-0.9999714230629208,0.7861292987350678,-0.1844821948130247,0.7435909656511178,0.2810509674667471,-0.8721891378831701,0.5032247482571206,15,8,7,0.8287998883023829,False
real_vs_rest,96,0.34061795188581906,0.7143431487599141,-1.2371133245772252,1.1548922912916946,0.29819190738907053,-1.8766713579901224,-0.5975552911643282,-0.8782093433331104,0.8203641764633288,0.29004253610986863,-1.5640509582119817,-0.19236772845423922,-1.305370138353013,1.365232096820586,0.516009230010075,-2.5679992385648607,-0.042741038141165255,15,8,7,0.834946537511588,False
real_vs_rest,162,0.32107440961527395,0.7281007954263863,-1.1190871806773168,1.0573179993137298,0.2729983335324947,-1.704610372261556,-0.5335639890930776,-1.469140630640632,0.867872671786835,0.30683932571347894,-2.1947003415651016,-0.7435809197161625,-1.1283792695394335,1.211892292010401,0.4580522314936557,-2.249192703224663,-0.007565835854204117,15,8,7,0.8415305641838777,False
real_vs_rest,20,0.31628350703163777,0.7315165985192448,-0.9002290132463293,1.9136476314453115,0.49410169380646396,-1.959971748600072,0.15951372210741344,-0.3544072807478289,2.5917814884222277,0.9163331329085602,-2.5211908293614043,1.8123762678657462,-1.1634018521031761,1.584673161783397,0.5989501564853275,-2.6289800882522636,0.3021763840459111,15,8,7,0.8415305641838777,False
real_vs_rest,168,0.31281311115659344,0.7340016587603823,0.12143493076410647,1.4041698924599948,0.3625551072495613,-0.6561684369013643,0.8990382984295773,0.23438240807439864,0.8349935124424193,0.29521478744740426,-0.4636896377525424,0.9324544539013397,-0.2768107755280065,1.566626691941306,0.5921292320217847,-1.7256988107714861,1.1720772597154732,15,8,7,0.8415305641838777,False
real_vs_rest,135,0.3003160734464176,0.7430258529990146,-0.4038931732892354,0.829121949503713,0.2140783668268605,-0.8630456046306703,0.05525925805219939,-0.33339720653713795,0.5344037771331319,0.188940267351271,-0.7801699448183776,0.11337553174410175,-0.6087303986965819,0.6100492597320408,0.23057694696428999,-1.1729318628243304,-0.044528934568833445,15,8,7,0.8464851489862192,False
real_vs_rest,121,0.27856724137776834,0.7590162341382329,-0.1849825306660603,1.4099289548374514,0.3640420907614052,-0.9657751607728872,0.5958100994407666,-0.31454885023070805,2.0589634296389456,0.7279535016564046,-2.0358853542793303,1.406787653817914,-0.7109622366041858,1.0715699742641003,0.40501538061524184,-1.7019991713276152,0.2800746981192437,15,8,7,0.8592636612885656,False
real_vs_rest,14,0.2646931882062383,0.7694096788261293,-0.9636657686411475,0.8657164427955923,0.22352702436568367,-1.4430835548905443,-0.4842479823917506,-0.763920054440578,0.6973341571108114,0.24654485562303,-1.3469059991522363,-0.18093410972891966,-0.7207611609332909,0.9085734546693591,0.3434084869842773,-1.561051457518885,0.11952913565230328,15,8,7,0.8629019769304862,False
real_vs_rest,128,0.2607979691940254,0.7723551051831508,1.828758000935935,1.2688649995273507,0.32761953411699407,1.1260839854599733,2.5314320164118964,1.9333504079168757,2.2069504580689383,0.7802748173216517,0.08829365197096872,3.7784071638627825,1.3483240924809896,1.8493056409326682,0.6989718320081071,-0.3619983668761646,3.0586465518381436,15,8,7,0.8629019769304862,False
real_vs_rest,62,0.249442345119742,0.7810111558254391,-0.5542022616888505,0.7994770371864917,0.20642408337990198,-0.996937887787699,-0.11146663559000192,-0.8886880574000469,1.4924478068541123,0.5276599823967667,-2.136405648370463,0.35902953357036926,-0.7406100341710048,1.1886543607594433,0.44926911905456285,-1.839931965939079,0.35871189759706945,15,8,7,0.8629019769304862,False
real_vs_rest,102,0.24892800674638904,0.7814056791092736,1.0716116723558868,1.6954286321395082,0.43775779046396907,0.13271459083645465,2.0105087538753192,0.8449412759205357,0.667554508303397,0.2360161598164917,0.2868517406506611,1.4030308111904102,0.6105272342218809,1.5111082537562768,0.5711452347908847,-0.7870148095129162,2.008069277956678,15,8,7,0.8629019769304862,False
real_vs_rest,67,0.2313618418258846,0.7950091333765467,0.19658859298392983,0.8774449929543797,0.22655532299502645,-0.28932424785272126,0.6825014338205809,-0.08855690742642393,0.7984714925445802,0.2823023034812082,-0.7560957805185949,0.578981965665747,0.1759334789520965,1.3809635482192537,0.5219551597476427,-1.101244787200681,1.453111745104874,15,8,7,0.8725710000474293,False
real_vs_rest,29,0.21526209547974806,0.8077005382820744,-1.071932492369778,0.974484598386131,0.25161084137900724,-1.6115840754952708,-0.5322809092442851,-1.2219785065393347,0.8710374752444989,0.30795825270649735,-1.9501840593672575,-0.49377295371141194,-1.3823695062371948,1.366695532533919,0.5165623567182478,-2.646352058746455,-0.11838695372793429,15,8,7,0.8811278599440813,False
real_vs_rest,5,0.20292983587198382,0.8175691884181707,-0.9986033774265259,1.4336763698107198,0.3701736469418682,-1.79254688760543,-0.20465986724762186,-0.5757139537401124,1.9102529770529193,0.6753764169279548,-2.1727254081617935,1.0212975006815688,-0.9449887202932479,1.3461098601686792,0.5087817039111794,-2.189932701239248,0.29995526065275246,15,8,7,0.8816127402781062,False
real_vs_rest,34,0.19922515628505558,0.8205590226665811,-0.31462081475947,1.149376331278609,0.29676769263780206,-0.9511242113331103,0.3218825818141703,-0.40765485856889433,1.0410266783535382,0.36805851182994687,-1.2779749416471362,0.4626652245093476,-0.07166972890463409,0.8701390895411428,0.3288816624231468,-0.8764141663120942,0.7330747085028261,15,8,7,0.8816127402781062,False
real_vs_rest,76,0.19476395900391757,0.8241749933194227,0.2927164124907454,1.089108526790436,0.28120661243145684,-0.3104117864067044,0.8958446113881953,0.5218685061281484,1.0744088116465569,0.3798608782409302,-0.3763597387916888,1.4200967510479856,0.15559531572971733,1.4018974272730693,0.529867422312257,-1.1409435594617856,1.4521341909212204,15,8,7,0.8816127402781062,False
real_vs_rest,112,0.1854065258360565,0.8318152696937904,-0.8664461739585189,0.8916427736950455,0.23022117421913998,-1.3602214837005357,-0.3726708642165019,-0.6786395393638824,1.1621297390675118,0.4108749095565953,-1.6502043148723993,0.2929252361446345,-0.6368833656565934,0.7478579571936315,0.2826637386764481,-1.3285366177129414,0.054769886399754664,15,8,7,0.8816127402781062,False
real_vs_rest,110,0.18214726485636537,0.834494266729476,-0.19711825817689682,0.9109532738351852,0.23520712391578646,-0.701587366454909,0.30735085010111535,-0.023631572461399714,0.46212840072587447,0.16338706296608002,-0.4099805839475098,0.3627174390247103,-0.06001386679002064,0.3806877715739758,0.14388645296401484,-0.41209133376688306,0.2920636001868418,15,8,7,0.8816127402781062,False
real_vs_rest,28,0.16920490740928765,0.8452242486857787,-0.3289739765209301,1.2523923488558757,0.3233663140024264,-1.0225257421143827,0.3645777890725226,-0.23179306565759297,1.364588452162548,0.48245487402649617,-1.3726175610797875,0.9090314297646015,-0.0032936127354592504,0.9500537319040129,0.35908655810954987,-0.8819467673605769,0.8753595418896584,15,8,7,0.8816127402781062,False
real_vs_rest,94,0.16626447015787607,0.8476826451288066,0.12228083841126214,0.9104383685624973,0.23507417594605348,-0.381903124831081,0.6264648016536053,0.07466389622590183,1.0972184893081893,0.38792531711654,-0.8426337164346899,0.9919615088864936,-0.14440369980347398,1.1683196091981867,0.4415833053969389,-1.224919123047016,0.9361117234400681,15,8,7,0.8816127402781062,False
real_vs_rest,54,0.1621909444647521,0.8511010747998898,-0.566066241758917,1.4699131842910882,0.3795299522086732,-1.3800770309221595,0.2479445474043256,-0.8587253569604685,0.9266300643251859,0.3276132010678328,-1.6334074773474088,-0.08404323657352808,-0.8358000814078469,1.5018833534891276,0.5676585502228491,-2.2248105153519133,0.5532103525362194,15,8,7,0.8816127402781062,False
real_vs_rest,93,0.16085470118961717,0.8522256489355027,-0.08056030121168879,1.0519775663889253,0.271619439680541,-0.663126059618206,0.5020054571948285,0.16043016572690633,1.0654081026482782,0.3766786470568454,-0.730273298160869,1.0511336296146818,0.03282728212051838,0.6305066287259287,0.2383091056552201,-0.5502940927430006,0.6159486569840372,15,8,7,0.8816127402781062,False
real_vs_rest,174,0.14587307002985947,0.8649439323076454,5.6567881723721305,0.8659314625071625,0.22358254221648483,5.177251312175393,6.136325032568868,5.860052808463425,1.6349655806981638,0.5780476245591365,4.49318737685529,7.2269182400715595,5.937128700252083,1.4472961063750793,0.5470265101343633,4.598603049713831,7.275654350790336,15,8,7,0.8896566160878638,False
real_vs_rest,3,0.10349236363081776,0.9020388508303239,0.1939250049909698,1.3037295009925776,0.3366215096869039,-0.5280563278522958,0.9159063378342354,0.2715614360484082,1.781136145478937,0.6297267233423126,-1.217505645842884,1.7606285179397003,-0.054630921401287384,1.3696878599715248,0.5176933501812735,-1.321380915218793,1.212119072416218,15,8,7,0.9225397338037403,False
real_vs_rest,101,0.07589008987182412,0.9271150803947811,0.7985538140310757,1.7794273761051564,0.4594461728960555,-0.18686022141116587,1.7839678494733173,0.7896875868884179,0.993340798336572,0.35119900726652437,-0.04076610282931603,1.6201412766061518,0.5443088850110179,1.2287648506392292,0.46442945922411805,-0.5921090627853302,1.6807268328073661,15,8,7,0.9428288953167265,False
real_vs_rest,4,0.03777757546632284,0.9629778999292133,-1.0965245040264553,1.396937242068269,0.3606876449484883,-1.8701225634083962,-0.32292644464451425,-1.148113476549859,1.756355874500987,0.6209655745182383,-2.6164637334599314,0.3202367803602133,-1.279291822588957,1.165405182129014,0.4404817555056152,-2.3571118503487916,-0.20147179482912225,15,8,7,0.9737978763329124,False
real_vs_rest,170,0.029041721506962943,0.9714062370610523,-0.26971303549230097,0.9842941110950508,0.25414364666941097,-0.8147969456877395,0.2753708747031376,-0.3816048564089325,1.2247988943711892,0.4330318018998269,-1.4055623568921853,0.6423526440743204,-0.34902828003491876,1.314696028689057,0.49690839165078327,-1.5649193124986107,0.8668627524287733,15,8,7,0.9768330875474269,False
real_vs_rest,1,0.012968327183805152,0.9871215438752464,-1.7956572883285626,1.5161849507510095,0.3914772709352648,-2.63529252765291,-0.9560220490042153,-1.6890883302259843,1.9773615415475034,0.6991028774428624,-3.3422039485856745,-0.03597271186629403,-1.799431933429377,1.3813500137090413,0.5221012299728266,-3.076967620547256,-0.5218962463114976,15,8,7,0.9871215438752464,False
fake_vs_rest,125,18.378873744074387,9.16675836710343e-06,6.169048244620945,0.9785031444096783,0.252648425500685,5.627171264883683,6.710925224358207,4.101153034059211,1.191858186288138,0.4213855028685209,3.1047346547066854,5.097571413411735,4.0411961891477555,0.37884655685854357,0.14319053921439964,3.6908215617722013,4.39157081652331,15,8,7,0.0016500165060786174,True
fake_vs_rest,129,13.527073005005498,8.51567690820042e-05,2.8574206475000525,1.0286492730412207,0.2655961002384676,2.2877736673457045,3.4270676276544005,1.312549353679632,1.1351691696263866,0.40134290881836004,0.3635241782829465,2.2615745290763174,0.6508361613012926,0.765574508244316,0.2893599655578612,-0.05720216766914077,1.358874490271726,15,8,7,0.007004382585960106,True
fake_vs_rest,107,12.743177712383066,0.00012670220880630866,4.916583666043386,1.0982312124663531,0.283562079744491,4.308403492209115,5.524763839877657,3.2202799564052045,1.2592688370450917,0.4452187670057409,2.167504862679192,4.273055050131217,2.8309473482359024,0.32557835422065384,0.12305705107622093,2.5298375915905447,3.13205710488126,15,8,7,0.007004382585960106,True
fake_vs_rest,123,12.346169452686299,0.00015565294635466902,2.581439525496228,0.8619211200103554,0.22254707623630338,2.1041235189495757,3.05875553204288,1.5372994812346592,0.7661088819515052,0.27086039277757673,0.8968164276768543,2.177782534792464,0.8811146640887687,0.6059015835509843,0.22900927272230404,0.3207491606424705,1.441480167535067,15,8,7,0.007004382585960106,True
fake_vs_rest,81,8.261162926251188,0.0015878062877634931,1.5399816856187944,1.3601146080971138,0.35118008173956994,0.7867753212418785,2.2931880499957105,0.06587788673609747,0.847945894030362,0.29979414587407927,-0.6430226210832951,0.7747783945554901,-0.6715723205632028,1.4665763665571416,0.5543137635135573,-2.0279292377573013,0.6847845966308955,15,8,7,0.05716102635948576,False
fake_vs_rest,175,7.780039654895017,0.0021472273497311,6.021931189945682,1.0540928174309374,0.27216559515112504,5.438194044556322,6.605668335335041,4.339832869651985,1.237214315255154,0.4374213160489952,3.3054958175588984,5.374169921745071,4.784073774263737,0.7431375216840916,0.28087958175671085,4.096786196918596,5.471361351608878,15,8,7,0.06169685117827143,False
fake_vs_rest,139,7.605774050902788,0.002399321990266111,2.106098663331937,1.327008961851304,0.34263224063453956,1.3712255947675271,2.840971731896347,0.921386256475124,0.8046849164553168,0.2844990805720425,0.2486528309986228,1.594119681951625,0.26262633348631825,0.7448673589009267,0.28153339876876365,-0.4262610764540946,0.9515137434267311,15,8,7,0.06169685117827143,False
fake_vs_rest,75,7.111101032465548,0.003304758898978081,1.6098519624440732,1.2536265069463082,0.3236849722511485,0.9156167428807662,2.3040871820073803,0.490846445003859,1.0194665301771073,0.3604358483404763,-0.36144890312544997,1.343141793133168,-0.2660847762640356,0.9699523238268485,0.3666075189192901,-1.1631410590265037,0.6309715064984324,15,8,7,0.07435707522700681,False
fake_vs_rest,79,6.198191977051741,0.006091860325824787,1.7232475896732202,1.804910926874013,0.46602599741138967,0.7237212342016547,2.7227739451447857,0.08406136460680838,0.7353605270732205,0.259989207655194,-0.5307154209670557,0.6988381501806724,-0.27775723834276284,0.9193894431676013,0.34749654637708927,-1.1280506559048131,0.5725361792192876,15,8,7,0.11128221283061301,False
fake_vs_rest,128,6.176690132664452,0.006182345157256278,2.3016124372692337,0.8335805793225323,0.2152295800958732,1.8399908990334661,2.7632339755050013,1.4433613167954813,1.0812607673836736,0.38228341042398284,0.5394046935253338,2.3473179400656288,0.8806367155606767,0.9368288024509337,0.3540880046182326,0.01421458071204551,1.7470588504093079,15,8,7,0.11128221283061301,False
fake_vs_rest,130,5.953528232487645,0.007211535573925317,1.0557040814983318,1.021641275764588,0.2637866431222899,0.48993800087912,1.6214701621175438,0.11128948652450824,0.8144740387303974,0.28796005794332935,-0.5696278499783517,0.7922068230273681,-0.5519763687108532,1.3667982284983928,0.5166011721443403,-1.8160538991462267,0.7121011617245203,15,8,7,0.11800694575514155,False
fake_vs_rest,12,4.851670267992613,0.015844746988853367,2.0663873357965015,1.3164765540031254,0.33991278462177554,1.3373469202866457,2.7954277513063572,0.8971421192327227,0.8116006969243451,0.2869441782054662,0.21862695659471576,1.5756572818707295,0.7734507815594563,0.6710573860504042,0.25363585127749055,0.15282621119331952,1.394075351925593,15,8,7,0.23767120483280052,False
fake_vs_rest,45,4.562139325815192,0.01963911155753171,-1.3752844375492626,1.3782536992128946,0.35586357492668713,-2.138535895766861,-0.612032979331664,-0.12445383915985678,1.10901392869949,0.3920956347068718,-1.0516126859313912,0.8027050076116776,0.42110032162430105,1.7503161101507068,0.6615573061726724,-1.1976720910611582,2.0398727343097605,15,8,7,0.27192616002736214,False
fake_vs_rest,116,4.316901795162909,0.023619535944148656,-2.027270852353358,1.1351993963296059,0.29310722377395176,-2.6559233240362743,-1.3986183806704413,-0.6152158092983262,0.8343246575439898,0.29497831153024956,-1.3127286784366456,0.08229705983999325,-1.0949751572538595,1.465406846826747,0.5538717266049847,-2.4502504490977284,0.2603001345900091,15,8,7,0.2984718374458056,False
fake_vs_rest,169,4.2488070242827165,0.024872653120483798,0.3278954990847854,1.3252414837760285,0.34217587975785096,-0.40599877274641655,1.0617897709159874,-0.36992673016430433,0.8799219980388802,0.31109940586425405,-1.1055599299270258,0.3657064695984171,-1.207937860153311,1.0470640073960267,0.3957529957623688,-2.17631055561038,-0.23956516469624245,15,8,7,0.2984718374458056,False
fake_vs_rest,38,3.751387827738567,0.03650743772691812,-1.32140942049116,1.3442430457257202,0.3470820619567233,-2.0658264065910026,-0.5769924343913173,-0.27212133989815834,0.8319280768950941,0.29413099231600226,-0.9676306174736281,0.4233879376773114,0.12198257087870494,1.4714088670518572,0.5561402770163593,-1.2388436638516758,1.4828088056090858,15,8,7,0.4107086744278288,False
fake_vs_rest,117,3.3160649732643077,0.05154977680549918,-1.4511909842192696,0.934080459758153,0.2411785376440729,-1.96846750116976,-0.9339144672687791,-0.3856399377569605,1.0362686120742408,0.3663762813642337,-1.251982177879209,0.480702302365288,-0.5037302376504135,1.3936804243002423,0.5267616871139172,-1.7926696525785806,0.7852091772777537,15,8,7,0.5208243882066401,False
fake_vs_rest,26,3.303264794626694,0.05208243882066401,0.49744939953692474,1.1048302482421797,0.2852659434552112,-0.11438519850212531,1.1092839975759747,0.16385934996148935,1.1651364401872393,0.41193793893197556,-0.8102190905882073,1.137937790511186,-0.9321875813658097,1.50706052191593,0.5696153359589654,-2.3259860975177307,0.46161093478611115,15,8,7,0.5208243882066401,False
fake_vs_rest,145,3.2178792966332415,0.05579045113413976,-0.39637109694336753,1.0581518481472174,0.27321363237551816,-0.9823560586200475,0.1896138647333125,-1.1610236428309026,1.2452304936013832,0.44025546308290486,-2.2020623877329513,-0.11998489792885425,-1.6793173102685763,1.2618932217561558,0.47695080655498134,-2.8463738912411163,-0.5122607292960364,15,8,7,0.5285411160076399,False
fake_vs_rest,178,3.054114516752022,0.06371995779344587,1.800226632155442,1.1347890371135538,0.29300126947996963,1.1718014098317862,2.428651854479098,0.8687514822798901,0.7621504996235785,0.2694608932842738,0.23157771916404113,1.505925245395739,1.0964250204701542,0.4721170958357789,0.17844348932621698,0.6597895316781714,1.533060509262137,15,8,7,0.5734796201410128,False
fake_vs_rest,124,2.9629938891497014,0.0686494157430872,5.585622597666626,1.2145130506157333,0.31358592125242,4.913047688245995,6.2581975070872575,4.30717518913222,1.4291822083460668,0.5052922155363345,3.1123489621339555,5.502001416130485,4.852399105205514,0.9949941086941066,0.37607242393985374,3.932183034178267,5.77261517623276,15,8,7,0.588423563512176,False
fake_vs_rest,76,2.8420879913155828,0.07583226416775453,1.4028569678992624,1.261146464521848,0.3256266169480987,0.7044573346372703,2.1012566011612543,0.3827908192744345,1.2662758784663803,0.447696130258265,-0.675842307678501,1.44142394622737,0.2283669240896817,1.2532484202658214,0.4736833787154177,-0.9306945489794689,1.3874283971588324,15,8,7,0.6204457977361735,False
fake_vs_rest,46,2.68217401822262,0.08659806109053336,-1.144596189200987,1.1022149462059816,0.2845906753731114,-1.7549824812467736,-0.5342098971552005,-0.41291313493800585,1.3809008697725784,0.48822218458129585,-1.5673751527645465,0.7415488828885349,0.1969551299699381,1.613561866652552,0.6098690605971168,-1.295340702051802,1.6892509619916782,15,8,7,0.6289883012122967,False
fake_vs_rest,143,2.668042716835361,0.08762546336118361,-0.6316719493588252,1.3279298349052802,0.3428700090346743,-1.367054980422652,0.10371108170500143,-0.017403463212385673,1.2690323644227177,0.4486706952142508,-1.0783410700949976,1.0435341436702263,0.7781325693269869,1.463589332152535,0.5531847706289598,-0.5754618017979314,2.1317269404519053,15,8,7,0.6289883012122967,False
fake_vs_rest,74,2.6283336109133257,0.09058319812230507,0.21832034445439635,1.4322819519538683,0.36981360979938555,-0.5748509628541549,1.0114916517629475,-0.19935731837210588,0.7691394665221609,0.27193186622801174,-0.8423740040357472,0.44365936729153543,-1.112560439089741,1.3266986549117248,0.5014449579457606,-2.339552049384118,0.11443117120463597,15,8,7,0.6289883012122967,False
fake_vs_rest,73,2.609483124886656,0.09202465340548614,0.4351205106593709,1.2760192978292138,0.3294667659954551,-0.2715154231590114,1.1417564444777533,-0.1623096830326312,1.1322066456961857,0.40029549843812384,-1.1088581264428403,0.7842387603775778,-0.9300015247661965,1.5839085715514376,0.598661168541237,-2.3948726328900505,0.5348695833576577,15,8,7,0.6289883012122967,False
fake_vs_rest,86,2.5797543938476912,0.0943482451818445,-1.3439093929196206,1.1532384848355277,0.29776489639823156,-1.9825515788437718,-0.7052672069954695,-0.21229209976203914,0.9471525831497148,0.3348690071817593,-1.0041314752508255,0.5795472757267471,-0.8089663763344408,1.3307166805855932,0.5029636289021219,-2.0396740405899276,0.42174128792104626,15,8,7,0.6289883012122967,False
fake_vs_rest,174,2.191396337625542,0.1312424658996923,5.018172165484888,1.044812281903789,0.26976937118175626,4.4395744093663,5.596769921603475,3.9688912825650973,1.5364482495206422,0.5432164880891233,2.684388400964494,5.253394164165701,4.384561831101024,0.9971551980015011,0.376889238921049,3.462347085816098,5.30677657638595,15,8,7,0.780393619452586,False
fake_vs_rest,110,2.1447442610943357,0.1366254334579994,0.785163848366989,1.237122612443269,0.31942368501395957,0.10006818094339887,1.4702595157905791,0.12357378442085708,0.35994895888413436,0.1272611748540046,-0.17735107592511196,0.42449864476682614,0.020719602856589806,0.5299756626574037,0.20031197204402157,-0.4694261354641482,0.5108653411773278,15,8,7,0.780393619452586,False
fake_vs_rest,64,2.119472549311167,0.13964003793418603,-0.29633541506698413,1.83947700129767,0.47495091945049567,-1.3150038245187283,0.7223329943847601,1.2003099169704436,1.5652378848054487,0.5533951612580104,-0.10826170205434704,2.5088815359952346,0.38462073428428617,1.3414213726534219,0.5070096221982647,-0.8559871189171859,1.6252285874857584,15,8,7,0.780393619452586,False
fake_vs_rest,83,2.0204120417646028,0.15216404395391456,0.23837092018089526,1.2430241153435853,0.32094744651066087,-0.4499928906163816,0.926734730978172,-0.3956425018785704,0.855517801089647,0.30247121928814663,-1.110873282416161,0.3195882786590202,-0.9040684887152936,1.7192996668326728,0.649834192519351,-2.494155475670121,0.686018498239534,15,8,7,0.780393619452586,False
fake_vs_rest,63,2.019248816144374,0.15231808715463066,0.24475287348768066,1.2070274418900966,0.31165314539037897,-0.423676643993316,0.9131823909686774,-0.4094474906892919,1.4697545208407319,0.5196366941830332,-1.6381930197719952,0.8192980383934112,-1.0125590966849598,1.7057668772348191,0.6447192788306536,-2.59013034071733,0.5650121473474103,15,8,7,0.780393619452586,False
fake_vs_rest,27,2.017350007866648,0.15256990179705204,-1.0512451149434008,1.6078693570484888,0.4151500828484016,-1.941653486124626,-0.1608367437621756,0.059258254375155,1.1736006313317016,0.41493048240972974,-0.9218964270559851,1.040412935806295,0.012446506705754106,1.5112620880489223,0.5712033786882352,-1.3852378100205416,1.41013082343205,15,8,7,0.780393619452586,False
fake_vs_rest,133,2.012757123198976,0.15318084802729512,0.3831379230149718,0.8371703376744357,0.21615645171679526,-0.08047155713475823,0.8467474031647018,-0.2156725427779113,1.1648329782500795,0.4118306489351767,-1.189497282799224,0.7581521972434013,-0.3762231600095737,0.8336239301632968,0.31508022945205133,-1.1471967075172773,0.39475038749812985,15,8,7,0.780393619452586,False
fake_vs_rest,104,2.0027714399036354,0.1545182311752534,2.62137671458884,0.8195374761067775,0.21160366643696055,2.1675319877002472,3.0752214414774324,1.898651953662516,1.0005417671425751,0.3537449342034432,1.0621781033669604,2.7351258039580717,2.066694573291003,0.9386925993838029,0.3547924536437607,1.1985487137732798,2.9348404328087265,15,8,7,0.780393619452586,False
fake_vs_rest,24,1.9831283542974185,0.1571857727836324,4.879160471806342,1.0297719042970195,0.26588596238231027,4.308891799184549,5.4494291444281355,3.89693679403849,1.5725890334937251,0.5559941848015059,2.582219460912289,5.211654127164691,4.200905053266763,1.0204352817674835,0.3856882835132692,3.2571598214903803,5.144650285043146,15,8,7,0.780393619452586,False
fake_vs_rest,82,1.9328626118335739,0.1642397442050502,0.6138794869374676,1.1854041482959365,0.30607003499168994,-0.04257544968324534,1.2703344235581806,0.16624668737085332,0.6048854915367622,0.21385931645350126,-0.33945023874415137,0.6719436134858581,-0.2493050126272511,0.7989347798428698,0.30196896303205323,-0.9881964469483421,0.4895864216938398,15,8,7,0.780393619452586,False
fake_vs_rest,166,1.9175003302057287,0.16646285091799617,0.26266421012471786,0.7582337375585267,0.19577510920645194,-0.15723163792693456,0.6825600581763702,-0.2550352776696301,1.1823800169614485,0.4180344639664526,-1.2435297091662938,0.7334591538270335,-0.5501146089047785,1.0905163247134104,0.4121764279782635,-1.5586739952873963,0.4584447774778392,15,8,7,0.780393619452586,False
fake_vs_rest,25,1.8949946515961456,0.16977825002690558,0.23594401937054668,1.2234602052677948,0.31589606664997844,-0.4415856591459224,0.9134736978870157,-0.049187397291203666,0.7235678456834469,0.2558198651656533,-0.6541052545011036,0.5557304599186962,-0.631142129920815,0.3970823042335101,0.15008300386090828,-0.9983820107235091,-0.26390224911812094,15,8,7,0.780393619452586,False
fake_vs_rest,120,1.8332577120058033,0.1792425034251583,0.24010540115677342,1.2261090335296907,0.3165799911663309,-0.43889114955790903,0.9191019518714558,1.0341684206229114,0.9638256948658778,0.34076384236074914,0.22838997491074353,1.839946866335079,0.9321987288269986,0.765048052187564,0.2891609838718084,0.22464729050232868,1.6397501671516685,15,8,7,0.780393619452586,False
fake_vs_rest,127,1.8073509416773013,0.18338142653955003,-0.28539257584600863,1.364100266287165,0.3522091742591529,-1.0408061241595616,0.4700209724675445,-0.00975771745304449,1.0190959493894294,0.36030482824650406,-0.8617432522907007,0.8422278173846118,0.7544289011190148,0.9450394526122218,0.357191338679507,-0.11958681862221054,1.62844462086024,15,8,7,0.780393619452586,False
fake_vs_rest,171,1.7796879597808302,0.18791451365456094,0.6195177394013677,1.3117387233865065,0.3386894820167545,-0.10689895296594376,1.3459344317686792,0.09470061857046755,1.0504642629403846,0.3713952018596372,-0.783509482672028,0.9729107198129631,-0.4702785588530059,1.4488711795144857,0.54762183182345,-1.8102609090875281,0.8697037913815164,15,8,7,0.780393619452586,False
fake_vs_rest,148,1.7760376861111715,0.18852160984872438,-1.4084449122011349,1.2831026659292977,0.33129568377456725,-2.119003484525453,-0.6978863398768167,-0.5270679165002776,0.5606407670653057,0.19821644410075265,-0.9957753272854027,-0.0583605057151525,-0.6603432555258405,1.5006243162743407,0.567182678885463,-2.048189274254837,0.7275027632031558,15,8,7,0.780393619452586,False
fake_vs_rest,44,1.762670131851217,0.19076288475507658,-1.3521745014288769,1.4148542486536713,0.3653137961564317,-2.13569466833791,-0.5686543345198439,-0.46455235544529855,0.5639353608383049,0.19938125889982397,-0.9360141155529219,0.006909404662324814,-0.6599095230697755,1.1012919781852064,0.4162492421640609,-1.6784347267511324,0.35861568061158133,15,8,7,0.780393619452586,False
fake_vs_rest,37,1.7107318578864674,0.19974659445039394,-0.7268154552879772,1.4054841553310684,0.3628944484637084,-1.5051466374722124,0.05151572689625805,0.001923433421306353,0.8089493900945609,0.28600679968629283,-0.6743751812373411,0.6782220480799539,0.36927134580978976,1.8118735583764443,0.6848238346511061,-1.3064322111445508,2.0449749027641304,15,8,7,0.7878232339649851,False
fake_vs_rest,84,1.7018235110138054,0.20133260423549618,-1.3198908794517261,1.2753409199856558,0.3292916095894194,-2.0261511401421393,-0.6136306187613128,-0.468965249172513,0.5318561912329768,0.18803955971844352,-0.9136081523415741,-0.024322346003451845,-0.7430534303268301,1.1954850390360259,0.45185087276966696,-1.84869268585713,0.3625858252034697,15,8,7,0.7878232339649851,False
fake_vs_rest,122,1.5636340484119082,0.22774778495522915,-0.07789227529238758,0.9921395353482331,0.2561693265011781,-0.6273208366249838,0.47153628604020864,0.12244972801020196,0.5416304107527753,0.19149526817007126,-0.33036462717001225,0.5752640831904162,0.5832699158394347,0.6032660200456355,0.2280131233509225,0.025341902095480595,1.1411979295833887,15,8,7,0.859322484803089,False
fake_vs_rest,71,1.5191153895397627,0.23703206317792175,0.13560211957206586,1.262716373848774,0.3260319657933147,-0.5636669004971084,0.83487113964124,1.0761672687702488,1.4654402823063244,0.5181113805213653,-0.14897146663678873,2.3013060041772864,-0.08059980655716824,1.7196621889595238,0.6499712130039805,-1.6710220705596854,1.509822457445349,15,8,7,0.859322484803089,False
fake_vs_rest,54,1.5131442436599587,0.23830793416642168,-0.2425801809149512,1.192259422844192,0.3078400592689615,-0.9028314420428476,0.41767108021294524,-0.5341697860664346,0.41987109987061483,0.14844685097138294,-0.8851908099459465,-0.18314876218692272,-1.1195304808160231,1.3916624453791828,0.5259989627744753,-2.406603576518853,0.16754261488680688,15,8,7,0.859322484803089,False
fake_vs_rest,29,1.4935477962042998,0.24254725328540439,-1.3655095473890766,1.5978609967672293,0.41256593533559077,-2.2503754733852093,-0.48064362139294403,-0.3972699099488044,1.394733519110032,0.4931127646554404,-1.5632963120230239,0.7687564921254151,-0.39702151912745637,1.5388213401606767,0.581619796889183,-1.8201938929961337,1.0261508547412208,15,8,7,0.859322484803089,False
fake_vs_rest,136,1.4272404495967308,0.25750296818930657,-0.4076221843820535,0.9740840375862702,0.2515074170252069,-0.9470519443303089,0.13180757556620187,-0.34635451755903807,0.9434767005319993,0.3335693864188431,-1.1351207782739592,0.442411743155883,0.3136380963947686,0.9609378826977671,0.36320038042846414,-0.575081218816005,1.2023574116055422,15,8,7,0.859322484803089,False
fake_vs_rest,173,1.3452336335077555,0.277383661544892,4.348703653693925,1.034206677331379,0.26703101585606254,3.775979085624674,4.921428221763176,3.6041354297041606,1.5158856261132236,0.5359465028639379,2.3368233314757516,4.8714475279325695,3.772296526167484,0.7520885577588597,0.28426275538959717,3.0767306211655527,4.467862431169415,15,8,7,0.859322484803089,False
fake_vs_rest,141,1.344915467452956,0.2774639307450564,-0.553771420837828,1.4885072761059215,0.3843309260711199,-1.3780792748302877,0.2705364331546316,-0.03141571367781659,1.3016017988246913,0.4601857291767738,-1.119582049126125,1.0567506217704918,0.5717673234995269,1.798205551980554,0.6796578138165966,-1.0912954358515907,2.234830082850644,15,8,7,0.859322484803089,False
fake_vs_rest,96,1.3439038425265344,0.27771931650985593,-1.0252905527744105,1.0755112217061702,0.277695803355146,-1.6208888151011678,-0.4296922904476531,-0.4332904557212402,0.9063540831822421,0.32044455918713977,-1.19102143166611,0.32444052022362974,-0.4168776190492788,0.9271201648343332,0.35041848451783664,-1.2743207616762364,0.44056552357767886,15,8,7,0.859322484803089,False
fake_vs_rest,118,1.3322323431054217,0.28068412807399173,-0.20473676072688576,1.0711520024682375,0.2765702577877473,-0.7979209679040414,0.38844744645026996,0.29628256854024,0.6440203033545123,0.22769556186189654,-0.24213187901844563,0.8346970160989255,0.3193615512686084,0.40006605062435907,0.1512107539931187,-0.05063783469772165,0.6893609372349384,15,8,7,0.859322484803089,False
fake_vs_rest,111,1.3229932728628557,0.28305515538958564,-0.1245380982863736,1.5987890386660055,0.4128055547234937,-1.0099179567558474,0.7608417601831001,-0.6025406312132842,1.3544100183909749,0.4788562542556274,-1.734855743053021,0.5297744806264526,-1.2672668514108032,1.6203239344079938,0.612424881972755,-2.765816553046002,0.23128285022439576,15,8,7,0.859322484803089,False
fake_vs_rest,94,1.318091768381711,0.284321756945524,0.7514329387368885,1.1230061678194663,0.2899589457102003,0.12953285193496966,1.3733330255388074,0.4466074412766669,1.0077238689893568,0.3562841906629591,-0.39587079642407347,1.2890856789774072,-0.05280505526547578,1.079857325721419,0.40814770504144954,-1.0515065117490239,0.9458964012180723,15,8,7,0.859322484803089,False
fake_vs_rest,135,1.3021764229442738,0.2884766040128184,-0.19211183372631335,0.709017545459656,0.18306754304894052,-0.5847526630475004,0.20052899559487375,0.004804432271553541,0.6765256176597769,0.2391879259468229,-0.5607851381104827,0.5703940026535899,0.2767705681603908,0.3594169562875732,0.13584684047381307,-0.05563467573558373,0.6091758120563653,15,8,7,0.859322484803089,False
fake_vs_rest,43,1.2885189559612802,0.2920940180804206,-0.2511110425580759,1.2118436826703962,0.31289669341260734,-0.9222077052829346,0.41998562016678276,-0.4801359578699218,0.5715676770497203,0.2020796901744499,-0.9579784940107821,-0.002293421729061551,-0.9994878998943805,0.9277475610877747,0.35065561801213657,-1.857511287278844,-0.14146451250991687,15,8,7,0.859322484803089,False
fake_vs_rest,138,1.2786645686409779,0.294734368925127,-0.9483784744626126,0.9101716924670656,0.2350053204742909,-1.452414757405729,-0.44434219151949617,-0.7605763424486104,1.6310464119728036,0.5766619891679783,-2.1241652670069473,0.6030125821097264,-0.05657110606340614,1.3182358263002953,0.4982463093894743,-1.2757359052977584,1.162593693170946,15,8,7,0.859322484803089,False
fake_vs_rest,80,1.2674586478955652,0.29776803063247576,-0.04921288055945746,1.481646002286207,0.3825593527886184,-0.8697210877589371,0.7712953266400221,-0.9347242864337181,0.929179033062738,0.3285143976075106,-1.711537398013832,-0.15791117485360406,-0.6388926717809442,1.3743631191232064,0.5194604320427205,-1.9099665591471677,0.6321812155852793,15,8,7,0.859322484803089,False
fake_vs_rest,9,1.2645561171001227,0.29855925919944204,0.6309236482668935,1.229349017443794,0.31741655141575104,-0.04986714573438644,1.3117144422681735,0.12318688874416527,0.9128051697358394,0.32272536271117475,-0.639937330526756,0.8863111080150866,-0.11706897477133618,1.0061172673718155,0.380276582747672,-1.047572251809529,0.8134343022668565,15,8,7,0.859322484803089,False
fake_vs_rest,147,1.253784500760612,0.3015153957772938,-1.5370821022316044,1.5247237583392257,0.39368198157430684,-2.38144597558528,-0.6927182288779289,-0.571978886604426,0.6828174458328752,0.24141242313045205,-1.1428285569744716,-0.001129216234380337,-1.1476517829185904,1.6674118112602672,0.630222426532348,-2.689750507257938,0.3944469414207574,15,8,7,0.859322484803089,False
fake_vs_rest,70,1.1913511745348944,0.31928049234787537,0.7686239054520545,0.9047891875615032,0.23361556368361605,0.26756835437302084,1.269679456531088,0.731502637128225,1.6198676730108048,0.5727097081054064,-0.6227406277804434,2.0857459020368934,-0.09244651474087465,1.5275316765301694,0.5773527051246268,-1.505177691200936,1.3202846617191868,15,8,7,0.859322484803089,False
fake_vs_rest,100,1.145615582990445,0.33300661551167426,2.295005414269338,1.351822685900556,0.34903911663454884,1.546390963348968,3.043619865189708,1.8121033310977614,0.7029424045319915,0.24852767051407423,1.2244287742083206,2.3997778879872023,1.5560554206780284,0.992679127883639,0.37519744343779887,0.6379803498107806,2.474130491545276,15,8,7,0.859322484803089,False
fake_vs_rest,67,1.0978922171790122,0.34800766757859153,0.19185272226138092,1.1619056804554495,0.3000027566845168,-0.4515891966142147,0.8352946411369766,0.14455083737590788,1.5269441320980934,0.5398562751497846,-1.1320064032178196,1.4211080779696355,-0.7152594619844033,1.6965902863419584,0.6412508534898123,-2.284343774945457,0.8538248509766506,15,8,7,0.859322484803089,False
fake_vs_rest,68,1.0799145308855662,0.35384549460648423,0.17001985448661144,1.5095585297224339,0.3897663363826893,-0.6659457951854735,1.0059855041586963,1.1264492793190437,1.7248040911118825,0.6098103345217559,-0.3155230265630087,2.5684215852010963,0.2684998556858057,1.3300958399377005,0.5027289731938184,-0.9616336267360946,1.4986333381077062,15,8,7,0.859322484803089,False
fake_vs_rest,98,1.079092188996541,0.3541150341445936,-0.46974549384406694,1.1980095989800166,0.309324748363082,-1.1331810963767297,0.19369010868859582,0.4114385816062831,1.6344748280137602,0.5778741172836229,-0.9550165704903444,1.7778937337029106,-0.4279495484748003,1.6630064146191252,0.6285573431124821,-1.9659739604609334,1.1100748635113327,15,8,7,0.859322484803089,False
fake_vs_rest,85,1.0785828196061062,0.35428210108109137,-0.658316289632246,0.9487620223400333,0.24496930080246787,-1.1837231849419112,-0.13290939432258064,-0.17462374419093696,1.232524345562178,0.4357631613622638,-1.2050398834988854,0.8557923951170116,-1.1033005481324678,1.6981267895486019,0.6418315971145881,-2.6738058895514625,0.4672047932865271,15,8,7,0.859322484803089,False
fake_vs_rest,155,1.0588419241594886,0.36082254168290995,0.07405483005344188,1.5332033499031508,0.3958714027016217,-0.7750048845883444,0.9231145446952282,0.4303200431547515,1.2340919394501333,0.4363173894964237,-0.6014066374401467,1.4620467237496495,0.9853640341289377,1.1025695166708935,0.41673210632455265,-0.03434269558921954,2.005070763847095,15,8,7,0.859322484803089,False
fake_vs_rest,32,1.049096092661119,0.36409918675740677,-1.073059818522362,1.6558534192831167,0.4275395144429412,-1.9900408776584242,-0.15607875938630011,-0.2003513942034526,1.3034448469873046,0.4608373451036924,-1.2900585564752767,0.8893557680683716,-0.3255746840105144,1.5527099616919728,0.5868692024070838,-1.761591890452409,1.11044252243138,15,8,7,0.859322484803089,False
fake_vs_rest,91,1.045870786360795,0.3651905935983672,-0.6924297088098741,0.7550443238974243,0.19495160614021084,-1.110559318447593,-0.2743000991721551,-0.07564151386143997,1.1839024398931703,0.41857272175587984,-1.065408722780592,0.9141256950577119,-0.5082011218304437,1.1468136185123354,0.4334548049608198,-1.568826821024809,0.5524245773639215,15,8,7,0.859322484803089,False
fake_vs_rest,176,1.036389680570116,0.368419288331838,0.8915700344932925,1.0628351976001669,0.27442286800456767,0.30299152033687116,1.480148548649714,0.6677510526959374,1.1061799489836313,0.3910936715694574,-0.2570385277416649,1.5925406331335397,0.18573563906342816,1.0482462636389824,0.39619984662019947,-0.7837304610533607,1.155201739180217,15,8,7,0.859322484803089,False
fake_vs_rest,101,1.0318120300758058,0.3699891240975126,0.7807736673842232,1.3354737942488335,0.3448178509614775,0.041212930885620946,1.5203344038828255,0.30719502318881836,0.6881939971853156,0.24331332109080622,-0.2681495565980841,0.8825396029757209,0.05509623436366257,1.2329268732383218,0.4660025559024366,-1.08517094233786,1.195363411065185,15,8,7,0.859322484803089,False
fake_vs_rest,1,1.0223059576925426,0.37327208604431283,-0.5198668138922959,1.6642322999088839,0.4297029321178383,-1.4414879424578833,0.40175431467329137,-1.468785093316339,1.4415308389306478,0.5096581157486969,-2.67393503383679,-0.26363515279588823,-1.130309509047853,1.543201763545655,0.5832754413054435,-2.55753309885996,0.2969140807642541,15,8,7,0.859322484803089,False
fake_vs_rest,149,1.0187089956289608,0.3745224594440633,-0.7417878986287231,1.0971928208560742,0.2832939681835942,-1.3493930303563058,-0.1341827669011404,-0.4319841060398167,1.2929347039272185,0.4571214483891786,-1.5129045688240876,0.6489363567444544,-1.3194512312867814,1.383998729429747,0.5231023504143544,-2.5994365718774586,-0.03946589069610429,15,8,7,0.859322484803089,False
fake_vs_rest,69,1.0134187392398561,0.37636963547241703,0.5312547639484263,1.2491397613167945,0.3225264995110302,-0.16049577870355936,1.2230053066004118,0.9124950472777805,1.564888375654689,0.553271591112716,-0.3957843747846742,2.220774469340235,-0.09757973466705809,1.447084802993849,0.5469466449632315,-1.4359099621715743,1.240750492837458,15,8,7,0.859322484803089,False
fake_vs_rest,48,0.9809541196216623,0.38792161368671224,-1.0629779970334516,1.026857375299057,0.26513343423090047,-1.6316326572938176,-0.4943233367730857,-0.9663029891665876,1.8437214693652877,0.6518539768037102,-2.5076927112138407,0.5750867328806654,-0.21827903803961132,1.3353907753197183,0.5047302706551007,-1.4533095189371898,1.0167514428579671,15,8,7,0.859322484803089,False
fake_vs_rest,180,0.9773746821781135,0.3892184164563004,-0.5505661845618174,1.3638652646629732,0.35214849710069773,-1.3058495933136554,0.20471722419002047,0.2687926826464584,1.412754918380595,0.49948429147078305,-0.9122999862549939,1.4498853515479107,-0.531518908951987,1.5061470467538396,0.5692700748007189,-1.9244726014840545,0.8614347835800806,15,8,7,0.859322484803089,False
fake_vs_rest,22,0.9646561384888293,0.3938640460952968,-0.7982061550556551,1.1939263950634944,0.3082704696452247,-1.4593805546289025,-0.13703175548240765,-0.21223957319096703,1.2343150257252202,0.4363962624053755,-1.244152758579166,0.8196736121972321,-0.28273043298055506,0.5391772578048822,0.20378984810478254,-0.7813862274511825,0.2159253614900724,15,8,7,0.859322484803089,False
fake_vs_rest,62,0.9387258568289714,0.40352098088636723,-0.3112270444434369,1.402461823443761,0.36211408572595816,-1.0878845150159984,0.4654304261291246,0.5317378314189538,1.6603549636748967,0.5870241269956316,-0.8563536555449989,1.9198293183829065,-0.5302541021155915,2.110827453769656,0.797817786177457,-2.4824438981674617,1.4219356939362786,15,8,7,0.859322484803089,False
fake_vs_rest,142,0.9315921206128224,0.40622210720953156,-0.26268329650928307,1.4052776315541176,0.3628411242537933,-1.0409001096379487,0.5155335166193826,-0.4096495435887188,1.1777120857201513,0.4163841010490357,-1.394241486906929,0.5749423997294913,0.4806188042733322,1.492077389295858,0.5639522441341925,-0.8993226253784299,1.8605602339250942,15,8,7,0.859322484803089,False
fake_vs_rest,170,0.9312968958817271,0.40633430911336893,-0.11634568328267157,1.1071657700104311,0.28586897258275407,-0.7294736501669021,0.49678228360155896,0.4718248039406243,1.4774627357093877,0.5223619596852679,-0.7633649540406922,1.7070145619219408,-0.4204580462091852,1.5194981937680494,0.5743163340460135,-1.8257594902925138,0.9848433978741435,15,8,7,0.859322484803089,False
fake_vs_rest,102,0.9255653927789438,0.40851920981291423,1.0933976132232646,1.5327688602328828,0.39575921795115193,0.24457851094087313,1.942216715505656,0.40926126791141604,0.9456758435644269,0.3343469008943575,-0.38134352238827074,1.1998660582111027,0.5261314139295202,0.9087257413979598,0.34346604595739916,-0.31429972438954557,1.366562552248586,15,8,7,0.859322484803089,False
fake_vs_rest,150,0.902943091623451,0.4172670302422425,-0.06862759154553326,1.4728230488960419,0.3802812760189868,-0.8842498100154521,0.7469946269243857,0.7371018719939406,1.6322251322572974,0.5770787297211222,-0.6274724873829824,2.1016762313708637,-0.07113984386753668,1.1575014762066191,0.43749443546183736,-1.1416501628090885,0.9993704750740152,15,8,7,0.859322484803089,False
fake_vs_rest,21,0.8372119458711128,0.44384604198217315,-0.5279530301498107,1.2158731246247814,0.3139370908515302,-1.2012811234518148,0.1453750631521935,-0.1753163480438965,1.5571629393338704,0.5505402369076781,-1.4771371437134286,1.1265044476256358,0.2424495549070132,1.2315663478171655,0.4654883256286136,-0.8965593456432743,1.3814584554573006,15,8,7,0.859322484803089,False
fake_vs_rest,161,0.8310754975657546,0.44641861094965235,0.22425989712349434,1.5237926236958035,0.3934415636431701,-0.6195883310519423,1.068108125298931,0.6224520483476053,1.3542149196260498,0.47878727642578756,-0.50969995684287,1.7546040535380805,-0.4433971559923818,2.0309486394849756,0.7676264322317458,-2.321711370272378,1.4349170582876147,15,8,7,0.859322484803089,False
fake_vs_rest,152,0.8310023185072549,0.44644938609920914,0.6631335384618569,1.6277173659028508,0.4202748166982897,-0.23826629365973007,1.5645333705834439,-0.10242914419384108,1.5038076010911754,0.5316762761657223,-1.3596437608118506,1.1547854724241686,0.8883604248710161,1.723148764166823,0.6512890145648144,-0.7052863833881627,2.482007233130195,15,8,7,0.859322484803089,False
fake_vs_rest,49,0.8288986117670843,0.44733506630045433,-0.37183121989462514,1.2952058440167618,0.33442071091916264,-1.0890923088380533,0.3454298690488031,0.06215330025542115,1.3717896634027613,0.485000886676852,-1.0846915584246666,1.2089981589355088,0.37000658067414316,1.2821202776719391,0.48459591508471855,-0.8157569069631004,1.5557700683113866,15,8,7,0.859322484803089,False
fake_vs_rest,77,0.8280625643993439,0.4476875739257824,0.6213554399514138,1.2010115313726433,0.31009984397395424,-0.043742577329311194,1.2864534572321389,0.333200073007189,1.3113418964400694,0.4636293737134002,-0.7631091878262911,1.4295093338406692,-0.1801865510977132,1.7255121534159086,0.6521822917368607,-1.7760191298555295,1.415646027660103,15,8,7,0.859322484803089,False
fake_vs_rest,157,0.8261570137857912,0.44849213805210325,-0.6102269306469634,1.1189052010221325,0.28890008063623873,-1.2298559777339484,0.009402116440021535,0.056988141820837335,1.6117040272507073,0.5698234234673216,-1.290430144435616,1.4044064280772908,0.13254528456136183,2.0459480711354723,0.7732956845109636,-1.7596410903077837,2.024731659430507,15,8,7,0.859322484803089,False
fake_vs_rest,162,0.8246723754689995,0.4491200603573405,-0.7101198476486091,1.6600413565166867,0.4286208351869798,-1.6294201091218543,0.20918041382463615,0.07276577538690195,1.6212202232201793,0.5731879068178785,-1.2826082497943583,1.4281398005681623,0.004058889118741098,1.4446887277925924,0.5460410136624981,-1.3320553384232425,1.340173116660725,15,8,7,0.859322484803089,False
fake_vs_rest,179,0.8230427412556865,0.44981039540519213,-0.9940880784166048,1.2269813867480273,0.31680523179877274,-1.6735677222413268,-0.3146084345918829,-0.2867907226051504,1.3025673806880094,0.46052711391844525,-1.3757643046927388,0.8021828594824378,-0.962244504256331,1.5218734333077768,0.5752140902069172,-2.3697426785292133,0.44525367001655125,15,8,7,0.859322484803089,False
fake_vs_rest,153,0.8068615901059141,0.45672712325350184,0.8506931974471713,1.605594139497248,0.41456262420273793,-0.03845520025113214,1.7398415951454749,-0.026840889485261088,1.5960015653014736,0.5642717648045081,-1.3611315890310607,1.3074498100605383,0.7308999688304884,1.65271346739359,0.6246669747386708,-0.7976050546764463,2.259404992337423,15,8,7,0.859322484803089,False
fake_vs_rest,8,0.7955792944121985,0.4616173577789666,0.8953073664691072,1.3389093437669173,0.34570490603271814,0.15384408606225808,1.6367706468759564,0.34951982440336377,0.5102860744551513,0.18041337179615047,-0.07709000985743925,0.7761296586641668,0.360949054879394,1.307742633450489,0.49428025528381303,-0.8485111595615334,1.5704092693203213,15,8,7,0.859322484803089,False
fake_vs_rest,87,0.785606735641856,0.46598673548210334,-0.08022405624728154,1.253498065543894,0.32365180882364764,-0.7743881473327591,0.6139400348381959,0.5055411161243039,1.496719055629325,0.5291700968833105,-0.7457473281836752,1.756829560432283,-0.3658686475203388,1.5901517630220254,0.6010208731153134,-1.8365137447317015,1.104776449691024,15,8,7,0.859322484803089,False
fake_vs_rest,164,0.7721819071601981,0.4719389775228894,0.9879136476313359,1.1626063696526705,0.3001836738572971,0.34408370001194544,1.6317435952507264,0.5350872883462086,1.4011177566250477,0.49536993347522695,-0.6362764698592172,1.7064510465516343,0.40979008655921906,0.6631137453618983,0.2506334373108848,-0.20348784148998694,1.023068014608425,15,8,7,0.859322484803089,False
fake_vs_rest,113,0.7684351765328297,0.4736147252056776,-0.2878046601753084,1.3575033346502727,0.35050585383476934,-1.0395649495173853,0.4639556291667684,-0.04533097376160833,0.8135440417250239,0.28763125434883796,-0.725470813310923,0.6348088657877063,-0.8260103338786339,1.3842500793003187,0.5231973517357259,-2.1062281343284495,0.4542074665711816,15,8,7,0.859322484803089,False
fake_vs_rest,53,0.7653384082017826,0.47500459761078306,0.8623201797462811,1.3311744101000058,0.34370775474765364,0.12514036282939622,1.599499996663166,0.2980630447164131,0.8097079717052682,0.28627499878680013,-0.3788697600395493,0.9749958494723755,0.4028720959320654,1.0376763856531463,0.3922048082575111,-0.5568184974692824,1.362562689333413,15,8,7,0.859322484803089,False
fake_vs_rest,121,0.722719281877022,0.49458422172953886,0.6147032229944097,1.6918186335932095,0.43682569284732586,-0.32219470796500627,1.5516011539538257,-0.21034358913116857,1.6033796282336021,0.5668803039701727,-1.550802503649328,1.130115325386991,0.6002896298212355,1.6186287556927181,0.6117841646429794,-0.8966922929865015,2.0972715526289725,15,8,7,0.859322484803089,False
fake_vs_rest,4,0.711807654162652,0.49973531495781437,-0.25581420494303225,1.7330344028882292,0.4474675587193751,-1.2155366681594262,0.7039082582733618,-1.0835164682613219,1.4759848696190079,0.5218394551181713,-2.317470699271714,0.15043776274907028,-0.6948646848645824,1.4616873609492995,0.55246589308545,-2.046700026008765,0.6569706562795999,15,8,7,0.859322484803089,False
fake_vs_rest,97,0.7085251172684947,0.5012961665496175,-0.22942373757050763,0.9602729137225422,0.24794140017743183,-0.7612051520547644,0.30235767691374915,-0.45979357026211287,1.4151907472699508,0.5003454870335199,-1.6429226430765769,0.723335502552351,-0.8385104407007902,1.076813038747203,0.40699707271955116,-1.8343964013195744,0.15737551991799414,15,8,7,0.859322484803089,False
fake_vs_rest,159,0.7009628224560374,0.5049120127606216,0.08181199467933825,1.7779956287676852,0.45907649732312195,-0.902809165515227,1.0664331548739034,-0.3322134834003302,1.6951917862946166,0.59934080375033,-1.7494292829174722,1.0850023161168116,0.7222114259653966,1.6556320304710406,0.6257700878941836,-0.8089928181949163,2.2534156701257095,15,8,7,0.859322484803089,False
fake_vs_rest,30,0.6895984997329571,0.5103985463990408,0.12103163204030233,1.780299949179045,0.45967147029495675,-0.8648656182639252,1.1069288823445298,0.46648058452867075,1.4677095565046008,0.5189136901083516,-0.7605553115850401,1.6935164806423817,-0.5583651030370034,1.8212163226345377,0.6883550676203658,-2.2427092757929796,1.1259790697189729,15,8,7,0.859322484803089,False
fake_vs_rest,160,0.6821296596370512,0.5140392465638605,0.3991198697568804,1.7320024849709654,0.4472011186588274,-0.5600311363645228,1.3582708758782838,-0.2397643682943839,1.5694045320312353,0.5548682935120933,-1.5518193915729828,1.0722906549842148,0.6838276795827609,1.3039538204906413,0.49284821859011374,-0.5221284673010793,1.8897838264666011,15,8,7,0.859322484803089,False
fake_vs_rest,18,0.6740889652490915,0.517989899338039,-0.35209514086620713,1.280380167197178,0.33059273762459584,-1.0611460436457436,0.3569557619133294,-0.5440673906260886,1.6885535680843968,0.5969938391946088,-1.9557335008371433,0.867598719584966,0.2044479404651495,0.6706787929766035,0.25349275654586656,-0.4158264897063403,0.8247223706366392,15,8,7,0.859322484803089,False
fake_vs_rest,61,0.6686081693347136,0.5207014752503152,0.23972911113178777,1.726084667391606,0.44567314473011055,-0.7161447168478181,1.1956029391113936,1.0191998352601037,1.3923223502886013,0.49226028774333075,-0.14481077923381824,2.183210449754026,0.356914811809309,1.371845519089444,0.5185088686727115,-0.9118306838697241,1.6256603074883422,15,8,7,0.859322484803089,False
fake_vs_rest,163,0.6674354144107117,0.5212836633201117,-0.8626480471071484,1.2760474470139276,0.3294740340836955,-1.5692995694244354,-0.15599652478986137,-0.9111228903944312,1.4259570244216877,0.5041519408245834,-2.103252796155811,0.2810070153669487,-0.2690485719094907,0.7821673180451367,0.2956314581699707,-0.9924326904768631,0.4543355466578817,15,8,7,0.859322484803089,False
fake_vs_rest,13,0.6601954298283131,0.5248933092014852,0.40136309275979726,2.023926911341518,0.522575681437781,-0.7194502722175304,1.522176457737125,-0.5974026779072383,2.016449272112225,0.712922477114616,-2.283196456798061,1.0883911009835843,-0.0026151488919251087,1.8692921231478483,0.706526012225876,-1.731422021349623,1.7261917235657729,15,8,7,0.859322484803089,False
fake_vs_rest,31,0.6545123371557461,0.5277455406253867,-0.018514121703409936,1.6582365353315431,0.42815483236078355,-0.9368149065184974,0.8997866631116775,0.37380948713379153,1.748267963400588,0.6181060661258753,-1.087779106884066,1.8353980811516493,0.8169156835915088,1.3386683025294719,0.5059690594997086,-0.4211460044110069,2.0549773715940245,15,8,7,0.859322484803089,False
fake_vs_rest,158,0.6449060273601596,0.53260467773659,0.017809886787250942,1.8555576120569437,0.4791029152949964,-1.0097636680800686,1.0453834416545704,-0.7004766216585934,1.6840549035941088,0.5954033211109259,-2.1083817542363743,0.7074285109191878,0.26392918558663625,1.6292450173424333,0.6157967343827421,-1.242871141670872,1.7707295128441443,15,8,7,0.859322484803089,False
fake_vs_rest,65,0.6408131523104005,0.5346895460996999,0.6696650454304769,1.4729774183885385,0.38032113405056023,-0.14604266001496735,1.4853727508759211,1.316665000380479,1.6206122108458159,0.5729729419813996,-0.03820071373520362,2.6715307144961615,0.6211794160822486,0.9755523849039132,0.3687241430531023,-0.28105605935766387,1.523414891522161,15,8,7,0.859322484803089,False
fake_vs_rest,47,0.6091713709112387,0.5511064708895795,-0.7515234470132415,1.3769461445553939,0.3555259657658367,-1.5140508055969288,0.011003911570446001,-0.10951504550993096,1.0888000562383664,0.38494895156122155,-1.0197746719968115,0.8007445809769494,-0.35624568939512985,1.6498694438277768,0.6235920348703925,-1.8821204297991059,1.1696290510088463,15,8,7,0.8674099673401704,False
fake_vs_rest,35,0.6068983582715366,0.5523064591514637,0.18681529778486097,1.5642449000322691,0.4038862964809909,-0.6794346543399917,1.0530652499097137,0.7067763728330649,1.7484381227469306,0.6181662265397159,-0.7549544779583461,2.1685072236244762,-0.2741830713433204,2.0372600589298684,0.7700119245561748,-2.1583343750627777,1.6099682323761368,15,8,7,0.8674099673401704,False
fake_vs_rest,66,0.5960649178768731,0.5580644321154209,1.2960052861297084,1.2817914890952824,0.3309571393717623,0.5861728193337954,2.0058377529256215,0.8647817575928373,1.0008304835465403,0.35384701086698495,0.02806653434314932,1.701496980842525,0.8263687483909694,0.8542898754606165,0.3228912225755903,0.03628238924006655,1.6164551075418723,15,8,7,0.8674099673401704,False
fake_vs_rest,172,0.5914526436120674,0.5605353943516775,0.5463722615729311,1.0492856582160246,0.2709243919789967,-0.03470276777584613,1.1274472909217081,0.18395483788720507,0.7998857217674286,0.28280230901802234,-0.4847663604232472,0.8526760361976573,0.6697698006253824,0.7496295107078498,0.28333332296685726,-0.023521865166508338,1.363061466417273,15,8,7,0.8674099673401704,False
fake_vs_rest,72,0.5748587844208805,0.5695229783562022,0.46694708192318113,0.8113560668681522,0.20949123565498032,0.017633068454927736,0.9162610953914345,0.9108297995047372,1.5749437529532975,0.5568267038503336,-0.4058561283542348,2.227515727363709,0.3738061209930769,0.9384783246049058,0.3547114653898757,-0.49414156740641185,1.2417538093925657,15,8,7,0.8674099673401704,False
fake_vs_rest,88,0.5716954477376064,0.5712538078804109,0.9278220391480495,0.870943965091751,0.22487676481868035,0.44550934754292115,1.4101347307531777,0.7543933838425378,1.439267847899219,0.508858027596653,-0.44886464883017796,1.9576514165152537,0.3979851348632173,1.0425932516348069,0.3940632089171264,-0.5662528011363188,1.3622230708627534,15,8,7,0.8674099673401704,False
fake_vs_rest,11,0.5676884447814581,0.5734543672971126,-0.7606468181966334,1.3672664118644415,0.35302666953198353,-1.5178137194887893,-0.0034799169044773537,-1.0072834425889683,0.6730106901433902,0.23794521140571476,-1.5699344600292933,-0.4446324251486433,-1.3417470525569821,1.2593170990948865,0.47597712371090756,-2.5064211174391016,-0.1770729876748629,15,8,7,0.8674099673401704,False
fake_vs_rest,28,0.5461318501188324,0.5854500857857962,0.07801425686477198,1.1449746622504031,0.29563118658168486,-0.5560515766489702,0.712080090378514,-0.13406772985796192,0.9881406742057073,0.3493604857485513,-0.9601740070072214,0.6920385472912977,-0.38833059101176504,0.41984473722393356,0.15868639485054153,-0.7766222111870267,-3.8970836503449124e-05,15,8,7,0.8678849097713665,False
fake_vs_rest,99,0.5354197118656322,0.5915111260648579,1.4493934592672275,1.3398691085900079,0.3459527162444585,0.7073986788171075,2.1913882397173476,1.2914108959915875,0.787206393167758,0.2783194894011626,0.6332898816626777,1.9495319103204973,0.8806133314354574,1.260806161083527,0.47653993624072216,-0.2854378860958382,2.0466645489667528,15,8,7,0.8678849097713665,False
fake_vs_rest,20,0.5342792132288343,0.5921603909849291,-0.14143044667713858,1.987731614343584,0.5132300959388456,-1.242199524285552,0.9593386309312748,-0.591317020558835,1.9493760555623465,0.6892085139854096,-2.2210361871329587,1.038402146015289,0.4309758014305035,1.6738155503072496,0.6326428123865292,-1.117045393739784,1.9789969966007912,15,8,7,0.8678849097713665,False
fake_vs_rest,16,0.5282100335506603,0.5956283627520133,0.5661698003911797,1.4304394954246882,0.3693378895691438,-0.22598118850037585,1.3583207892827351,-0.1380853941624579,1.9330530764046283,0.683437469359615,-1.7541582086574037,1.477987420332488,0.5537977574020723,1.7679219424764048,0.6682116853095437,-1.081257334455409,2.1888528492595536,15,8,7,0.8678849097713665,False
fake_vs_rest,7,0.5242962850311879,0.5978762711758302,-0.9593003759778279,1.6662224394707228,0.430216783943147,-1.8820236070978997,-0.036577144857756205,-1.4551612493499264,2.0807168580706583,0.7356445000354648,-3.194684074684635,0.2843615759847822,-0.5934431189853335,0.806623838411241,0.3048751540017847,-1.339445746431951,0.15255950846128397,15,8,7,0.8678849097713665,False
fake_vs_rest,55,0.5056645736527511,0.6087032775400801,-0.16672034916110484,1.205936464255335,0.31137145617634454,-0.8345457033657104,0.5011050050435009,-0.15539934413353435,0.38830153049620453,0.1372853226794906,-0.48002754752919863,0.16922885926212994,-0.6487934973623418,1.4402181430116545,0.5443512914417278,-1.9807731235771797,0.683186128852496,15,8,7,0.8697005034204565,False
fake_vs_rest,33,0.4994883171443991,0.6123386628689901,0.6427397074675576,1.743936540107668,0.4502824784453054,-0.32302015810456886,1.608499573039684,0.9833101930545107,1.8896673137227276,0.6680982858599538,-0.5964912161375044,2.5631116022465257,0.10558893326482928,1.3618022551314108,0.5147128717035209,-1.1538680924433808,1.3650459589730393,15,8,7,0.8697005034204565,False
fake_vs_rest,5,0.4872775956541604,0.6195947857902162,-0.20453861293861678,1.712181772004812,0.4420834325769694,-1.1527132740787087,0.7436360482014752,-0.8696450732716862,1.466256939687161,0.518400112507313,-2.0954665513349062,0.3561764047915338,-0.4139484715920792,1.1491466634941625,0.4343366130778829,-1.4767318775185219,0.6488349343343636,15,8,7,0.8697005034204565,False
fake_vs_rest,108,0.4862577510497375,0.6202049854080053,-1.1209395747922215,1.3984850125163533,0.3610872775597671,-1.895394760878891,-0.34648438870555187,-0.8076708412905007,0.6475534126959831,0.22894470464891029,-1.3490390421770613,-0.26630264040394025,-1.411765688289668,1.1338296690443324,0.42854733334256756,-2.4603832370221745,-0.36314813955716185,15,8,7,0.8697005034204565,False
fake_vs_rest,151,0.47848522518956965,0.6248767499644019,0.06978842697462664,1.420394863704756,0.36674437681113825,-0.7168000302786136,0.8563768842278668,0.5573335567740475,1.9917940353754626,0.7042055345704539,-1.1078479283771085,2.2225150419252033,-0.17390492246247977,0.8977211393261552,0.3393066973346533,-1.0041585013435053,0.6563486564185457,15,8,7,0.8697005034204565,False
fake_vs_rest,115,0.46789802751505505,0.6313012092788657,-1.1179673959557122,1.2507131347412885,0.3229327427823922,-1.8105892437681712,-0.4253455481432531,-1.0021906987131364,0.7530134403348662,0.26623045499269776,-1.6317256891014507,-0.3726557083248221,-1.522518479444534,1.063521950138066,0.40197351341767973,-2.5061122332726393,-0.5389247256164283,15,8,7,0.8697005034204565,False
fake_vs_rest,19,0.46520168178257487,0.6329486997115544,-0.2818179681057726,1.4622834745902733,0.37755996963482963,-1.0916035648692055,0.5279676286576602,-0.9419297599065973,1.9487940751668498,0.6890027528433229,-2.571162378694108,0.687302858880913,-0.38711423484810215,1.4060204746569989,0.531425787743916,-1.6874662928827462,0.9132378231865418,15,8,7,0.8697005034204565,False
fake_vs_rest,154,0.45679652069201826,0.6381140279098662,-0.4162041272153675,1.7515147951844698,0.4522391754923564,-1.386160690566297,0.5537524361355621,-0.9289903314775472,1.602765628759736,0.566663222374365,-2.268935929589685,0.4109552666345908,-0.17947238673843963,1.0756018164338579,0.40653927371619064,-1.1742381535504587,0.8152933800735795,15,8,7,0.870155492604363,False
fake_vs_rest,10,0.43341096811279745,0.6527251425560691,-0.29213895655752625,0.939246794463273,0.24251247952899713,-0.8122764943052583,0.22799858119020572,-0.6103838559274004,0.8989128209781967,0.31781367570460595,-1.361893780986356,0.14112606913155523,-0.5779392552114366,0.7722194741967763,0.2918715266122471,-1.292123152690721,0.13624464226784772,15,8,7,0.8712504902872286,False
fake_vs_rest,41,0.4328282108854334,0.6530938025657387,-0.30567657871764864,1.3869867987313012,0.35811845152639116,-1.0737642662491897,0.46241110881389247,-0.38027711461136654,0.5988714701232163,0.21173303879164154,-0.8809461930015179,0.12039196377878475,-0.8121051833870805,1.2978306308737888,0.4905338704534445,-2.0123983243876293,0.38818795761346836,15,8,7,0.8712504902872286,False
fake_vs_rest,40,0.42148290597068017,0.6603157335033464,-0.021465471650406857,1.5630801621167658,0.40358556244436156,-0.8870704134168932,0.8441394701160794,-0.28037091996274305,0.40833490222418034,0.14436818917893188,-0.6217474412537802,0.06100560132829419,-0.5805694470477131,1.5081685014862771,0.5700341128733767,-1.9753926733944929,0.8142537792990666,15,8,7,0.8712504902872286,False
fake_vs_rest,59,0.4133376409994001,0.6655535347793969,-0.9434775176262972,1.1815930852152061,0.30508602273548896,-1.5978219578591624,-0.28913307739343197,-0.5383576752028316,0.700481605105095,0.247657646533125,-1.1239749522874525,0.04725960188178935,-0.7634840879482476,0.935766250682294,0.35368639779895367,-1.6289235263112847,0.10195535041478931,15,8,7,0.8712504902872286,False
fake_vs_rest,34,0.40418105366395185,0.6714949971441339,0.1835384003457956,1.5238196035262292,0.39344852980543166,-0.6603247687617255,1.0274015694533167,0.4370790764531973,1.6688343498525304,0.5900220427288837,-0.958101354757835,1.8322595076642296,-0.2733627893309359,1.4409737095745412,0.5446368687594927,-1.6060411980690308,1.0593156194071591,15,8,7,0.8712504902872286,False
fake_vs_rest,60,0.40330221984794073,0.6720682377263703,-1.2547580521584776,1.325198871917658,0.3421648774233296,-1.988628726329062,-0.5208873779878931,-0.9068740190767605,0.6723108425866414,0.2376977779291278,-1.468939949317692,-0.3448080888358289,-1.3675392026224684,0.7307918931623996,0.2762133727785418,-2.0434089779190083,-0.6916694273259287,15,8,7,0.8712504902872286,False
fake_vs_rest,140,0.4021830722867129,0.6727989897218043,-0.01372893180512138,1.4987022312745089,0.38696325217667127,-0.8436825637870261,0.8162247001767834,0.1991776349185887,0.8962438771083052,0.31687006155010267,-0.5501009972264823,0.9484562670636596,-0.39182215600316933,1.1326973572766856,0.42811935972202686,-1.4393924910115972,0.6557481790052584,15,8,7,0.8712504902872286,False
fake_vs_rest,177,0.3798019476069565,0.6875934657644183,0.5140045492221322,1.2866635436717384,0.3322150984541908,-0.19852597146771878,1.2265350699119832,0.49957524193848835,1.5409150207159026,0.544795730190212,-0.7886619538334859,1.7878124377104627,-0.03027029500439249,1.6182442815961584,0.6116388470936875,-1.526896638578588,1.466356048569803,15,8,7,0.8840487416971092,False
fake_vs_rest,56,0.3644197739277615,0.6979638623935664,0.01806706862869277,1.2931299211223009,0.3338847099326121,-0.698044412534071,0.7341785497914566,-0.11695902116029246,0.7238167804399724,0.25590787689285943,-0.7220849930347685,0.4881669507141836,-0.4268125935472265,1.1492377282208013,0.43437103230929663,-1.4896802202989228,0.6360550332044699,15,8,7,0.8910176966726381,False
fake_vs_rest,23,0.3441554489486837,0.7118829124556069,0.35160065735952795,1.4481067753405132,0.3738995616282622,-0.4503341450390713,1.1535354597581273,0.016385766581086647,1.4060422795179761,0.497111015241076,-1.1590949957918717,1.191866528954045,0.6679634794808756,1.7917609018484195,0.6772219650256756,-0.98913897259614,2.325065931557891,15,8,7,0.8981258976753699,False
fake_vs_rest,6,0.340962026011664,0.7141034537926987,-0.6873680214068295,1.4875396143007635,0.3840810768673774,-1.5111400021531154,0.13640395933945637,-0.9892571056201068,1.4926275664272364,0.5277235370033363,-2.2371249793545176,0.25861076811430406,-0.3936703191124093,1.0025064222624547,0.3789118115787945,-1.3208341214033748,0.533493483178556,15,8,7,0.8981258976753699,False
fake_vs_rest,126,0.33466955111646834,0.7185007181402959,0.39615585828946615,1.4079932177389793,0.36354228559173735,-0.3835647963429046,1.175876512921837,0.4818922221524508,1.1532733594976277,0.4077437065312818,-0.48226843474574915,1.4460528790506508,0.8665339753489558,1.0408027370330515,0.3933864580092586,-0.09604801083384551,1.8291159615317572,15,8,7,0.8981258976753699,False
fake_vs_rest,51,0.2994824861024691,0.743632016773714,0.16637096622341416,1.3113809593564123,0.3385971077413927,-0.5598476030277952,0.8925895354746236,-0.18029449369791384,0.7842926953626124,0.27728934166298913,-0.8359795957024153,0.47539060830658764,-0.13162910222342533,1.1178426175164369,0.4225047958368552,-1.165461094322216,0.9022028898753653,15,8,7,0.9230892022762287,False
fake_vs_rest,78,0.2925034172272555,0.748727908512941,-0.5955670182336219,1.3735807966108546,0.3546570366629438,-1.3562307092446804,0.16509667277743645,-0.3413104963413167,0.5748090581921129,0.2032256914675479,-0.8218628949321932,0.1392419022495598,-0.8104940508522838,1.267192515888881,0.4789537514691777,-1.9824516614725614,0.3614635597679938,15,8,7,0.9230892022762287,False
fake_vs_rest,50,0.27614611284620477,0.7608190527693587,-0.7040565649963669,1.0336760574251402,0.26689401038539395,-1.2764872855559561,-0.13162584443677783,-0.7443244862502485,1.8180301599021582,0.6427707272342397,-2.264235736082262,0.775586763581765,-0.2714641315731896,1.5623787554648385,0.59052366295008,-1.7164234808272831,1.173495217680904,15,8,7,0.9316151666563576,False
fake_vs_rest,131,0.25846852493838385,0.7741223333999834,0.5909596250953648,0.7606936682919637,0.19641026059068029,0.1697015128100069,1.0122177373807228,0.441967712263697,0.48670348229160426,0.17207566637775004,0.035073418437880255,0.8488620060895138,0.4088641076536802,0.4177283612953116,0.15788647993799051,0.022529808757847325,0.795198406549513,15,8,7,0.9373357878172707,False
fake_vs_rest,144,0.2507088686255659,0.7800405806432975,-1.0851028423753803,1.1546458860211468,0.29812828582178724,-1.7245244210977038,-0.44568126365305694,-0.9446738786677293,1.0650594394674544,0.3765553760070901,-1.8350858528417342,-0.05426190449372448,-1.352687819075626,1.1452737394077,0.43287278536653834,-2.411889367627145,-0.2934862705241066,15,8,7,0.9373357878172707,False
fake_vs_rest,134,0.24930934050027545,0.7811131565143923,-0.029755589415941076,0.6916185567909982,0.17857514349196962,-0.4127611799705292,0.353250001138647,0.08228360878933347,0.4283575120364815,0.1514472507665971,-0.27583223321041583,0.4403994507890828,0.16579680293262128,0.6696103673496386,0.2530889296168212,-0.45348949834037594,0.7850831042056186,15,8,7,0.9373357878172707,False
fake_vs_rest,119,0.24013886281773505,0.788180578535527,0.3676929813261765,1.2486421190938706,0.32239800884157993,-0.32378197624845056,1.0591679389008035,0.3520003446364601,1.0965852658710562,0.38770143882333846,-0.5647678799826221,1.2687685692555424,0.7020394971712652,0.8816438883571618,0.33323006764472063,-0.11334510450644453,1.517424098848975,15,8,7,0.9395530075257938,False
fake_vs_rest,42,0.2276924689650062,0.7978827303818314,-0.575757216047082,1.2168190904644192,0.3141813381810634,-1.2496091677700285,0.09809473567586446,-0.2930923279080822,0.6705639480749676,0.23708015745151673,-0.8536978177893744,0.2675131619732099,-0.23471586504432485,1.8067330199848104,0.6828808937669284,-1.905665216923097,1.4362334868344473,15,8,7,0.9448611280837478,False
fake_vs_rest,105,0.20746778252983122,0.8139228073932334,0.7160927920705293,1.190220752284584,0.3073136767939105,0.0569705090678756,1.375215075073183,0.9234836469545856,0.6489232455719651,0.2294290137067599,0.3809702371245679,1.4659970567846035,0.5273761065582894,1.611592608008292,0.6091247507914201,-0.9630984649789682,2.017850678095547,15,8,7,0.9468069824623436,False
fake_vs_rest,109,0.20601747784041735,0.8150862693753925,-0.6169818226604195,1.2629940811142701,0.3261036695009405,-1.3164046318871838,0.08244098656634491,-0.6261225634546487,0.5974140038028156,0.2112177466323884,-1.1255731695083744,-0.12667195740092296,-0.9294045693721678,1.2130348379028915,0.45848407324979973,-2.051274681768325,0.19246554302398966,15,8,7,0.9468069824623436,False
fake_vs_rest,90,0.2057438081457071,0.8153060126759071,0.16031287095053556,1.1568892352989266,0.2987075161146251,-0.48035103319310524,0.8009767750941764,0.10720619953869426,1.34662067763934,0.4761023064224005,-1.0185968604669728,1.2330092595443611,-0.19738948468378723,1.2946866156735353,0.48934554440514766,-1.3947748965937343,0.9999959272261599,15,8,7,0.9468069824623436,False
fake_vs_rest,132,0.18885808965641515,0.8289882745577513,0.8032258499268712,1.1501238886390597,0.29696071111829275,0.16630846988575232,1.44014322996799,1.0483605947260703,1.1885636796698793,0.42022071888330353,0.054696491832857075,2.0420246976192837,0.7074229531123618,1.047248588668107,0.39582276092559804,-0.26112045154940955,1.6759663577741333,15,8,7,0.9565249321820206,False
fake_vs_rest,3,0.17342447012725315,0.8417097902145456,0.12456056161971608,1.729389747399497,0.44652651271867355,-0.8331435586616549,1.082264681901087,-0.20747864686973488,1.055160719002962,0.37305564982433376,-1.0896150836380598,0.6746577898985899,0.23726120917899732,1.6766063036368004,0.6336976179980316,-1.3133410023427297,1.7878634207007245,15,8,7,0.9650175938765491,False
fake_vs_rest,2,0.1638959396708533,0.8496684751011708,-0.2571341730562569,1.4352752087047427,0.3705864653691895,-1.0519630907026067,0.537694744590093,0.03400704225680551,1.3825769499285179,0.4888147684033343,-1.121856213646429,1.18987029816004,0.1018691241401075,1.9820416089330668,0.7491413122027474,-1.7312136308710955,1.9349518791513105,15,8,7,0.967976743786144,False
fake_vs_rest,112,0.14060583729409834,0.8694637298887383,0.041974502522752706,1.2004146013207808,0.30994571729730663,-0.6227929459136455,0.7067419509591509,-0.06262964600001972,1.2544770741071507,0.44352462297211265,-1.1113987256584232,0.9861394336583837,-0.2545192846035251,1.23511327865466,0.4668289394734073,-1.3968085490584474,0.8877699798513972,15,8,7,0.9723936660702515,False
fake_vs_rest,106,0.1387809726019777,0.8710355526164507,-0.5370401296592276,1.260924755616283,0.32556937195483476,-1.2353169846217171,0.16123672530326194,-0.5000332848426199,0.48402864776169746,0.17112996956042553,-0.9046913610395371,-0.09537520864570276,-0.28603909374833575,1.0327047273649115,0.3903256980526164,-1.2411316701197193,0.6690534826230479,15,8,7,0.9723936660702515,False
fake_vs_rest,156,0.13107462610623236,0.877707049031873,0.4880021774228896,1.2725652247661807,0.3285749281654744,-0.2167209544899686,1.1927253093357477,0.2724940826898089,1.4615851720044888,0.5167483932030402,-0.9494216998497037,1.4944098652293216,0.6446974796717708,1.6829415523985807,0.6360921169576603,-0.911763859731826,2.201158819075368,15,8,7,0.9723936660702515,False
fake_vs_rest,15,0.12437747089868081,0.8835494554934448,-1.0039822141298036,1.4325671171868661,0.36988723914594007,-1.797311440680685,-0.21065298757892215,-1.0684354606921849,1.1920641852260698,0.4214583344914853,-2.0650260594666543,-0.07184486191771522,-0.7469992703881801,1.2347047037843097,0.4666745126878506,-1.8889106661113892,0.39491212533502906,15,8,7,0.9723936660702515,False
fake_vs_rest,167,0.1221611006422125,0.8854921415195689,0.1322404368970563,1.3107111766426025,0.33842417058831514,-0.5936072190503859,0.8580880928444986,0.0928637987058735,0.8943038501631797,0.3161841584458112,-0.6547929303245471,0.840520527736294,0.36781636749492547,1.1615616790618633,0.4390290478943302,-0.7064490127946075,1.4420817477844585,15,8,7,0.9723936660702515,False
fake_vs_rest,103,0.11633419975564145,0.8906214382142945,1.55275675201863,1.2481957100883665,0.32228274653198563,0.8615290075112395,2.2439844965260205,1.2984954393296886,1.2084285348101889,0.4272440057718042,0.2882239019340329,2.3087669767253445,1.4389771944347807,1.1186068003890326,0.42279362981357854,0.4044384510553325,2.473515937814229,15,8,7,0.9723936660702515,False
fake_vs_rest,114,0.11549718658156766,0.8913608605643971,-1.2023091362668816,1.2966626214846215,0.3347968492439727,-1.920376961682178,-0.48424131085158517,-0.9462633202847546,0.6989652554139373,0.2471215359584911,-1.5306128973030608,-0.3619137432664483,-1.1043767843899233,1.4760088154532789,0.5578788940897722,-2.469457261841841,0.2607036930619946,15,8,7,0.9723936660702515,False
fake_vs_rest,58,0.10136629497721113,0.9039442154321525,-0.561074609828983,0.8925372912385519,0.2304521376557327,-1.0553452868751998,-0.0668039327827663,-0.48422049142516105,0.9002928335729862,0.31830158383655516,-1.2368841358854732,0.26844315303515104,-0.39382848162846457,0.481263743415223,0.1819005971583827,-0.8389232085456597,0.05126624528873064,15,8,7,0.9801804745649846,False
fake_vs_rest,137,0.09228423196838151,0.9121322936234936,-0.2865878126674205,0.8648476824211592,0.2233027114015487,-0.7655244954574134,0.19234887012257235,-0.09510760116675443,1.1227709238022665,0.39695946696983353,-1.0337675836629674,0.8435523813294586,-0.22700647162865356,1.2060114393794503,0.4558294781281535,-1.3423810237616631,0.8883680805043561,15,8,7,0.9831366039055619,False
fake_vs_rest,52,0.0671032181846488,0.9352541234370387,-0.538667730588739,1.2179461395266347,0.31447234099761806,-1.2131438212787784,0.13580836010130048,-0.3723086966249353,0.7946858085872207,0.28096386208236923,-1.0366826587260758,0.2920652654762052,-0.5680679610078262,1.419095926137406,0.5363678438720659,-1.8805127947514637,0.7443768727358114,15,8,7,0.9880280016073747,False
fake_vs_rest,57,0.06584523548268528,0.936425625163637,-0.539312995167881,1.2613224858114416,0.3256720654496436,-1.2378101057709725,0.15918411543521038,-0.37729757075882825,0.8655509482240121,0.3060184724758226,-1.1009162722105372,0.3463211306928807,-0.5353302850824567,0.7723398012705041,0.29191700597125736,-1.2496254665442859,0.1789648963793724,15,8,7,0.9880280016073747,False
fake_vs_rest,93,0.05878967620207864,0.9430254218257362,0.1085279046076225,0.7700237941856293,0.19881928873762597,-0.31789705917812383,0.5349528683933689,0.004302876192446237,1.2546661973631008,0.4435914881404939,-1.0446243144646985,1.0532300668495909,0.19720708162240969,1.4679139256039309,0.5548193133137956,-1.1603868713692358,1.554801034614055,15,8,7,0.9880280016073747,False
fake_vs_rest,17,0.052150413671029315,0.9492814547714092,0.003130490444983236,1.1782616656848008,0.3042258539114563,-0.6493690711447347,0.6556300520347013,-0.19260491756443143,1.7274522894002415,0.6107466140055685,-1.6367911726201756,1.251581337491313,-0.10081464374443325,1.4836299883659751,0.5607594266934317,-1.4729435305618552,1.2713142430729887,15,8,7,0.9880280016073747,False
fake_vs_rest,36,0.043962172182029385,0.9570585135272738,0.5969306563730392,1.7489971838352387,0.4515891310371701,-0.37163170028385195,1.5654930130299305,0.4598586493484056,0.8839812992557404,0.3125345855729144,-0.2791682111588081,1.1988855098556193,0.6880804419051115,1.5038186008769314,0.5683900049819228,-0.7027197973575089,2.078880681167732,15,8,7,0.9880280016073747,False
fake_vs_rest,39,0.04217318831096423,0.9587667537017387,0.2902207848193238,1.4786778599050798,0.38179298172119985,-0.5286437199167511,1.1090852895553986,0.11025417740720933,0.9436329720363099,0.33362463673904524,-0.67864272955477,0.8991510843691887,0.24178972579123142,1.7123571615098163,0.6472101721536339,-1.341876514633077,1.8254559662155398,15,8,7,0.9880280016073747,False
fake_vs_rest,165,0.036071309965909064,0.9646179089875588,1.2108102273437893,1.5807656362541014,0.4081519322312737,0.33541139644622375,2.086209058241355,1.1958905699874567,1.7430303710298947,0.6162542975846712,-0.26131928722953335,2.6531004272044467,1.036657665942933,0.5040557149641578,0.19051515267371713,0.5704838810429196,1.5028314508429463,15,8,7,0.9880280016073747,False
fake_vs_rest,89,0.03563667179894773,0.9650361488494826,-0.034139576306628144,1.1308284010550802,0.2919786376469791,-0.660371471488245,0.5920923188749888,0.057334748730290166,1.282433142606814,0.45340858577782645,-1.0148061890803453,1.1294756865409257,-0.12803230577112792,1.791213777194542,0.6770151713442024,-1.7846287519382051,1.5285641403959493,15,8,7,0.9880280016073747,False
fake_vs_rest,14,0.029357424575196522,0.9711002712143288,-0.42802806035278973,1.321491343788191,0.34120759777659493,-1.159845573880443,0.3037894531748635,-0.31014136165026895,1.1561546114040024,0.4087623829119339,-1.2767108054226837,0.6564280821221458,-0.445130746134089,1.1452375909911527,0.43285912254932796,-1.5042988629762561,0.6140373707080782,15,8,7,0.9880280016073747,False
fake_vs_rest,168,0.021111622549911523,0.9791258136385762,0.08626864685449771,1.3342068303672476,0.34449072229390226,-0.6525904684326529,0.8251277621416484,0.043218427678098637,0.6923510149186226,0.24478304880517326,-0.5356015059054342,0.6220383612616314,-0.016963772932356954,0.8792177524593148,0.3323130744686421,-0.8301045731401011,0.7961770272753872,15,8,7,0.9880280016073747,False
fake_vs_rest,92,0.01886778432818108,0.9813220246482848,-0.026718656720644017,0.7486137530461062,0.1932912398859601,-0.44128713491917804,0.38784982147789004,-0.06480716410661908,1.4107730481183491,0.49878359451985005,-1.244242948004878,1.11462861979164,-0.12664282853869718,1.4425543637720484,0.5452342998902633,-1.4607830985909176,1.2074974415135233,15,8,7,0.9880280016073747,False
fake_vs_rest,146,0.012248589197725266,0.9878316050771404,-0.7862095449504433,1.122800974764255,0.28990596509116096,-1.4079959996259288,-0.16442309027495772,-0.8270636901248503,1.8056865800990665,0.6384066127427979,-2.336655448993673,0.6825280687439723,-0.7151238082948564,1.4235184519299406,0.538039401502611,-2.0316587962145465,0.6014111796248337,15,8,7,0.9880280016073747,False
fake_vs_rest,95,0.012049614256365703,0.9880280016073747,-1.711230968959909,1.1460964333027395,0.29592082662194863,-2.345918018576297,-1.0765439193435211,-1.790914241533923,1.2577408337135625,0.4446785362470409,-2.8424118925064565,-0.7394165905613892,-1.7361700575750785,1.1327227674944405,0.4281289638815896,-2.7837638931153608,-0.6885762220347964,15,8,7,0.9880280016073747,False
real_vs_fake,125,18.380342624064124,9.1610581968436e-06,-1.8057238272603757,1.0172551866360606,0.262654159778972,-2.3690609726805505,-1.2423866818402007,0.449798335564053,1.024376734328988,0.3621718676668789,-0.4066020459657014,1.3061987170938074,0.5653766537631107,1.1243191492396387,0.42495269473654274,-0.47444513116373,1.6051984386899516,15,8,7,0.000796393196249174,True
real_vs_fake,175,17.60009375160525,1.280038254094494e-05,-1.4547506751223067,0.8269359550513387,0.21351394548626398,-1.9126925430860533,-0.99680880715856,0.39720029327202416,0.8485822126280145,0.30001911847177687,-0.31223219020782805,1.1066327767518764,0.30863503463774816,0.8434060405518798,0.3187775196499902,-0.47138545607241406,1.0886555253479104,15,8,7,0.000796393196249174,True
real_vs_fake,107,17.516642473659125,1.3273219937486233e-05,-1.698414479532992,1.094912095899758,0.2827050875320547,-2.3047565878783804,-1.0920723711876037,0.6929564918029625,0.901128385225523,0.31859699595632535,-0.06040569131997253,1.4463186749258976,-0.023822360523325408,0.7599257035003096,0.28722491804966077,-0.7266364164431857,0.6789916953965348,15,8,7,0.000796393196249174,True
real_vs_fake,12,15.110018134166765,3.9492177301218846e-05,-1.431168059444029,1.076284940188634,0.277895576608295,-2.0271947927847425,-0.8351413261033156,0.5974969270776282,0.9877559824026719,0.3492244766572547,-0.22828773967591431,1.4232815938311707,0.6967341938129371,0.9862764404749014,0.3727774550655125,-0.21541937882653017,1.6088877664524044,15,8,7,0.001777147978554848,True
real_vs_fake,79,12.35645196583335,0.00015481937586534438,-1.7849881763892654,1.5936602220675218,0.41148129997204835,-2.667527790896427,-0.9024485618821035,0.8438249583411283,1.3805627079623528,0.4881026263267214,-0.31035434913716775,1.9980042658194241,1.1633377510551384,1.5679445219084958,0.5926273249308494,-0.28676907363050286,2.61344457574078,15,8,7,0.005573497531152398,True
real_vs_fake,145,11.351861502791582,0.0002643384820321695,-0.5421468526364073,0.9483944221975179,0.2448743868537995,-1.067350177772471,-0.016943527500343558,0.8754517069431105,1.3865937476028682,0.4902349208404281,-0.2837696758538344,2.034673089740055,1.7565694645710035,1.0974332148157255,0.41479076670064774,0.7416130217856767,2.77152590735633,15,8,7,0.007930154460965086,True
real_vs_fake,81,10.78842130308011,0.00036025954290704385,-1.5031345824278588,1.3674214492201138,0.35306670000508744,-2.2603873405458392,-0.7458818243098784,0.7109613122347073,1.4155680934870125,0.5004788990679896,-0.47248322991191805,1.8944058543813327,1.402003357717973,1.9327063161974494,0.7304943242831738,-0.38545186156466826,3.189458577000614,15,8,7,0.009263816817609698,True
real_vs_fake,129,8.851125283821034,0.0011065322362906502,-0.983405289301294,1.3062168908754666,0.3372637509930342,-1.7067640927483787,-0.2600464858542093,0.925699307144694,1.075940202552029,0.3804023066878836,0.02619078738868852,1.8252078269006993,1.1226940345183591,1.5294276075884967,0.5780692997079493,-0.2917905857201004,2.5371786547568185,15,8,7,0.024896975316539626,True
real_vs_fake,178,8.558433481183366,0.0013220499683621065,-1.1066377666139828,1.1150479203884747,0.28790413505918505,-1.7241307228854126,-0.4891448103425532,0.4557450405867153,0.5170362922855175,0.18279993419731963,0.02349188299416821,0.8879981981792624,-0.36638884302729463,0.43577695737295336,0.1647082080430328,-0.7694153092686442,0.036637623214055004,15,8,7,0.02497965114108515,True
real_vs_fake,139,8.43365988673156,0.001427269415798432,-1.0481660059564482,1.1928043267811335,0.30798075286049864,-1.7087190248265487,-0.3876129870863476,0.4375562182807832,1.028707165341839,0.3637029062342026,-0.4224644941753886,1.2975769307369551,0.7681630122630524,0.9675292219940849,0.3656916725120219,-0.12665227507164234,1.6629782995977471,15,8,7,0.02497965114108515,True
real_vs_fake,83,8.324690730957252,0.0015265342363996479,-0.8292427656576209,1.127413372898364,0.2910968811684597,-1.453583481282124,-0.20490205003311768,0.6432205067172428,1.0587435263420255,0.3743223635069021,-0.24191123194470765,1.5283522453791933,1.2526097853207432,1.5355145217380488,0.5803699370067372,-0.1675042915893068,2.672723862230793,15,8,7,0.02497965114108515,True
real_vs_fake,123,8.155646981773295,0.0016954897614660013,-0.9713232359427308,1.0482671564772799,0.27066141596084725,-1.5518342378285395,-0.3908122340569222,0.46558785959323873,0.8992545133161254,0.3179344821892204,-0.28620772740898587,1.2173834465954634,0.35992239593413927,0.6985715777331023,0.2640352382371164,-0.28614855762814856,1.005993349496427,15,8,7,0.02543234642199002,True
real_vs_fake,82,7.208130154624757,0.0031017294562887643,-0.9401085867521025,1.0924838331895246,0.282078112796258,-1.5451059680304935,-0.33511120547371165,0.4491131960574195,0.8019840672286558,0.2835441861704752,-0.22136226295942552,1.1195886550742644,0.1854395614123367,0.5468244657272269,0.20668022101714353,-0.32028872079177534,0.6911678436164488,15,8,7,0.04294702324092135,True
real_vs_fake,169,6.416415152636229,0.005249948866983483,-1.041658669619946,1.3364894088044015,0.3450800815121362,-1.7817818347127663,-0.3015355045271255,0.38366074785368864,0.9452241881709664,0.3341872165986198,-0.40656644908769823,1.1738879447950756,1.009224235257549,1.7486522230798127,0.6609284159727751,-0.6080093385447125,2.6264578090598105,15,8,7,0.06749934257550193,False
real_vs_fake,80,5.70129512556455,0.008600898384135535,-1.4191249745893566,1.5247297420747454,0.3936835265681746,-2.2634921616253125,-0.5747577875534006,0.40228891779943354,1.2515270382128703,0.44248162777931793,-0.644013870131793,1.44859170573066,0.25855583395900106,1.374074928630098,0.5193515062748665,-1.0122515216549655,1.5293631895729676,15,8,7,0.10321078060962642,False
real_vs_fake,124,5.536064261106316,0.009665274326020455,-0.9328805627793338,0.9665067881942008,0.24955097964483725,-1.4681141818784276,-0.3976469436802401,0.30036396975009716,0.7828916793725345,0.2767940077094217,-0.3541498535751614,0.9548777930753557,-0.026613775720946205,0.9095214487354097,0.343766795061868,-0.8677808205879582,0.8145532691460657,15,8,7,0.10873433616773012,False
real_vs_fake,45,5.327032275235729,0.011218910116928996,1.0029181186613114,1.4468581647954288,0.3735771717717948,0.20167477373518317,1.8041614635874397,-0.1608329136982216,1.2939459500142465,0.45747897787197156,-1.2425987993681642,0.920932971971721,-1.2758262123834878,2.0265082503882175,0.7659481229068337,-3.15003375168647,0.5983813269194942,15,8,7,0.11440135949889181,False
real_vs_fake,75,5.299819548834873,0.011440135949889182,-0.9883412162817866,1.2360398927992897,0.3191441280039767,-1.6728372935518514,-0.30384513901172183,0.29560343533589056,1.1820376759863163,0.4179134281539556,-0.6926047919432314,1.2838116626150124,0.7476194178163826,1.4980946070032197,0.5662265386539372,-0.6378870100487366,2.133125845681502,15,8,7,0.11440135949889181,False
real_vs_fake,143,5.224184731492685,0.012079987712886096,0.3596377313325688,1.1856381543308185,0.3061304550900906,-0.2969467935108767,1.0162222561760144,-0.6373898872773389,0.8604805519671617,0.3042258166875617,-1.356769631377368,0.08198985682269022,-1.6404456250671564,2.0994451913416374,0.7935156953571981,-3.582108584106233,0.3012173339719202,15,8,7,0.11444198885892091,False
real_vs_fake,73,5.087288609255562,0.013337956677922962,-0.6613628279899226,1.1471731706957098,0.2961988390213628,-1.29664615489965,-0.02607950108019519,0.04586835826993907,1.1951817812567525,0.42256057113863327,-0.953328616011371,1.0450653325512491,1.2997877439539391,1.8437520069092508,0.69687275565116,-0.40539846058894313,3.004973948496821,15,8,7,0.12004161010130666,False
real_vs_fake,38,4.943947450617951,0.01480739106151463,0.5190737810063915,1.5007299255584183,0.38748680058952334,-0.3120027506418789,1.350150312654662,-0.523790909161209,0.7732338294087255,0.27337944210887594,-1.1702305678587626,0.12264874953634464,-1.4712428529111463,1.760577291765927,0.6654356682743211,-3.099505275786161,0.15701956996386857,15,8,7,0.12692049481298254,False
real_vs_fake,74,4.745043944885417,0.017141528266642718,-0.692821537144149,1.3828013269684731,0.3570377673641609,-1.4585913876706948,0.07294831338239705,0.5300469183962443,0.8041181138926262,0.28429868560420624,-0.14221264827941404,1.2023064850719027,1.1576936374752111,1.9110874880763749,0.7223231753053148,-0.6097675005360355,2.9251547754864577,15,8,7,0.1402488676361677,False
real_vs_fake,173,4.521042749895822,0.02025242331404758,-0.7513685304553082,0.8832096983392105,0.22804376352510924,-1.2404737587266381,-0.2622633021839782,0.2964206305737902,0.6033730956184976,0.2133246037486794,-0.20801190091175803,0.8008531620593384,-0.18327147911855915,0.846493453119355,0.319944451914018,-0.9661473502150545,0.5996043919779362,15,8,7,0.15849722593602456,False
real_vs_fake,24,4.258078084591354,0.024697920995006045,-0.8765724631008726,0.8679220145995366,0.2240965005567197,-1.3572116543038897,-0.39593327189785543,0.16873691308502137,0.7133382529847464,0.25220315798263954,-0.42762879060901426,0.765102616779057,-0.1024330735630025,1.0672608650639972,0.40338669042728564,-1.0894847469636784,0.8846185998376734,15,8,7,0.18523440746254533,False
real_vs_fake,141,4.202081767067373,0.025773728632460767,0.24501536388978493,1.3254218920981256,0.3422224609863176,-0.48897881474013905,0.979009542519709,-0.6846467787564897,0.7321912943264908,0.25886871467200845,-1.2967740194485735,-0.07251953806440581,-1.7171486072240636,2.325390410221578,0.8789149609401095,-3.867776041297043,0.43347882684891625,15,8,7,0.18557084615371752,False
real_vs_fake,63,4.038082054280906,0.029224531412561816,-0.7271837572004664,1.2498089506198296,0.3226992834461045,-1.4193048845362854,-0.035062629864647255,0.5837483283045806,1.56991599906763,0.5550491244169873,-0.728734292117168,1.8962309487263291,1.0547980642241197,1.9322629519980985,0.730326748367215,-0.7322471115637954,2.841843240012035,15,8,7,0.20232367901004336,False
real_vs_fake,11,3.816124675816048,0.03470734316055355,-1.0309989729649647,1.4439789709162254,0.37283376710881766,-1.8306478734662037,-0.23135007246372574,0.2423099240882106,0.9269193090338482,0.32771546451529154,-0.5326140109266422,1.0172338591030634,0.24623764664392578,1.1500594461249565,0.4346816124839029,-0.8173899424177453,1.3098652357055969,15,8,7,0.23138228773702368,False
real_vs_fake,37,3.6432467943380047,0.03974196451569063,0.5670499138420342,1.5702533198784108,0.4054376638143995,-0.3025273902875838,1.4366272179716522,-0.3577779549002066,0.9901447200566369,0.35006902295405184,-1.1855596563087487,0.47000374650833543,-1.2432122338441582,1.789710595191242,0.6764470219504881,-2.8984184685265353,0.4119940008382186,15,8,7,0.24984818680633356,False
real_vs_fake,127,3.6096101300355894,0.040809788280306285,-0.012290101569909935,1.5584523989655705,0.4023906791367101,-0.8753322735245302,0.8507520703847103,-0.4270870600717884,0.8711387216175441,0.3079940487049727,-1.1553772569858158,0.3012031368422391,-1.6043083214753366,1.0092176216879076,0.38144840653289563,-2.5376789480210467,-0.6709376949296266,15,8,7,0.24984818680633356,False
real_vs_fake,174,3.5840635979721704,0.04164136446772226,-0.8079082143789752,0.8895073278279328,0.22966980446713633,-1.3005009536167742,-0.3153154751411762,0.18012130409820937,0.8171984524701373,0.2889232836583933,-0.5030736992902486,0.8633163074866673,-0.11646431860827279,0.9897557346118042,0.3740925046404111,-1.0318357016374027,0.798907064420857,15,8,7,0.24984818680633356,False
real_vs_fake,111,3.5036655325339745,0.044379397320202595,-0.7882041943631805,1.6460728372717752,0.42501417902653177,-1.6997689477156,0.12336055898923914,0.44230447079433743,1.5065601580915302,0.532649452025999,-0.8172113410639469,1.7018202826526219,1.060108627441487,1.7479229827993172,0.6606527890544605,-0.5564505115878557,2.67666776647083,15,8,7,0.2556724398300052,False
real_vs_fake,27,3.4735883621240564,0.045452878192000924,0.45203342117921214,1.5785287570180724,0.40757437249603257,-0.4221266672867308,1.3261935096451551,-0.8568402177161014,0.9214720228083035,0.3257895580007182,-1.6272101074802934,-0.08647032795190934,-1.2348702099887259,2.0635390172043673,0.7799444371716273,-3.143325496538581,0.6735850765611291,15,8,7,0.2556724398300052,False
real_vs_fake,171,3.3909384348357023,0.04854895188406547,-0.5908421126736111,1.180057354120512,0.3046894986718887,-1.2443360933734273,0.06265186802620526,0.3551539092296948,0.9483856880334546,0.3353049755943626,-0.43771636774046163,1.1480241861998512,0.843376518983766,1.7745184916876746,0.6707049465558607,-0.7977793633653288,2.484532401332861,15,8,7,0.2593283356986673,False
real_vs_fake,133,3.379774048020628,0.04898424118752605,-0.5156427304423551,0.8195386142575548,0.2116039603062276,-0.9694880876178394,-0.061797373266870737,0.23897484145873485,1.2402453764487105,0.43849295801107274,-0.797896241206904,1.2758459241243738,0.4720322416794224,0.7036266715949958,0.26594588412463915,-0.17871389394838638,1.1227783773072313,15,8,7,0.2593283356986673,False
real_vs_fake,43,3.3201131533631516,0.051382537518321114,-0.6826216489247083,1.2025804725618572,0.31050494284708785,-1.348588516875821,-0.01665478097359574,0.2696100210914553,0.8013843454748791,0.28333215251101496,-0.4003640579920759,0.9395841001749865,0.395331830489598,1.0537330579523785,0.3982736599413722,-0.5792087080198307,1.3698723689990269,15,8,7,0.26425305009422284,False
real_vs_fake,64,3.246156370570826,0.054532003630169995,0.2472629148399142,1.9753939436537131,0.5100445230646549,-0.846673788474543,1.3411996181543713,-1.5717044178834105,1.7709020554210444,0.6261084261027078,-3.052215586372462,-0.09119324939435924,-1.2707894585103143,1.4550204589863627,0.5499460409984245,-2.6164589437196213,0.07488002669899285,15,8,7,0.27266001815084995,False
real_vs_fake,26,3.1075599475201368,0.06100665121627983,-0.5302543328389723,1.1590556629944853,0.29926688534033585,-1.1721179646515485,0.11160929897360383,-0.15951808122839847,1.3676096253918761,0.48352302006529474,-1.3028683406781787,0.9838321782213817,0.9666968541086888,1.5729804493460784,0.5945307265909079,-0.48806742665643876,2.4214611348738164,15,8,7,0.29678911402514513,False
real_vs_fake,159,3.0195848321713896,0.06554169067534539,-0.02970873183637465,1.3488372546173768,0.34826828159181555,-0.7766699060185098,0.7172524423457605,0.18605519704025997,1.2919419703115758,0.4567704640534122,-0.8940353196717286,1.2661457137522485,-1.361140588589293,1.3780665152602842,0.5208601842120155,-2.635639546127231,-0.08664163105135558,15,8,7,0.31046064004110974,False
real_vs_fake,150,2.7292459366081405,0.08326802492812496,0.36147910316017257,1.5893030550758482,0.41035628429235527,-0.5186475926934848,1.24160579901383,-1.265157505976683,1.438419159201658,0.5085579708300721,-2.4677060171422873,-0.06260899481107884,-0.43666836817578586,1.8199160069887799,0.6878635945025713,-2.1198099495353113,1.2464732131837397,15,8,7,0.3774278437520026,False
real_vs_fake,95,2.7205477213286695,0.08387285416711168,-0.21349727228059848,1.2354952432844961,0.3190035001039556,-0.8976917327027483,0.47069718814155137,0.8329610853429779,1.349579331550979,0.47714834854445254,-0.2953154712326811,1.9612376419186368,0.8215255563504931,1.0184249760916186,0.38492845938790343,-0.1203604527687464,1.7634115654697324,15,8,7,0.3774278437520026,False
real_vs_fake,104,2.6817074661762588,0.08663177397804331,-0.7340332523816728,1.0510949006203814,0.27139153635908514,-1.3161102067781993,-0.15195629798514632,0.16886077863669158,0.7060950944888023,0.24964231473779402,-0.42144949301605483,0.759171050289438,-0.0070211795857459324,1.0848746955014443,0.41004409256624924,-1.0103629291780898,0.9963205700065979,15,8,7,0.38033461746458036,False
real_vs_fake,128,2.544448657088568,0.09718989301720636,-0.8200422375335802,1.1031298230290163,0.28482689555307433,-1.4309351714767686,-0.20914930359039163,-0.05123644767559238,0.8283352792626784,0.2928607465313462,-0.7437420712631808,0.6412691759119962,0.06992609632860074,0.9624557648878664,0.3637740859705351,-0.8201970257721339,0.9600492184293353,15,8,7,0.4165281129308844,False
real_vs_fake,144,2.45800285091625,0.10454315615655535,-0.08052884613824765,1.1475944375859009,0.2963076096646974,-0.7160454628758354,0.5549877705993401,0.7050760395043039,1.426846604186186,0.5044664547665249,-0.4877975735516551,1.8979496525602628,0.9925703979184387,0.8013813370756973,0.30289367474724577,0.2514162755425505,1.7337245202943268,15,8,7,0.42879252064262285,False
real_vs_fake,49,2.4549226787380425,0.10481594949041892,0.5088169760493064,1.2596114939692153,0.3252302892556143,-0.1887326188537919,1.2063665709524047,0.3053296436197825,1.3213527819484638,0.46716875622773407,-0.799348926942755,1.41000821418232,-0.8749846473732913,1.7143184967440719,0.6479514871918437,-2.4604648203500274,0.7104955256034448,15,8,7,0.42879252064262285,False
real_vs_fake,155,2.395262405464075,0.11025337689019633,-0.13311864206929797,1.7688612632832263,0.4567180142964899,-1.1126813592646627,0.8464440751260669,-0.7688159301308598,1.0373176577543475,0.36674717502132265,-1.6360351943894227,0.09840333412770308,-1.6352475598803078,1.3027312372794133,0.492386125570972,-2.8400730058792787,-0.4304221138813369,15,8,7,0.44101350756078533,False
real_vs_fake,10,2.3280121318026463,0.11674809943403266,-0.747737847985263,1.035176693137964,0.26728147286036,-1.320999592903227,-0.174476103067299,0.15311154435541552,0.8427762028755295,0.29796638403796816,-0.551466993500173,0.8576900822110041,-0.20980970984629338,1.0123140022350974,0.3826187283746502,-1.1460440107762464,0.7264245910836598,15,8,7,0.4441548295586974,False
real_vs_fake,46,2.3275588314929387,0.11679324690290559,0.5402280989311927,1.2244828188853034,0.3161601043506595,-0.13786788413080553,1.2183240819931909,0.11920716490946363,1.407527033713996,0.4976359551212764,-1.0575148830348446,1.295929212853772,-1.0112157352048494,2.3076256940076463,0.8722005293381522,-3.1454135470172977,1.1229820766075989,15,8,7,0.4441548295586974,False
real_vs_fake,48,2.2823822165362873,0.12138816791115087,-0.21604739027358727,1.1585987822696437,0.2991489192444349,-0.8576580099740494,0.4255632294268748,0.32629103932753195,1.260048635152047,0.4454944672704331,-0.7271359819305419,1.3797180605856059,-1.0593751345646478,1.4705461102948945,0.5558141856133787,-2.4194034523765193,0.30065318324722345,15,8,7,0.4441548295586974,False
real_vs_fake,160,2.2635858415858343,0.12335681784533344,-0.49073096831558244,1.440206311202757,0.3718596705594063,-1.2882906395048972,0.30682870287373226,0.2978721238084111,1.278352480577528,0.4519658538815071,-0.7708572951716411,1.3666015427884632,-1.0913662763450085,0.7499449937298653,0.28345256434101673,-1.784949715268477,-0.3977828374215401,15,8,7,0.4441548295586974,False
real_vs_fake,120,2.242058842793668,0.12565367657914653,-0.04850397786887572,1.5361709614052221,0.39663763669665747,-0.8992071009830449,0.8021991452452935,-1.176730694332838,1.0131946283911573,0.35821839619858564,-2.023782601350686,-0.32967878731499,-0.8289164828170424,0.8783686722445601,0.33199215231272977,-1.6412720147981896,-0.01656095083589515,15,8,7,0.4441548295586974,False
real_vs_fake,153,2.2402952775033524,0.12584386837496425,-0.5444422286778259,1.3156051601401413,0.3396877916938206,-1.2730000823509282,0.18411562499527645,0.43921849418603714,1.3247421667969774,0.4683670847329515,-0.6682936730213125,1.5467306613933867,-0.7801098019814962,0.8852425260131794,0.33459022482992845,-1.598822588395111,0.038602984432118626,15,8,7,0.4441548295586974,False
real_vs_fake,25,2.088795471524709,0.14339576577658197,-0.20009542103319605,1.202218192400736,0.31041140251170896,-0.8658616649182045,0.46567082285181244,0.33792431889495333,0.8721553410787041,0.3083534779624089,-0.39121579315793986,1.0670644309478465,0.7456314540000528,0.832813250077333,0.3147738211805809,-0.02459233947690087,1.5158552474770066,15,8,7,0.4963699584573992,False
real_vs_fake,97,1.8883613165783093,0.17076891266430058,-0.3877856599742458,0.9187178678584255,0.23721193347192454,-0.8965546571000733,0.12098333715158166,0.18468803265315314,1.7662189373587225,0.6244526938332253,-1.2919079511573353,1.6612840164636413,0.6716941606146813,1.0778292244803551,0.4073811548246615,-0.3251316150589102,1.668519936288273,15,8,7,0.5713288583943487,False
real_vs_fake,100,1.8841660876197417,0.1713986575183046,-0.5474443890530767,1.241333720413096,0.3205109884163743,-1.2348720903398938,0.1399833122337404,0.3669327908656478,0.754166066502774,0.2666379698824481,-0.26356581911385535,0.9974314008451509,-0.05593347959752566,1.069103750742486,0.40408323574157196,-1.0446895379825882,0.9328225787875369,15,8,7,0.5713288583943487,False
real_vs_fake,122,1.8395462230723327,0.17825304476363343,0.09263147929050457,1.1657507679759287,0.3009955540132852,-0.5529397780796339,0.738202736660643,-0.2742777169019267,0.6185499520959756,0.21869043281483924,-0.791398417927218,0.24284298412336458,-0.721229908243188,0.5770630625441187,0.21810933632757853,-1.2549242281485058,-0.1875355883378701,15,8,7,0.5833736010446184,False
real_vs_fake,158,1.7722713958485716,0.18915021011712474,-0.3954220253593837,1.539657232524142,0.39753778802892015,-1.2480557810681014,0.457211730349334,0.2470332593702706,1.613035754574655,0.5702942601780491,-1.1014983787909092,1.5955648975314505,-1.232260534360133,1.3516355620166152,0.5108702228981405,-2.4823149371666697,0.01779386844640385,15,8,7,0.6079828182336152,False
real_vs_fake,71,1.680598176690296,0.20516625410308434,-0.011463173890967966,1.593255222359776,0.4113767294971605,-0.8937785070356411,0.8708521592537052,-1.32361769907564,1.7516345239224511,0.6192963250130175,-2.788020808123708,0.14078540997242794,-0.23202867510764733,1.709830505840855,0.6462551860752391,-1.813358148779053,1.3493007985637586,15,8,7,0.6164469971342269,False
real_vs_fake,116,1.6688010053891746,0.207330858341317,0.8075818322570385,1.2827261005702058,0.33119845501693246,0.09723179487777822,1.517931869636299,0.11501551398833798,1.196751188800179,0.42311544049683436,-0.8854935178338401,1.115524545810516,-0.3023510506635293,1.8244369452841578,0.689572348562891,-1.989673802583943,1.3849717012568847,15,8,7,0.6164469971342269,False
real_vs_fake,154,1.657634558542753,0.20940234408763272,-0.32740209941473697,1.5443430569913468,0.3987476627039025,-1.1826307782204055,0.5278265793909317,0.2622934204150157,1.4591541812324653,0.5158889081730903,-0.9575900029787964,1.4821768438088276,-1.0186831825188651,0.5166187688953403,0.19526354073220303,-1.496475854433023,-0.5408905106047073,15,8,7,0.6164469971342269,False
real_vs_fake,134,1.633851047289283,0.21388889157032434,0.0008689652670235137,0.6853538121203313,0.176957593373454,-0.3786673253263324,0.38040525586037943,-0.3143675852795236,0.49719725747594173,0.1757857761742961,-0.7300348947063251,0.101299724147278,-0.534010739196115,0.8160714167816271,0.3084460029817611,-1.2887509193304856,0.22072944093825564,15,8,7,0.6164469971342269,False
real_vs_fake,142,1.6242215601973766,0.21573467653242512,-0.0666971494820598,1.418336679179776,0.3662129558518936,-0.8521458221362317,0.718751523172112,0.2395583256276621,0.9544429895476783,0.33744655508256216,-0.5583759821370046,1.0374926333923287,-0.9647451931555562,1.556805593820051,0.5884172058460125,-2.4045502275577784,0.4750598412466662,15,8,7,0.6164469971342269,False
real_vs_fake,110,1.6231456064971106,0.2159419760545167,-0.7615232805514772,1.3596119695587496,0.3510503010270202,-1.514451292983768,-0.008595268119186539,-0.11589627899950605,0.4502549025253248,0.15918914741907256,-0.49231879757702385,0.26052623957801174,-0.05163932627980738,0.4659300611128043,0.1761050100076581,-0.48255276231355104,0.3792741097539363,15,8,7,0.6164469971342269,False
real_vs_fake,163,1.6199754694000321,0.2165539979864973,-0.27539137442634315,1.417947660077676,0.36611251155164093,-1.060624615482456,0.5098418666297695,-0.11740854415487098,1.0388212119705291,0.3672787617123945,-0.9858848111949663,0.7510677228852243,-1.1196165728474035,0.5069998331347673,0.19162792474654844,-1.588513212920051,-0.6507199327747559,15,8,7,0.6164469971342269,False
real_vs_fake,167,1.6034319004963224,0.21977825013860336,-0.35437465024662357,1.2393415373303172,0.3199966089562277,-1.04069911731478,0.33194981682153274,0.10542456405311283,0.4316347571625226,0.1526059318927142,-0.25543112343731583,0.4662802515435415,-0.8769296377533503,1.1199311232523104,0.42329417680669135,-1.9126931755023011,0.1588338999956006,15,8,7,0.6164469971342269,False
real_vs_fake,130,1.5828598586866662,0.2238597326238147,-0.2818552314339077,1.3427420371216083,0.3466945032016407,-1.0254409866750631,0.4617305238072477,0.29145755613227453,0.9172793231809203,0.3243072148317177,-0.4754071490253161,1.0583222612898653,0.757279838984782,1.621210143577894,0.6127598375546323,-0.7420894694333197,2.2566491474028836,15,8,7,0.6164469971342269,False
real_vs_fake,109,1.5720816184580089,0.2260305656158832,-0.46151774463860523,1.3483162410393987,0.34813375646443845,-1.2081903911183516,0.28515490184114106,0.36672479133339947,0.5700017337763615,0.2015260456206772,-0.10980858346884759,0.8432581661356465,0.09745881973503752,1.0320472012908797,0.39007717655655516,-0.8570256464423694,1.0519432859124445,15,8,7,0.6164469971342269,False
real_vs_fake,68,1.5176815561616936,0.23733776345550558,-0.156804859354998,1.7088492465121987,0.44122297819472256,-1.1031340293904863,0.7895243106804904,-1.5045522742877366,1.9468487026376515,0.6883149597896578,-3.1321585209404734,0.12305397236500015,-0.6231347433564842,1.6775797902182534,0.6340655613407721,-2.174637279804113,0.9283677930911443,15,8,7,0.6323035007548606,False
real_vs_fake,148,1.5034624307284687,0.24039237628738375,0.47913825500408375,1.4520762841607475,0.37492448439848824,-0.3249947881082402,1.2832712981164076,0.04179708097644652,0.7152201426277492,0.2528685064466456,-0.5561419218313379,0.639736083784231,-0.5908921419889225,1.6564242519468577,0.6260695194667975,-2.122829068812871,0.941044784835026,15,8,7,0.6323035007548606,False
real_vs_fake,157,1.4694404641900227,0.24787385176082152,0.09841731583765737,1.158130829054089,0.299028094243725,-0.5429341600097145,0.7397687916850292,0.1655444662501398,1.4359508006056958,0.5076852742792697,-1.0349404454871556,1.366029377987435,-0.8693503453302827,1.6040013275259832,0.6062555164644591,-2.3528041533891875,0.6141034627286219,15,8,7,0.6323035007548606,False
real_vs_fake,103,1.4630353577444768,0.2493101128386944,-0.46904078212308686,1.0354161389498815,0.2673432975031517,-1.0424351277118957,0.104353563465722,0.19731696847951874,0.5037906626111252,0.1781168969153953,-0.22386256558507694,0.6184965025441145,-0.45941618279407026,1.0828266331056098,0.40926999774211764,-1.4608637905873367,0.5420314249991961,15,8,7,0.6323035007548606,False
real_vs_fake,76,1.441341463360068,0.254241472666582,-0.9818049927824772,1.4346490373227196,0.3704247886135597,-1.7762871482756066,-0.18732283728934784,-0.0077203315138024975,1.3350722891288604,0.4720193345086321,-1.1238686971136007,1.1084280340859956,-0.09533278615943029,1.8326571214106464,0.6926792831005822,-1.7902579330208526,1.5995923607019922,15,8,7,0.6323035007548606,False
real_vs_fake,136,1.440701679081012,0.25438848675989595,-0.16933788724053367,1.1023200739973538,0.2846178192521252,-0.7797823971166874,0.44110662263562006,0.13996346407805876,1.0044444449840562,0.3551247391866921,-0.6997731065433557,0.9797000346994731,-0.8091554121608996,1.2037764653382683,0.45498473734248884,-1.9224629580543207,0.3041521337325216,15,8,7,0.6323035007548606,False
real_vs_fake,20,1.4201837367933903,0.2591519979554444,-0.4131478617069735,1.6542079505703413,0.4271146562481889,-1.329217690642678,0.502921967228731,0.27915752004884214,1.5824965393447765,0.5594970170874678,-1.0438426952500066,1.6021577353476908,-1.0403601318083289,1.0301766980377633,0.389370192780229,-1.9931146710048762,-0.08760559261178158,15,8,7,0.6323035007548606,False
real_vs_fake,106,1.405950498812973,0.2625126686440056,-0.21401040948809313,1.2297682508542362,0.31752479701687214,-0.8950333672136833,0.46701254823749705,0.23553668618417756,0.5830138689739651,0.206126530138648,-0.25187510587834044,0.7229484782466955,-0.6923281267225462,1.1053031222040406,0.4177653120993037,-1.7145630198956132,0.32990676645052075,15,8,7,0.6323035007548606,False
real_vs_fake,7,1.401974539092936,0.26345979198119196,-0.4109942218124024,1.5577180677037918,0.4022010756202122,-1.2736297346688557,0.4516412910440507,0.3785996908242896,1.5293178468202961,0.5406955100381206,-0.8999420249391799,1.6571414065877592,-0.753676732095652,0.3350247970883851,0.12662747087653475,-1.0635229912639605,-0.4438304729273435,15,8,7,0.6323035007548606,False
real_vs_fake,61,1.3732460520892003,0.2704133191806046,-0.24484379154666105,1.8814895586000482,0.4857985151014087,-1.2867779797463987,0.7970903966530767,-1.4953955296280284,1.776737266679532,0.6281714848279741,-2.9807850568113046,-0.010006002444752138,-0.8579561155266596,1.305698363581237,0.49350759389999255,-2.0655256956705945,0.3496134646172754,15,8,7,0.6348365650051933,False
real_vs_fake,1,1.3685484364762772,0.2715689750299993,-0.6270602667427061,1.2202098736821219,0.3150568346432476,-1.3027899716230644,0.04866943813765212,0.21823989033032692,1.1066723153530404,0.3912677493687761,-0.7069613186932082,1.1434410993538622,-0.1276959320097099,1.2641963759517154,0.477821317016765,-1.296882575347734,1.041490711328314,15,8,7,0.6348365650051933,False
real_vs_fake,29,1.3406010268283481,0.2785548750561529,0.49388340960108373,1.433427388645518,0.37010936028144514,-0.2999222194043342,1.2876890386065016,-0.3910928651856934,1.403141261449491,0.4960853504667907,-1.5641483157593723,0.7819625853879856,-0.48760065471128605,1.9632737865552312,0.742047742108178,-2.3033260689911597,1.3281247595685874,15,8,7,0.6428189424372759,False
real_vs_fake,16,1.3259844567904648,0.2822851799572552,-0.5099784089926891,1.5599661720257085,0.4027815336601669,-1.3738588805261318,0.35390206254075374,0.3114224948141464,1.7409026518583326,0.6155020352573352,-1.1440085446600652,1.766853534288358,-0.9793339244645666,1.396752775020764,0.5279229265348988,-2.2711147898939505,0.3124469409648173,15,8,7,0.643181422687417,False
real_vs_fake,180,1.294164312080772,0.2905928758515835,0.027458595819424968,1.4241716230889474,0.3677195318909786,-0.7612213610677123,0.8161385527065623,-0.9461446962809487,1.51059471057096,0.5340758817346279,-2.2090334784214494,0.31674408585955216,-0.03940431186725256,1.3757247118790272,0.5199750657311275,-1.3117374625046376,1.2329288387701327,15,8,7,0.6452543409619159,False
real_vs_fake,32,1.2782549649515222,0.29484467018905614,0.22992578723747453,1.6953096668792542,0.437727073765853,-0.7089054135167416,1.1687569879916906,-0.6410511680372885,0.9940476479750592,0.3514489163528512,-1.4720957988412442,0.1899934627666673,-0.6169016853663826,1.379162157131427,0.5212742979144488,-1.8924139426305255,0.6586105718977603,15,8,7,0.6452543409619159,False
real_vs_fake,152,1.263636050517678,0.29881054005615754,-0.2555241259274625,1.6546279860025195,0.42722310893043175,-1.1718265627323103,0.6607783108773855,0.37664065924615375,1.3525803045891154,0.4782093527371647,-0.754144773574634,1.5074260920669416,-0.9357180460936598,1.7121599013860056,0.647135614834892,-2.5192018513311494,0.6477657591438297,15,8,7,0.6452543409619159,False
real_vs_fake,23,1.2572144458943326,0.30057069283219034,-0.07145684490030747,1.3564078717813246,0.35022300653824767,-0.8226104871260911,0.6796967973254762,0.2878219934383711,1.4694720080077255,0.5195368108130376,-0.9406873490053097,1.516331335882052,-0.8645178338499763,1.5772016591455025,0.5961261939282086,-2.3231860825508597,0.5941504148509072,15,8,7,0.6452543409619159,False
real_vs_fake,42,1.2439088437206767,0.30425328318949546,0.6834463708654358,1.3088971302063799,0.33795578581253266,-0.041396699650084856,1.4082894413809566,0.3219059591505899,1.189587331805919,0.42058263456678835,-0.6726139383448233,1.3164258566460032,-0.31099988968049963,1.7060177449988982,0.6448140979328988,-1.8888031476978684,1.2668033683368694,15,8,7,0.6452543409619159,False
real_vs_fake,118,1.239421800414588,0.3055060647312089,0.04208069517514793,1.1755351556206544,0.30352187204000924,-0.608908975468155,0.6930703658184508,-0.40690408066519856,0.5879861865210254,0.2078845098665176,-0.8984728342260455,0.08466467289564833,-0.575234566080055,0.5944535884633189,0.22468233729198234,-1.12501243994276,-0.02545669221735003,15,8,7,0.6452543409619159,False
real_vs_fake,19,1.219483021491331,0.3111403642498556,-0.6841041019797313,1.4241937639416196,0.36772524863455663,-1.4727963200623928,0.1045881161029304,0.17599053550844357,1.6032898990249793,0.5668485799042289,-1.164393363514026,1.5163744345309134,-0.8042037477240995,1.0630175930602612,0.40178288436055876,-1.7873310490531633,0.17892355360496415,15,8,7,0.6452543409619159,False
real_vs_fake,149,1.2156252789711837,0.31224331557267176,0.18219317522389164,0.9451632186249218,0.24404009367880813,-0.3412207690166298,0.7056071194644131,-0.13231537865512333,1.40490479061654,0.496708852183211,-1.3068451765083595,1.0422144191981126,0.8295356816198778,1.5020927290755277,0.5677376867560238,-0.5596683924450723,2.218739755684828,15,8,7,0.6452543409619159,False
real_vs_fake,65,1.2044654891417197,0.31545767780360334,-0.31747479025886727,1.7073971418591016,0.4408480463854962,-1.2629998115410501,0.6280502310233155,-1.356069802552368,1.6921273573984983,0.5982573645238753,-2.770723675399508,0.05858407029477197,-0.9862829056856773,1.1484001507159447,0.43405445776906915,-2.0483759024431203,0.0758100910717655,15,8,7,0.6452543409619159,False
real_vs_fake,151,1.1777502032705502,0.32329778477148213,0.058710010726975154,1.4476008438825294,0.3737689306875226,-0.7429446161688956,0.8603646376228459,-0.8537662809789693,1.8633307617171597,0.6587869086018493,-2.411549781690741,0.7040172197328024,0.23333211586809627,1.3566720765144085,0.5127738464461024,-1.021380285958067,1.4880445176942596,15,8,7,0.6464259897399045,False
real_vs_fake,132,1.1674491062210848,0.3263765221351384,-0.12689274825258592,1.4792684034879406,0.38194545941864183,-0.9460842851243387,0.6922987886191669,-0.9720345808636821,1.205905784300836,0.4263520787756016,-1.9801970460534668,0.03612788432610259,-0.690126806445544,1.0628654633468098,0.40172538473358504,-1.6731134112559292,0.2928597983648412,15,8,7,0.6464259897399045,False
real_vs_fake,28,1.1660262391159022,0.32680425036850724,-0.25717206113144436,0.9022093499811,0.23294945248462795,-0.7567989457782154,0.24245482351532666,-0.026357457719717592,0.7490999802373761,0.26484683790627866,-0.6526207135905671,0.599905798151132,0.31838764412865606,0.7229290724991352,0.27324150591018503,-0.35021023490767644,0.9869855231649886,15,8,7,0.6464259897399045,False
real_vs_fake,31,1.1187209597044392,0.34137309764929397,-0.016808553133016466,1.7987044584907481,0.4644234941655798,-1.012897880975624,0.9792807747095911,-0.547614231237253,1.3002381943823966,0.45970362220277244,-1.6346405648429756,0.5394121023684697,-1.0997286272405742,1.4644741078758967,0.5535191844189714,-2.4541412794314583,0.25468402495030995,15,8,7,0.6515167215805272,False
real_vs_fake,85,1.113211076668569,0.34311483832350104,0.13009948623991732,0.9504745955547202,0.24541148530511075,-0.39625580050462006,0.6564547729844546,0.3538393875502017,1.2074346720614724,0.42689262222721114,-0.6556012597942984,1.3632800348947018,1.0496546797230117,2.0986475771852096,0.7932142255428992,-0.8912706092546943,2.9905799687007177,15,8,7,0.6515167215805272,False
real_vs_fake,161,1.1030602419648412,0.34634868078892456,-0.06504270172932568,1.6435105583069027,0.4243526014425792,-0.975188512286659,0.8451031088280077,-1.041402433724458,1.258561078481109,0.4449685365657234,-2.093585826483518,0.010780959034601967,0.07624868555090554,2.127453691018219,0.8041019131772364,-1.891317815330825,2.043815186432636,15,8,7,0.6515167215805272,False
real_vs_fake,135,1.0977635795871081,0.3480490702225951,-0.07882636389033171,0.880149902394005,0.22725372760920431,-0.5662371336462518,0.4085844058655884,-0.19947661366413044,0.6906614574263754,0.244185700025187,-0.7768840418358482,0.3779308145075874,-0.5864298274776029,0.42015100778936815,0.15880215424340424,-0.9750047006831415,-0.19785495427206418,15,8,7,0.6515167215805272,False
real_vs_fake,138,1.079334791602133,0.3540354932045591,-0.1895764560510016,1.2451728036642709,0.3215022354494746,-0.8791301707788501,0.49997725867684695,0.20171197638166732,1.4537888673933481,0.5139919832736735,-1.0136859323915335,1.417109885154868,-0.7753562400286382,1.188127464453963,0.44906997097013146,-1.8741908739887845,0.323478393931508,15,8,7,0.6515167215805272,False
real_vs_fake,44,1.0782331551166282,0.3543968357649364,0.2854924049040337,1.469274001233613,0.3793649158528879,-0.5281644164802981,1.0991492262883655,-0.23646507319026533,0.7405326807274164,0.2618178401163043,-0.8555658874289206,0.38263574104838993,-0.5113224589932263,1.236358916705543,0.46729974640286964,-1.654763746503451,0.6321188285169986,15,8,7,0.6515167215805272,False
real_vs_fake,66,1.0686062763024597,0.35757141058415504,-0.9397398421415472,1.1857153815690955,0.306150395077272,-1.5963671340040566,-0.2831125502790378,-0.2518566564005995,1.0291804963000475,0.36387025399935,-1.1122730834406886,0.6085597706394897,-0.7997764195330691,0.8906891764803367,0.33664886520341303,-1.6235265174738087,0.023973678407670618,15,8,7,0.6515167215805272,False
real_vs_fake,98,1.044629225535163,0.3656116598299678,-0.07389119065239091,1.1202685446151643,0.28925209443830346,-0.6942752322560076,0.5464928509512258,-0.9943820269124342,1.8286135159614838,0.6465125086528701,-2.5231411838311004,0.5343771300062321,-0.04565086582267343,2.023698771623746,0.7648862397461895,-1.917260070635344,1.825958338989997,15,8,7,0.6515167215805272,False
real_vs_fake,72,1.0333401637665025,0.3694642764490079,-0.2354813276449295,1.0674614201382702,0.2756173535276292,-0.8266217584501238,0.35565910316026483,-0.9640788930304739,1.327838304937555,0.4694617348702979,-2.074179496499602,0.1460217104386542,-0.6895498803530986,1.3361685925020412,0.5050242579165148,-1.925299722164717,0.5461999614585198,15,8,7,0.6515167215805272,False
real_vs_fake,35,1.0266514372394564,0.3717674907986806,-0.15125484087898394,1.6911156564961944,0.4366441849413589,-1.0877634760979302,0.7852537943399622,-1.1757778667467274,1.6937965401408734,0.5988475097419619,-2.5918272112885163,0.24027147779506164,-0.06760447678560798,2.063742697219996,0.7800214209813969,-1.9762481359319344,1.8410391823607186,15,8,7,0.6515167215805272,False
real_vs_fake,5,1.0218423947746165,0.37343297746985415,-0.41821157242907137,1.32308062872858,0.3416179493836952,-1.150909202620999,0.3144860577628563,0.3786714658360232,1.4225490325988053,0.5029470337604891,-0.810609287460684,1.5679522191327302,-0.21498011250139795,0.9562225038131572,0.3614181347333037,-1.0993384295990314,0.6693782045962355,15,8,7,0.6515167215805272,False
real_vs_fake,86,1.0210490474784182,0.3737085018863623,0.4670451579679103,1.3877017692087565,0.3583030561098722,-0.3014384670168095,1.23552878295263,-0.2930913905999969,1.0273513262095804,0.36322354471189355,-1.1519785931752362,0.5657958119752425,-0.053972404528953674,1.302779973726876,0.4924045462166535,-1.2588429242241483,1.1508981151662412,15,8,7,0.6515167215805272,False
real_vs_fake,69,1.0127273365492084,0.37661177165707727,-0.082071888918872,1.6091893553461343,0.4154909049433218,-0.9732112507922303,0.8090674729544863,-1.0587287300605261,1.6540004902889804,0.5847774813846062,-2.4415077443279136,0.3240502842068613,-0.3255376681157882,1.3904566046463265,0.5255431978173482,-1.6114955471436871,0.9604202109121107,15,8,7,0.6515167215805272,False
real_vs_fake,58,0.9990168734274696,0.38144803189802323,-0.3772239680915598,0.9278122474319689,0.2395600921807527,-0.8910292647572001,0.13658132857408056,0.05078477189602543,0.7024995324717205,0.2483710915955664,-0.5365195346854235,0.6380890784774744,-0.4338189158705385,0.2802196731155315,0.10591308107592977,-0.6929788891465101,-0.174658942594567,15,8,7,0.6515167215805272,False
real_vs_fake,126,0.9829269251183771,0.3872088657392504,-0.3840629559625021,1.6421257365323096,0.42399504199788157,-1.2934418777827088,0.5253159658577045,-0.6840849041445194,0.792878646759881,0.2803249338909625,-1.3469480411492332,-0.021221767139805503,-1.2639398290374437,1.1991820462746334,0.45324821016231853,-2.3729982459938705,-0.1548814120810167,15,8,7,0.6515167215805272,False
real_vs_fake,6,0.9827007852150107,0.38729049560620227,-0.42734930089580264,1.3501391206406645,0.348604421953628,-1.175031424451225,0.32033282265961976,0.3303063643501477,1.5738701358569245,0.5564471228857121,-0.9854819971544372,1.6460947258547325,-0.3954145258927721,0.610874845236914,0.23088898895456345,-0.9603795292645754,0.16955047747903124,15,8,7,0.6515167215805272,False
real_vs_fake,13,0.9522228014597481,0.3984631132380741,-0.4409627827070475,1.574546713911543,0.4065462133870013,-1.3129176892028789,0.4309921237887838,0.3916638031066832,1.6486569250122245,0.5828882457631526,-0.9866478787932422,1.7699754850066087,-0.5614941664085747,1.3129845004282241,0.4962614947736372,-1.7758022992371094,0.6528139664199598,15,8,7,0.6641051887301235,False
real_vs_fake,121,0.936570322675566,0.40433511525658494,-0.6153351243447241,1.5916560158611928,0.41096381615474986,-1.4967648464493313,0.2660945977598831,-0.00949005684919458,0.883948735064748,0.3125230723927771,-0.7484896930114425,0.7295095793130534,-0.9128604926893266,1.052782284041609,0.3979143011812373,-1.8865217119897684,0.06080072661111524,15,8,7,0.6677093646439017,False
real_vs_fake,62,0.8435229634919269,0.4412168895437119,-0.06952286864613731,1.4129605553210007,0.3648248466404146,-0.8519943431421529,0.7129486058498783,-0.9581241237292738,1.859152347170121,0.6573096159714394,-2.512414382460479,0.5961661350019315,0.0014443279292584948,2.0893833247966533,0.7897126672710341,-1.930912956615546,1.933801612474063,15,8,7,0.7112170569566416,False
real_vs_fake,162,0.8430991401106487,0.44139292818844056,-0.07272429389474004,1.610741432646255,0.41589164957901475,-0.964723167527987,0.819274579738507,-0.9222140802963487,1.6525034930969547,0.5842482129516569,-2.303741573591582,0.4593134129988844,-0.6680537649856879,1.4477245019766265,0.5471884284521416,-2.006975615374629,0.6708680854032534,15,8,7,0.7112170569566416,False
real_vs_fake,78,0.8369225385744236,0.44396701108245573,-0.5029120023313588,1.3537849763789398,0.349545777857429,-1.2526131334978463,0.24678912883512882,0.1858202029632657,0.823086449150324,0.29100500484847525,-0.5022972888363145,0.873937694762846,-0.2091849385164166,1.2763587302611847,0.48241825485389506,-1.389619883527091,0.9712500064942577,15,8,7,0.7112170569566416,False
real_vs_fake,113,0.8309146361926912,0.44648626353389165,-0.04499521734236695,1.3530270149413768,0.3493500730557791,-0.7942766034555142,0.7042861687707802,0.29901236260495473,0.6874309048620464,0.24304352721257869,-0.2756942560345596,0.873718981244469,-0.5002577607303247,1.2854289827247825,0.48584648804635944,-1.6890812901681287,0.6885657687074793,15,8,7,0.7112170569566416,False
real_vs_fake,77,0.8185569256465741,0.4517165406047315,-0.391660732518955,1.3605541813943591,0.3512935790768812,-1.14511052447405,0.3617890594361401,0.05920775968224781,1.2628272433100918,0.44647685360584,-0.9965422361289626,1.1149577554934582,0.475809532814365,2.045816495806133,0.773245953710949,-1.4162551551708575,2.3678742207995875,15,8,7,0.7132366430601024,False
real_vs_fake,30,0.7994760024835794,0.4599220283026312,-0.01778095596600814,1.8541572820125867,0.4787413516322638,-1.0445790339026637,1.0090171219706476,-0.8051690189553101,1.2949746350052527,0.4578426729383942,-1.8877949067995003,0.27745686888888,0.26247995278481284,1.9398677383262897,0.7332010874240975,-1.531598477305597,2.0565583828752225,15,8,7,0.7168348914633932,False
real_vs_fake,117,0.7879420476862669,0.4649595734342686,0.3944302050608755,1.1607191580962908,0.2996963979287219,-0.24835463963356413,1.0372150497553152,0.14671761383419185,1.301996805456322,0.46032538511069365,-0.9417789554223421,1.235214183090726,-0.37107127946059826,1.6927066971584432,0.6397829947506806,-1.9365638714770643,1.1944213125558676,15,8,7,0.7168348914633932,False
real_vs_fake,166,0.7857067860321033,0.4659426794512056,-0.14025083521192377,0.9977131900657673,0.25760843796107946,-0.6927659836461464,0.4122643132222989,0.43344928191113963,1.6311741587974762,0.5767071544909789,-0.9302464416652952,1.7971450054875744,0.4225043453092394,1.2320859686116952,0.4656847238283826,-0.7169851243236063,1.5619938149420851,15,8,7,0.7168348914633932,False
real_vs_fake,56,0.7298231018685293,0.49126136284811195,-0.4126296237585781,1.2844325292535468,0.3316390530084038,-1.1239246498446696,0.2986654023275133,0.1606987342535616,1.0777366202502168,0.3810374362559996,-0.7403116282821146,1.0617090967892377,0.0015459477766898864,0.9196218782773175,0.347584398590842,-0.8489624364083413,0.8520543319617212,15,8,7,0.7427942593851049,False
real_vs_fake,57,0.7109836341124055,0.5001266464925149,-0.10319142158528122,1.4290159852203133,0.3689703408148305,-0.8945540968014247,0.6881712536308624,-0.055920123418914336,0.8380819361016193,0.2963067101037029,-0.7565741560398029,0.6447339092019742,-0.6918346152904878,0.8189790822699842,0.3095449972357551,-1.4492639374892966,0.06559470690832103,15,8,7,0.7427942593851049,False
real_vs_fake,18,0.7098948126456134,0.5006442385096899,-0.5129257575202824,1.5510403990494597,0.4004769089875642,-1.37186330073528,0.34601178569471525,-0.02128379260511487,1.1720190061586577,0.4143712934671524,-1.001116202301414,0.9585486170911843,-0.8049802209061383,0.6545210573386353,0.24738570651043948,-1.4103112379704061,-0.19964920384187046,15,8,7,0.7427942593851049,False
real_vs_fake,4,0.6984122412213364,0.5061378604496997,-0.4336893997058439,1.3527792256160096,0.34928609412707806,-1.182833564664406,0.31545476525271815,0.21858579533113826,1.2730364688823066,0.4500863599222281,-0.8456993266520807,1.2828709173143573,-0.18039010641771025,1.0013140451780744,0.37846113540246845,-1.1064511438317948,0.7456709309963742,15,8,7,0.7427942593851049,False
real_vs_fake,67,0.6962313251335165,0.5071885768759575,-0.042097572177648195,1.2042908248611375,0.31094655391183856,-0.7090116016616753,0.6248164573063789,-0.16970435000712458,1.6750032625409057,0.5922030827261326,-1.5700421212893456,1.2306334212750962,0.6939474639404567,2.0446485112548127,0.7728044970455262,-1.197037018498376,2.5849319463792892,15,8,7,0.7427942593851049,False
real_vs_fake,70,0.6954282358664268,0.5075760772464883,-0.3080113315694383,1.195829060439062,0.3087617357327566,-0.9702393921074496,0.35421672896857304,-0.8561303222061378,1.7679971189010517,0.6250813759466062,-2.334212902988469,0.6219522585761934,0.039900814118979645,1.767551857702788,0.6680718064131148,-1.594812006409105,1.6746136346470641,15,8,7,0.7427942593851049,False
real_vs_fake,33,0.65455008045616,0.5277265431930037,-0.3248205639904023,1.9680775291145,0.5081554329537,-1.4147055719826063,0.7650644440018017,-1.0120641531494068,1.4974419908678531,0.5294256930880715,-2.263956986441779,0.2398286801429652,-0.06963727812510687,1.1501304045975351,0.43470843226559663,-1.1333304928284496,0.9940559365782358,15,8,7,0.7599457452050733,False
real_vs_fake,84,0.6545231445499197,0.5277401008368564,0.3224957370312029,1.3494302387979562,0.3484213894488788,-0.4247938208445771,1.0697852949069828,0.06953828193479734,0.8305780588285339,0.29365368885120774,-0.62484235229245,0.7639189161620448,-0.2872234727050461,1.0562691035754128,0.39923219508880975,-1.2641094622264788,0.6896625168163866,15,8,7,0.7599457452050733,False
real_vs_fake,156,0.6381778122240687,0.536036599173279,-0.2725842736546165,1.365972274170487,0.35269252461622447,-1.029034505379617,0.4838659580703841,0.2563340094249109,1.6334234975676858,0.5775024158397793,-1.109242208423252,1.6219102272730739,-0.5273971618930042,1.1499795818402971,0.43465142662163936,-1.5909508888105657,0.5361565650245572,15,8,7,0.7605599469599802,False
real_vs_fake,87,0.6230994390261098,0.5438143281855313,0.14961716211179296,1.6135964636038866,0.416628815402469,-0.7439627749663866,1.0431970991899726,-0.6719428944708574,1.7530646016770386,0.6198019338519639,-2.1375415784413176,0.793655789499603,-0.017972371899353096,1.8237548459959705,0.6893145392648913,-1.7046642871931563,1.66871954339445,15,8,7,0.7605599469599802,False
real_vs_fake,119,0.6137457340506765,0.548700013957494,-0.4086029531628872,1.426721612797447,0.3683779364025799,-1.198695047281772,0.3814891409559975,-0.5713987114882817,0.816227832781099,0.2885801177763572,-1.2537822565097578,0.11098483353319444,-1.0109818800180626,0.9165176286807613,0.3464111025279905,-1.8586193121620007,-0.16334444787412428,15,8,7,0.7605599469599802,False
real_vs_fake,114,0.6110730595129041,0.5501046666233365,0.14982983193942326,1.2367062237613384,0.3193161739185818,-0.5350352471179973,0.8346949109968438,0.2290100555933871,0.7712021499325092,0.2726611349414609,-0.4157310765560039,0.8737511877427782,-0.391812736254526,1.5032010703253789,0.5681566003724381,-1.7820418550120865,0.9984163825030343,15,8,7,0.7605599469599802,False
real_vs_fake,47,0.6030776108603622,0.5543298688222883,0.4806486761505414,1.416840422226478,0.3658266239677756,-0.3039713970214559,1.2652687493225387,0.16217044811961906,1.4181443024441454,0.5013897264796606,-1.0234278586136591,1.3477687548528974,-0.2711588928691446,1.7809034563731798,0.6731182363684002,-1.91821988266079,1.3759020969225007,15,8,7,0.7605599469599802,False
real_vs_fake,137,0.5926803513570416,0.5598765212867958,-0.1391576591486195,0.9064680149313394,0.23404903504658492,-0.6411429138365423,0.3628275955393034,0.12462439213418758,1.4552090392263994,0.5144940898404738,-1.0919608100037534,1.3412095942721287,-0.5342572540112254,1.3488287625638364,0.5098093524221285,-1.7817158002774787,0.7132012922550279,15,8,7,0.7605599469599802,False
real_vs_fake,54,0.591600921514944,0.5604557739530083,-0.1324885418808418,1.2912573983513747,0.3334012266321327,-0.8475630544969067,0.5825859707352231,-0.06561545730519863,0.8068723925927274,0.28527247017726587,-0.7401776585981408,0.6089467439877434,0.4307429238134127,1.1789175905045877,0.4455889658163744,-0.6595739973821085,1.521059845008934,15,8,7,0.7605599469599802,False
real_vs_fake,92,0.5887861424761857,0.5619692941426521,-0.21690805979022681,1.0216254555651292,0.26378255836435405,-0.7826653794749945,0.3488492598945409,0.38469340860657314,1.7820643553475564,0.6300548950885452,-1.105149676154548,1.8745364933676945,0.057724395695007695,1.078548751993607,0.40765311066202337,-0.9397668319400128,1.055215623330028,15,8,7,0.7605599469599802,False
real_vs_fake,170,0.5736290264063318,0.5701951741285616,-0.06310975564365201,1.1382171986931429,0.2938864169936934,-0.6934334305715864,0.5672139192842822,-0.6111633796910307,1.5587302996206838,0.5510943824513622,-1.9142945213520706,0.6919677619700091,0.14107234800256271,1.8895795235319621,0.7141939288207847,-1.6064972404448088,1.888641936449934,15,8,7,0.761168366448318,False
real_vs_fake,34,0.569669144913264,0.5723654738173681,-0.3350271688833614,1.5234999544505472,0.3933659967689818,-1.1787133222329915,0.5086589844662686,-0.5984418948636755,1.504938880293204,0.5320762437633072,-1.8566022845627854,0.6597184948354345,0.183293822047065,1.1213913450955386,0.4238460887861437,-0.8538201956651967,1.2204078397593268,15,8,7,0.761168366448318,False
real_vs_fake,36,0.5646936513206087,0.5751049879831736,-0.3289309209844063,1.941784200291277,0.5013665246437868,-1.4042551688080138,0.7463933268392013,-0.16238474296415706,1.1062902544822826,0.39113267045250666,-1.0872665411064026,0.7624970551780885,-0.995053545760016,1.2494293378675236,0.47223990124936627,-2.1505829567106245,0.16047586519059265,15,8,7,0.761168366448318,False
real_vs_fake,50,0.5496721557247757,0.5834616372546524,-0.33972830495651235,1.1629235049092108,0.3002655578284355,-0.9837338762271544,0.3042772663141296,0.08931126718192967,1.5288971226071344,0.5405467615660525,-1.1888787143371005,1.3675012487009597,-0.7037363353649068,1.9583453710483731,0.7401849761383579,-2.5149037255173177,1.1074310547875044,15,8,7,0.7665919321593974,False
real_vs_fake,96,0.53122393543989,0.5939034793523249,0.11788240335738721,1.1417763402474999,0.2948053833914813,-0.5144122584671664,0.7501770651819408,-0.16024455143757746,1.077184763266234,0.3808423253481899,-1.0607935499888965,0.7403044471137417,-0.425398748321272,1.3587784340950972,0.5135699747790564,-1.682059206000373,0.831261709357829,15,8,7,0.7746567121986846,False
real_vs_fake,2,0.5154385855349417,0.6029975161985933,-0.0846283194164632,1.333735496967684,0.3443690245334342,-0.8232264189670125,0.6539697801340861,0.18714462004769855,1.4385370048103014,0.5085996355445747,-1.015502412512254,1.389791652607651,-0.5563852402522718,1.6216380149164082,0.6129215577196095,-2.0561502636586253,0.9433797831540818,15,8,7,0.7808600929190417,False
real_vs_fake,59,0.4955023392658331,0.6146972126894974,-0.06660848487278243,1.2162959302542757,0.3140462587956445,-0.7401707201280703,0.6069537503825055,-0.26464168520365344,0.6828569558270249,0.241426392022846,-0.8355243867554216,0.3062410163481148,-0.5281621752435676,0.8311155335752579,0.31413214465755507,-1.2968158428317278,0.24049149234459266,15,8,7,0.7852203896586741,False
real_vs_fake,8,0.49484129075430294,0.6150893052326281,-0.5425219004479575,1.3363215600240594,0.3450367431434065,-1.2825521139844502,0.19750831308853534,-0.048546346868801465,0.7285946098619744,0.25759709468468456,-0.6576666841000491,0.5605739903624463,-0.39357490124218636,1.0076578743435645,0.3808588774498634,-1.32550300208803,0.5383531996036575,15,8,7,0.7852203896586741,False
real_vs_fake,99,0.4857542259819781,0.6205064955686239,-0.3252802350468397,1.0974829146547527,0.2833688700803355,-0.933046015365453,0.28248554527177355,0.08666976061630258,0.5833405937167485,0.2062420447792498,-0.4010151801667964,0.5743547013994016,-0.3877580850423363,1.3950716894677362,0.5272875359197652,-1.6779842056454433,0.9024680355607706,15,8,7,0.7865575295940304,False
real_vs_fake,101,0.45224929991162505,0.640927345211109,-0.17438555912796497,1.3217160747418282,0.34126562305931585,-0.9063275245095607,0.5575564062536308,0.21243080027322342,0.8576386902433861,0.3032210668395236,-0.5045730879693506,0.9294346885157974,0.27625291380614087,1.2717340538887318,0.4806702914859427,-0.8999049189241235,1.4524107465364053,15,8,7,0.805050529463831,False
real_vs_fake,21,0.44300638328909675,0.6466869857321681,-0.3985226232159657,1.3314409234349434,0.3437765681948373,-1.1358500302983199,0.3388047838663885,0.11545116160060537,1.501702347208938,0.5309319565175976,-1.1400034187265116,1.3709057419277222,-0.3647555047719628,0.8977433487585932,0.33931509171108054,-1.195029623952151,0.46551861440822545,15,8,7,0.805050529463831,False
real_vs_fake,53,0.4400946105795239,0.6485129265125306,-0.30722213354449174,1.2438585192709353,0.3211628886783033,-0.9960480218349441,0.3816037547459607,0.013485086367794469,0.6201216941377576,0.21924612754284925,-0.5049496238878315,0.5319197966234204,-0.4687937993654399,0.855264648937294,0.32325965231900605,-1.2597816736218213,0.3221940748909414,15,8,7,0.805050529463831,False
real_vs_fake,39,0.3986153259776144,0.6751342668291035,0.1571823504748379,1.6042068436833834,0.4142044259638472,-0.7311977884090572,1.045562489358733,0.15051776972160474,1.0806592564845672,0.38207074420612497,-0.7529359778523015,1.053971517295511,-0.4051840027997796,1.461294661282554,0.5523174665628576,-1.7566561573268062,0.9462881517272471,15,8,7,0.8323573152687577,False
real_vs_fake,94,0.36947133040593794,0.6945397844183334,-0.5457121491843789,1.2550185537245413,0.32404439718376443,-1.2407182585584664,0.14929396018970853,-0.3235551881670887,1.1842676893570874,0.4187018569422601,-1.3136277532796894,0.6665173769455119,-0.040318291047762536,1.498965644592733,0.5665557599174289,-1.4266302943241687,1.3459937122286434,15,8,7,0.850456878879592,False
real_vs_fake,52,0.3409507077149023,0.7141113371693455,0.2766542242547972,1.3983475707656527,0.36105179025233136,-0.49772484912729426,1.0510332976368886,0.12021984485797413,1.0401053076855773,0.3677327581062961,-0.7493299530652765,0.9897696427812247,-0.20431723999425744,1.2090898686760247,0.45699301503492945,-1.3225388643737017,0.9139043843851868,15,8,7,0.8536745036979334,False
real_vs_fake,147,0.3386572394941954,0.7157107050442665,0.32567096442255,1.4621887130184674,0.3775355023021987,-0.4840621551315671,1.135404083976667,0.29557441715380595,1.0040930176210674,0.35500049085096014,-0.5438683528397167,1.1350171871473287,-0.18397178594819016,1.6586053182082912,0.6268938850268984,-1.7179258626308254,1.349982290734445,15,8,7,0.8536745036979334,False
real_vs_fake,17,0.33520122510897765,0.7181280548578202,-0.1826326869720432,1.3931522124416993,0.3597103545012479,-0.9541346668125137,0.5888692928684274,0.05717544994435164,1.5052230099698996,0.5321766987738711,-1.2012224781089316,1.315573377997635,-0.556079152736461,1.536456686942447,0.5807260419817052,-1.9770645871300119,0.8649062816570898,15,8,7,0.8536745036979334,False
real_vs_fake,176,0.33240568422469524,0.7200898445191024,-0.290038322412655,1.2560681538942826,0.32431540278227006,-0.9856256809867685,0.4055490361614586,-0.6235203392827395,0.8290056551726892,0.2930977602073026,-1.3165864111564538,0.06954573259097463,-0.22315849662253776,0.811911511257003,0.3068737064823784,-0.974051405819055,0.5277344125739796,15,8,7,0.8536745036979334,False
real_vs_fake,22,0.3312810430650336,0.7208806920115882,-0.4323326352327464,1.3352138859299119,0.3447507429220959,-1.1717494393018308,0.307084168836338,-0.050189530956685824,1.3008242000379522,0.45991080648920096,-1.1377057775506463,1.0373267156372747,-0.09849227280757374,0.7156708376954926,0.270498151017649,-0.7603774042454633,0.5633928586303157,15,8,7,0.8536745036979334,False
real_vs_fake,15,0.32455158439144494,0.7256323805943469,-0.056647607515957696,1.4309619979939934,0.3694727991524285,-0.8490879486858147,0.7357927336538994,0.4036772382097147,1.2850463623997501,0.45433249849598445,-0.6706484060206321,1.4780028824400615,0.04169345507809598,1.0497588293397369,0.39677154271817694,-0.9291715349960873,1.0125584451522793,15,8,7,0.8536851536404081,False
real_vs_fake,108,0.30782695230138096,0.7375880033337116,-0.13634450831125025,1.4307757740662441,0.3694247163410393,-0.9286817221073221,0.6559927054848217,0.25105992773610836,0.5146194019994711,0.18194543444199596,-0.17917265901202029,0.681292514484237,0.1240200278932356,1.1210873130160164,0.4237311754614292,-0.9128128070429279,1.160852862829399,15,8,7,0.8606144431201485,False
real_vs_fake,177,0.2969932773866328,0.7454452701038096,-0.2756989324330276,1.4036252627888683,0.36241448447315305,-1.05300069423964,0.5016028293735846,-0.5149554725044045,1.9424332370462922,0.6867538569587849,-2.1388702975440292,1.10895935253522,0.11891742994394076,1.5959083413603892,0.6031966552133093,-1.3570516142685174,1.594886474156399,15,8,7,0.8606144431201485,False
real_vs_fake,179,0.29641683939161495,0.7458658507041287,0.041344524617032,1.1932202642242067,0.3080881474465044,-0.6194388327314883,0.7021278819655522,-0.22673661576169427,1.3674620168200493,0.4834708325542448,-1.3699634713572155,0.9164902398338269,0.2688061957992987,1.2378741778296878,0.4678724612751283,-0.8760364745191829,1.4136488661177802,15,8,7,0.8606144431201485,False
real_vs_fake,102,0.2727594561693816,0.7633485424836335,-0.2716684493564231,1.5949632653826253,0.41181774430930057,-1.154929665199349,0.6115927664865027,0.16086651488469925,0.8225214307422589,0.2908052406745562,-0.5267786097046326,0.8485116394740312,-0.07275974430837313,1.196156106377605,0.4521045123837806,-1.1790196336163676,1.0335001449996213,15,8,7,0.8710012037529585,False
real_vs_fake,3,0.271161083797492,0.7645455010720413,0.010265143093548933,1.6149606100334688,0.4169810364960397,-0.8840702330973249,0.9046005192844229,0.33224399037365165,1.0583248011675022,0.37417432180172266,-0.5525376852819843,1.2170256660292875,-0.22680302319170045,1.5879536037502682,0.6001900470045733,-1.6954151621464526,1.2418091157630518,15,8,7,0.8710012037529585,False
real_vs_fake,105,0.22723990045880782,0.7982379225889606,-0.22458414274780722,1.3200582859702574,0.340837583839061,-0.9556080553078937,0.5064397698122792,0.11885947527347997,0.8296590904740588,0.29332878447363514,-0.5747528821831106,0.8124718327300705,-0.20721352353223318,1.3334988588498682,0.5040151934435962,-1.4404942735264978,1.0260672264620314,15,8,7,0.9036655727422196,False
real_vs_fake,112,0.2189331623943671,0.8047876092425288,-0.5438942031216009,1.313517360369287,0.3391487241109716,-1.2712958718191207,0.1835074655759189,-0.34667914442739234,1.3226793666680488,0.4676377747532526,-1.4524667675698173,0.7591084787150325,-0.1645351336554973,1.15975683747845,0.4383468818963903,-1.237131313880223,0.9080610465692284,15,8,7,0.905386060397845,False
real_vs_fake,51,0.20822152950718406,0.8133188417784745,-0.08729535190218325,1.35234415552998,0.349173759513903,-0.8361985830778151,0.6616078792734486,0.17868705251980302,0.9422418095165006,0.33313278651330036,-0.6090468134702286,0.9664209185098346,-0.18863620742845327,0.9299542458673004,0.3514896664619275,-1.0487004378491394,0.6714280229922327,15,8,7,0.9093005684479838,False
real_vs_fake,146,0.20064018531928987,0.819415650115068,-0.5311270804857855,1.3022464929528303,0.33623859865755507,-1.2522871508506468,0.1900329898790758,-0.16800972554271382,1.2829445471716259,0.45358939459568054,-1.240578208268949,0.9045587571835214,-0.45938606587914627,1.4200299851482017,0.5367208849938407,-1.7726947601275962,0.8539226283693038,15,8,7,0.9104618334611867,False
real_vs_fake,115,0.17862278690905115,0.8374016953638416,0.11803789547825977,1.2933731934098551,0.33394752256716487,-0.5982083053869258,0.8342840963434455,0.3806005346109814,1.0049692518254583,0.35531028642487633,-0.45957478550965947,1.2207758547316223,0.040584388406700214,1.172552904387643,0.4431833405823143,-1.0438461798941858,1.1250149567075864,15,8,7,0.9225264234058586,False
real_vs_fake,140,0.17485234587186674,0.8405240746586711,-0.13045291554185107,1.2119285390151584,0.3129186032266129,-0.8015965701441237,0.5406907390604214,-0.14821631507425898,0.9167868351735378,0.32413309402688106,-0.9146692899540261,0.6182366598055082,-0.46319610041127895,1.725732324916153,0.6522655087419222,-2.059232303844997,1.132840103022439,15,8,7,0.9225264234058586,False
real_vs_fake,165,0.1418825974325957,0.8683658211940916,-0.6400735543714842,1.8038903796850851,0.4657624932602739,-1.6390347496475255,0.35888764090455716,-0.9539918258450959,2.2067865990488786,0.7802168844095303,-2.7989115922220353,0.8909279405318433,-1.0066923111553978,0.7204895879784093,0.27231946742889473,-1.6730340433046493,-0.3403505790061463,15,8,7,0.9473081685753727,False
real_vs_fake,131,0.13491046179694385,0.8743794759562269,-0.1710896882445095,0.948791980621528,0.24497703599748855,-0.6965131738974836,0.3543337974084645,-0.345887963793101,0.5310652716504043,0.1877599274183384,-0.7898696416438049,0.09809371405760292,-0.22998302791359285,0.4790402285849387,0.1810601875473261,-0.6730213465936776,0.2130552907664919,15,8,7,0.9481223233260291,False
real_vs_fake,55,0.12821405541310937,0.8801974364860984,0.05774523705002685,1.1217042049386425,0.2896227803398796,-0.5634338467406891,0.6789243208407428,-0.06425422442796393,0.688383366650247,0.24338027330720755,-0.6397571210494668,0.511248672193539,-0.16973076379741428,1.0482138354666424,0.3961875899231303,-1.1391668728568887,0.7997053452620602,15,8,7,0.9487157998053755,False
real_vs_fake,93,0.09173358128961358,0.9126312963255135,-0.1349588683699088,1.0466848795078558,0.2702528738040695,-0.7145936344764072,0.44467589773658966,0.09098442466914747,1.632448994272081,0.5771578768954739,-1.273777088035693,1.4557459373739876,-0.14301895360930897,1.3623077212735264,0.5149039199475496,-1.4029434575299733,1.1169055503113554,15,8,7,0.967996773523911,False
real_vs_fake,168,0.08679182888463188,0.9171226855650942,-0.00011639107924672487,1.3660433670088574,0.3527108807081607,-0.7566059927058744,0.7563732105473808,0.10280481579932926,0.8055919206182196,0.284819754969119,-0.5706868841333639,0.7762965157320223,-0.14821897783960192,1.013222208806191,0.3829619981926772,-1.0852932297554254,0.7888552740762217,15,8,7,0.967996773523911,False
real_vs_fake,88,0.08398676516504844,0.9196826696968102,-0.4591767428274389,1.27474051815858,0.32913658650426625,-1.165104512068496,0.246751026413618,-0.6514475569358833,1.3661802987212934,0.48301767677464486,-1.793602869385213,0.4907077555134465,-0.4051246796061331,1.140418945750747,0.43103784584041954,-1.4598362928850581,0.6495869336727919,15,8,7,0.967996773523911,False
real_vs_fake,41,0.08008103356567409,0.923259947177648,-0.03511067741799886,1.3792921848812214,0.35613171077326744,-0.7989372298298965,0.7287158749938987,0.05185137355237681,0.7789636200317582,0.2754052290110387,-0.5993785099825899,0.7030812570873435,-0.1874303834635729,0.9936815080651161,0.3755763075348458,-1.1064325013798582,0.7315717344527124,15,8,7,0.967996773523911,False
real_vs_fake,172,0.07821460253994096,0.9249746947006261,-0.26042140793285207,1.1836188846059468,0.3056090818890287,-0.9158876984752228,0.39504488260951864,-0.1889742091985555,0.9038913819125342,0.31957386280321615,-0.9446463153582256,0.5666978969611145,-0.40108193738878867,0.8793539832262341,0.3323645648586684,-1.2143487300421083,0.4121848552645309,15,8,7,0.967996773523911,False
real_vs_fake,91,0.0701532527301521,0.9324202958310258,0.21320534571684127,0.834481898663685,0.2154622997490665,-0.24891532653311213,0.6753260179667947,0.07975356485457752,1.3949362918060895,0.49318445562965124,-1.0864423594358812,1.2459494891450362,0.06948372412569263,0.8454625971056104,0.31955482496403464,-0.712438764169363,0.8514062124207482,15,8,7,0.9701482846796801,False
real_vs_fake,164,0.06006334716564203,0.9418303396671792,-0.5853404892784996,1.3628140860625304,0.35187708395313744,-1.3400417747245243,0.16936079616752509,-0.418927983078228,1.9176253618334411,0.6779829485638665,-2.0221029054187296,1.1842469392622739,-0.3904069452569608,0.7515375291861955,0.2840544861655171,-1.085463233826262,0.30464934331234034,15,8,7,0.9743072479315646,False
real_vs_fake,89,0.04661516227831488,0.9545312787581091,-0.20544296576967888,1.2466014341859124,0.3218711062640213,-0.8957878297101287,0.4849018981707709,-0.04489748026510404,1.4112498203576194,0.4989521589615848,-1.2247318557302453,1.1349368952000372,-0.030198419046694815,2.0577592521835535,0.7777598913314183,-1.933308314490773,1.8729114763973833,15,8,7,0.9768548442863084,False
real_vs_fake,14,0.04596815140187765,0.9551469588577237,-0.21350565222548537,1.2278177611733447,0.31702118274680263,-0.893448464768785,0.46643716031781435,-0.19228041553364372,1.1099482135278034,0.39242595427570187,-1.1202203439684093,0.7356595129011219,-0.0578665323643338,0.9663786284205502,0.36525678901835307,-0.951617698124503,0.8358846333958354,15,8,7,0.9768548442863084,False
real_vs_fake,90,0.03663512503845043,0.9640756559464534,-0.033984199250593386,1.4903875113589715,0.38481640072592094,-0.8593332928199917,0.791364894318805,-0.14915163095422662,1.4281017315678868,0.5049102093079516,-1.3430745567605977,1.0447712948521444,0.054332149825958576,1.4558905849995374,0.5502749177184456,-1.292142067727134,1.4008063673790512,15,8,7,0.9789159074992475,False
real_vs_fake,60,0.03252194748774126,0.9680390640825892,0.02392578113936962,1.2154167218058014,0.31381924815039214,-0.6491495647059654,0.6970011269847046,0.12039238925081683,0.5819223973306412,0.20574063663841444,-0.3661069096825168,0.6068916881841505,0.004963145840044493,0.7355680651071022,0.2780185960906228,-0.6753238517727894,0.6852501434528785,15,8,7,0.9789159074992475,False
real_vs_fake,9,0.02371785780257248,0.976581522782615,-0.07971572270645727,1.1461278961622285,0.29592895029733696,-0.7144201958736751,0.5549887504607605,0.016793779608195142,0.8702588739676111,0.3076829755851334,-0.7107608462626418,0.7443484054790321,-0.0716780186417565,0.9965854808828689,0.3766739060905408,-0.9933658634717715,0.8500098261882585,15,8,7,0.9820372854797246,False
real_vs_fake,40,0.008256372555820013,0.991780120630989,-0.12467380536344347,1.5808528684551857,0.40817445548874387,-1.0001209438437995,0.7507733331169126,-0.05555892850765566,0.5983437993376076,0.2115464789962726,-0.5557868630813053,0.444669006065994,-0.0807081517789948,1.0600148807360967,0.40064796577935763,-1.0610584073816327,0.8996421038236432,15,8,7,0.991780120630989,False
real_vs_fake_in_positive,107,14.94642139901363,4.267099248419935e-05,-1.4058743268181346,0.9342196570990241,0.2412144782429416,-1.9232279286866345,-0.8885207249496347,0.32600161672264416,0.5288758666055858,0.18698585584136082,-0.11614967270466986,0.7681529061499581,0.05756713712960404,0.7693866141229022,0.2908008061473164,-0.653996801754778,0.7691310760139861,15,8,7,0.007680778647155882,True
real_vs_fake_in_positive,125,12.942932667120031,0.0001143736593131476,-1.5907333794695353,0.9172161980429125,0.23682420399279228,-2.0986707795700066,-1.082795979369064,0.013121352428269617,0.814172216203141,0.2878533475654604,-0.6675436541271846,0.6937863589837239,0.05188041789712753,0.8333804324564337,0.3149881959695978,-0.7188679317916584,0.8226287675859134,15,8,7,0.010293629338183284,True
real_vs_fake_in_positive,175,10.715974021312432,0.0003750849658578014,-1.278056616010123,0.8270095128472008,0.21353293802748782,-1.7360392189234564,-0.8200740130967896,0.0053795227699722226,0.6871224453044487,0.2429344702901291,-0.5690692172259137,0.5798282627658582,0.02726879148413776,0.6993406428431177,0.26432591752613316,-0.6195134286753277,0.6740510116436031,15,8,7,0.022505097951468083,True
real_vs_fake_in_positive,145,9.52314223904556,0.0007417948611202275,-0.4798392184040389,0.8936556259963248,0.2307408904485553,-0.9747292085964008,0.01505077178832287,1.0587066802631284,1.4130749488080585,0.4995974393135058,-0.12265354077124169,2.2400669012974985,1.1217667946519145,0.4086775376365373,0.15446559014350245,0.7438031115356754,1.4997304777681537,15,8,7,0.03338076875041023,True
real_vs_fake_in_positive,83,8.24282539019953,0.0016059801354544555,-0.7145341690219138,1.1057050168551885,0.28549180773987576,-1.3268531977719884,-0.1022151402718392,0.6204088122088534,0.5977761887362414,0.21134579834362288,0.12065541197328467,1.1201622124444222,0.8437537940954101,1.0106950538516097,0.38200682340205616,-0.0909832293053281,1.7784908174961482,15,8,7,0.0578152848763604,False
real_vs_fake_in_positive,178,7.343956334016564,0.0028397086629825545,-0.9866931490178243,0.8965811310248748,0.23149625259887666,-1.4832032298947524,-0.49018306814089635,0.24393383911464284,0.5502718788345162,0.1945504885100743,-0.21610496417550212,0.7039726424047879,-0.18253696135804126,0.6515024484419092,0.24624477958956742,-0.785076230818337,0.4200023081022544,15,8,7,0.08519125988947664,False
real_vs_fake_in_positive,79,6.833547138350813,0.003968518341842242,-1.2618282466057138,1.4099641106664613,0.3640511679574237,-2.0426403453617246,-0.4810161478497028,0.3172038290911268,1.1114741661823062,0.39296546001058613,-0.6120118276882196,1.2464194858704731,0.514339679035091,0.9291564509294473,0.3511881283186724,-0.34498671412929194,1.373666072199474,15,8,7,0.10204761450451479,False
real_vs_fake_in_positive,173,6.169769165653302,0.006211776483494365,-0.7059054454993474,0.5966005349636709,0.15404159575018223,-1.036291809449954,-0.3755190815487408,0.25278487341517564,0.5595073353698649,0.19781571548182364,-0.2149749647593227,0.7205447115896739,-0.3393447616371556,0.745081712740432,0.2816144169047498,-1.0284304158146707,0.3497408925403595,15,8,7,0.1354035906773834,False
real_vs_fake_in_positive,24,6.033592268818457,0.006822558647130367,-0.8532328439286903,0.7089695171212866,0.18305514218529714,-1.2458470760426164,-0.46061861181476416,0.15701702916083063,0.5960990020085951,0.2107528232894055,-0.34133420788094615,0.6553682662026074,-0.33578135853808805,0.6734448082779283,0.25453821206156724,-0.9586139262007907,0.2870512091246145,15,8,7,0.1354035906773834,False
real_vs_fake_in_positive,129,5.89280396264882,0.007522421704299076,-0.9708314980655236,1.1758586735050693,0.3036054039985785,-1.6220003269415817,-0.3196626691894656,0.29070083129280866,0.7647362492339023,0.270375093826229,-0.34863467259536685,0.9300363351809842,0.4181054553619174,1.054416274841449,0.39853189165280073,-0.5570669533825472,1.393277864106382,15,8,7,0.1354035906773834,False
real_vs_fake_in_positive,81,5.53448031319807,0.009676137924619039,-1.042548349266174,1.2562875763201289,0.3243720574090092,-1.7382572199295265,-0.3468394786028214,0.2702184010007379,0.9943333087709088,0.35154991269578334,-0.5610650482050373,1.101501850206513,0.49459187460203685,1.169021636647766,0.4418486468319571,-0.5865728157434513,1.575756564947525,15,8,7,0.158336802402857,False
real_vs_fake_in_positive,12,5.13344390711251,0.012898779390136478,-1.0428562452451808,1.1004383990597453,0.28413197287236963,-1.6522587182736617,-0.4334537722166999,-0.061335963922397874,0.9205580233285511,0.3254664103856512,-0.8309417309991582,0.7082698031543626,0.306077535296259,0.8812565384785083,0.33308366315196514,-0.5089488274930665,1.1211038980855845,15,8,7,0.18321100310528396,False
real_vs_fake_in_positive,141,5.098282920574961,0.013231905779826062,0.7493817768673557,1.0665970005125625,0.27539416133999584,0.15872004569504472,1.3400435080396669,-0.6440136855689748,1.0102159749800887,0.3571652831857002,-1.4885753760168858,0.20054800487893631,-0.8793000882062617,1.9300894559397446,0.7295052440749317,-2.6643351154056223,0.9057349389930988,15,8,7,0.18321100310528396,False
real_vs_fake_in_positive,124,4.8708878236998565,0.01562244172327284,-0.878219730410419,0.8149900039517742,0.21042951417538255,-1.3295461511587903,-0.4268933096620477,0.07322797844098802,0.6639042339315994,0.23472559293574694,-0.481809851084375,0.6282658079663511,-0.20431656530421774,0.6397314024425802,0.24179574239166368,-0.7959694329187779,0.38733630231034244,15,8,7,0.20085996501350795,False
real_vs_fake_in_positive,120,4.747617193150905,0.01710892387498967,0.507210647486197,1.095112722089409,0.28275688899147683,-0.09924256393977471,1.1136638589121688,-0.797870567489631,1.2095436125187937,0.42763824527645644,-1.8090743331789234,0.21333319819966123,-0.5602323555515547,0.8146440654092881,0.307906514872516,-1.3136524558378617,0.1931877447347523,15,8,7,0.20530708649987603,False
real_vs_fake_in_positive,123,4.517238469759134,0.02031022869098926,-0.7913546410608223,0.8947355303259751,0.23101972054750416,-1.2868426623376004,-0.2958666197840442,0.06753330639227459,0.45763836174106554,0.16179959445910486,-0.3150619385636022,0.45012855134815133,-0.13334671687126617,0.3870233956392427,0.14628109377502801,-0.4912836588278322,0.22459022508529983,15,8,7,0.22849007277362915,False
real_vs_fake_in_positive,174,4.221293048221715,0.025399073536848688,-0.7526386769852227,0.6890131364496861,0.17790242685251817,-1.1342014338467745,-0.37107592012367085,0.11344428237908717,0.7189325227301633,0.25418103101902506,-0.48759834786335715,0.7144869126215315,-0.2961416859707987,0.6664757752653526,0.25190416517158515,-0.9125289730819326,0.3202456011403352,15,8,7,0.2660609567177186,False
real_vs_fake_in_positive,143,4.160452687172696,0.026606095671771864,0.6758805068586465,1.0187330702805608,0.2630357476951575,0.1117249367555666,1.2400360769617265,-0.611788370862795,1.3334782784270103,0.471455766620351,-1.7266041101665448,0.5030273684409546,-0.8381277001132383,1.8658007394586595,0.7052063932297187,-2.563705581210243,0.8874501809837663,15,8,7,0.2660609567177186,False
real_vs_fake_in_positive,127,3.7855600912054284,0.035545057048519485,0.3316977742746991,1.1343403660570655,0.29288542311132265,-0.29647898229963926,0.9598745308490375,-0.5273074893405301,1.185403250036148,0.41910333827056634,-1.5183294069386055,0.4637144282575453,-1.004533629151699,1.039034935605319,0.39271829187424073,-1.9654806717001914,-0.04358658660320669,15,8,7,0.33674264572281615,False
real_vs_fake_in_positive,64,3.7054821573101426,0.03784455758352389,0.42882597503930747,1.6412170350342923,0.4237604162799819,-0.48004972466450474,1.3377016747431196,-1.1497473430815617,1.260230057904158,0.4455586098995728,-2.20332603755606,-0.0961686486070632,-1.0359640212421721,1.5776740613845959,0.596304745191556,-2.495069169145377,0.42314112666103276,15,8,7,0.3405534588941924,False
real_vs_fake_in_positive,73,3.56828624420061,0.04216401771486694,-0.6471202903209431,1.103326479881895,0.2848776721341488,-1.2581221291992781,-0.03611845144260806,-0.21196129660582252,1.0681997148302358,0.37766563100899797,-1.1049986066827908,0.6810760134711458,0.7405669762011274,1.2742629555726837,0.4816261264782097,-0.4379297004994541,1.919063652901709,15,8,7,0.3405534588941924,False
real_vs_fake_in_positive,106,3.4783595264979708,0.04528074635892911,-0.11112159204828859,1.103570755369931,0.2849407437939521,-0.7222587061829546,0.5000155220863776,0.5783701741645652,0.5912868336523397,0.20905146485094572,0.08404201054702243,1.072698337782108,-0.6615852280023373,0.7231576944663233,0.27332791689153163,-1.3303945470929959,0.007224091088321227,15,8,7,0.3405534588941924,False
real_vs_fake_in_positive,133,3.4724515593077228,0.0454939948240826,-0.6670220445444901,0.7334533145108045,0.1893768314880651,-1.0731949517201453,-0.26084913736883486,0.03128479548269805,0.8832839926812718,0.31228805046922803,-0.7071591021394699,0.7697286931048659,0.031074989438489495,0.45124821810001386,0.17055579495052456,-0.3862600065074019,0.4484099853843809,15,8,7,0.3405534588941924,False
real_vs_fake_in_positive,169,3.438607004162978,0.046736591149094474,-0.7064815104905936,1.1461923724087246,0.29594559799259734,-1.3412216894129902,-0.07174133156819684,-0.05008575169893356,0.8790324254519842,0.31078489445997814,-0.7849752501677018,0.6848037467698346,0.5644968000573211,1.1496251326414588,0.43451745741699194,-0.4987291160257,1.627722716140342,15,8,7,0.3405534588941924,False
real_vs_fake_in_positive,139,3.423602667378556,0.04729909151308228,-0.7086089005760228,1.1349242925919991,0.2930361922943364,-1.3371090248870372,-0.08010877626500823,0.036450028453876016,0.7898526980774182,0.27925509947451654,-0.6238833521445211,0.6967834090522731,0.36722322650840944,0.7228427304353726,0.2732088716775565,-0.30129479943735116,1.03574125245417,15,8,7,0.3405534588941924,False
real_vs_fake_in_positive,71,3.324849262625115,0.051187617731860466,-0.046117865451041136,1.039397818358183,0.2683713627057043,-0.6217171916005962,0.529481460698514,-1.2761846937444015,1.205454449737331,0.42619250791038243,-2.283969833796441,-0.2683995536923618,-0.3472764394401991,1.088295890919354,0.4113371828894411,-1.3537822670689619,0.6592293881885638,15,8,7,0.35437581506672633,False
real_vs_fake_in_positive,144,3.1757244559022118,0.05772477975851071,-0.2457295380020002,1.2309898312566216,0.3178402077205049,-0.9274289844059687,0.4359699084019683,0.8544665041736227,1.228848969451316,0.43446371967656305,-0.17287694381078722,1.8818099521580325,0.647600383496825,0.4103170071219605,0.15508525136357512,0.26812044399749513,1.027080322996155,15,8,7,0.3757518205023553,False
real_vs_fake_in_positive,167,3.16030346604548,0.05845028318925527,-0.22950399449811876,1.1181409300786456,0.2887027467271644,-0.8487098024438463,0.3897018134476088,0.45482286775849257,0.41461100869537654,0.14658712790154768,0.10819939015115965,0.8014463453658255,-0.6650136556900234,0.595893620811236,0.22522661835947907,-1.21612333734714,-0.11390397403290675,15,8,7,0.3757518205023553,False
real_vs_fake_in_positive,63,3.0734972033979164,0.06272125266837461,-0.6282543067283475,1.388262999228328,0.3584479650778183,-1.397048730538478,0.14054011708178304,0.42365382431736076,1.0942089740339782,0.3868612927873004,-0.4911277706100263,1.3384354192447478,0.6290224760028236,1.2059019981395984,0.4557881132276074,-0.4862508598648183,1.7442958118704655,15,8,7,0.3893043269071527,False
real_vs_fake_in_positive,155,2.9986420585575764,0.06667379378648534,0.26033357557806724,1.3196471316194094,0.3407314242421573,-0.47046264729178544,0.9911297984479199,-0.7291811892908616,1.3190262626733735,0.4663462074497453,-1.8319147410648489,0.3735523624831255,-1.0987427754736305,1.3739052943801031,0.5192873905549629,-2.36939324557272,0.17190769462545918,15,8,7,0.4000427627189121,False
real_vs_fake_in_positive,38,2.861430853147892,0.07463088257082925,0.7243154746236559,1.4259705146077266,0.368184003683903,-0.06536067518185906,1.513991624429171,0.006058795645772969,0.9721174797687141,0.34369543102721706,-0.8066517557228196,0.8187693470143654,-0.7278054346062783,1.5392511881093818,0.5817822641425894,-2.1513753515227387,0.6957644823101818,15,8,7,0.43334060847578276,False
real_vs_fake_in_positive,82,2.801098728854962,0.07844730437432013,-0.5458149885590832,1.1894324357422759,0.3071101343379172,-1.2045007164116963,0.11287073929352998,0.47720367320001045,0.7723892716448651,0.2730808458479112,-0.16852991753743096,1.1229372639374517,0.10371812132357859,0.8722457470399608,0.3296779041144985,-0.7029746493148257,0.9104108919619829,15,8,7,0.4412660871055507,False
real_vs_fake_in_positive,45,2.6886035004451476,0.08613490132685694,0.9942474994482566,1.3281150252023506,0.3429178249637698,0.25876191341623556,1.7297330854802777,0.1646489354561167,1.5289210778432305,0.5405552310209968,-1.1135610731414722,1.4428589440537056,-0.518792731772323,1.7017533074963787,0.6432022920595781,-2.0926520428965185,1.0550665793518723,15,8,7,0.4604096364587364,False
real_vs_fake_in_positive,80,2.6584588897339425,0.08832969206227621,-0.8270639324514977,1.0798622422796313,0.27881923203648074,-1.4250717096588068,-0.22905615524418854,0.21681737287685127,1.345989738526492,0.47587923575979524,-0.9084582088302007,1.342092954583903,-0.05889418288399355,0.8500472970010807,0.32128767864393154,-0.845056811384689,0.727268445616702,15,8,7,0.4604096364587364,False
real_vs_fake_in_positive,103,2.642390410889847,0.08952409597808764,-0.3028893416439384,0.8512486586647374,0.21979145856599533,-0.7742951360943227,0.16851645280644595,0.34929493672779643,0.5734952758932182,0.2027611992812723,-0.13015911237473737,0.8287489858303303,-0.5268393057183917,0.8624315743900071,0.3259684955208372,-1.324455480508227,0.2707768690714437,15,8,7,0.4604096364587364,False
real_vs_fake_in_positive,43,2.4564617854783184,0.10467954411453499,-0.31659490750486674,0.9108061782156496,0.2351691439901357,-0.820982556943935,0.18779274193420148,0.043361724415700034,0.814281673986516,0.28789204673589947,-0.637394791136691,0.7241182399680911,0.5098954575155487,0.57226814075894,0.21629702624192298,-0.019364299363229143,1.0391552143943263,15,8,7,0.523397720572675,False
real_vs_fake_in_positive,163,2.3625302804105104,0.11336463884443752,0.1766844396314946,1.0203119458226775,0.26344341160718093,-0.38834548260323776,0.741714361866227,-0.5175414719400724,1.2004597119409308,0.4244266014273408,-1.521150906696267,0.4860679628161222,-0.7565172657620352,0.8543866739517025,0.32292780896626166,-1.5466931485858626,0.033658617061792184,15,8,7,0.5314067592933752,False
real_vs_fake_in_positive,72,2.349341617882667,0.11464478899653271,-0.03324634418660534,1.0256509783809102,0.2648219438860406,-0.6012329241019008,0.5347402357286901,-0.9382265057139938,1.125582463538204,0.3979534963762619,-1.8792369942514437,0.0027839828234561548,-0.6026879250170006,0.7021218011090327,0.26537709654446495,-1.252042287574097,0.046666437540095806,15,8,7,0.5314067592933752,False
real_vs_fake_in_positive,27,2.344301164977234,0.1151381311802313,0.6257899398082828,1.2877515351269675,0.33249601663998535,-0.0873430904668544,1.33892297008342,-0.14455102997681363,1.1444627516770953,0.4046286862631449,-1.101345834404774,0.8122437744511468,-0.7177551473681261,1.8796670737106618,0.7104473749478465,-2.456157248742852,1.0206469540065997,15,8,7,0.5314067592933752,False
real_vs_fake_in_positive,171,2.301083318389657,0.11946294667499238,-0.6259519008399038,1.3288230766452027,0.3431006430601981,-1.3618295926914548,0.10992579101164712,0.17330697587838945,1.0162402526819645,0.3592951869930738,-0.676291136765997,1.022905088522776,0.4829782346590985,1.2478214277974706,0.47163216836709243,-0.6710641074995438,1.6370205768177408,15,8,7,0.5375832600374657,False
real_vs_fake_in_positive,90,2.1911155302797574,0.13127417700435373,0.4632131936843273,1.3516132631903024,0.34898504392327356,-0.28528528280471993,1.2117116701733746,-0.7282255206174703,1.401997144875964,0.4956808441729863,-1.9003244657988976,0.44387342456395695,-0.11593313596520326,1.094962858580398,0.4138570598080171,-1.1286048802894564,0.89673860835905,15,8,7,0.5763028511197146,False
real_vs_fake_in_positive,150,2.1506703301316863,0.13592869210885797,0.2877551017040257,1.2827231555224765,0.3311976946088785,-0.4225933047621631,0.9981035081702145,-0.8597736345462708,1.2205943068548508,0.4315452557273793,-1.8802160118990416,0.16066874280650012,-0.45743811677400864,1.5108495307794625,0.5710474466972978,-1.8547408816637072,0.9398646481156898,15,8,7,0.5763028511197146,False
real_vs_fake_in_positive,104,2.1359005841947587,0.13767234776748738,-0.5215133714561531,0.8899248157836778,0.22977759939379247,-1.0143373078176692,-0.02868943509463695,0.19916439804554417,0.7109169655905622,0.251347103614825,-0.39517705872967523,0.7935058548207636,-0.19710748468833336,0.6691229698631174,0.25290471068268217,-0.8159430184681804,0.4217280490915136,15,8,7,0.5763028511197146,False
real_vs_fake_in_positive,74,2.0573486086279145,0.1473586037041926,-0.6362719295830946,1.4218035051437632,0.36710808646674176,-1.4236404664639406,0.1510966072977512,0.13287574665914662,0.8915964394828746,0.3152269442200609,-0.6125175303990953,0.8782690237173885,0.4585264207647726,1.3221097949941114,0.49971053192528675,-0.7642212019451728,1.681274043474718,15,8,7,0.5926904364563099,False
real_vs_fake_in_positive,37,2.0502909489131365,0.14826405227857126,0.7229434342967759,1.4002660373696914,0.3615471361995111,-0.05249805047874068,1.4983849190722924,0.003806114321878426,0.95334994060003,0.3370601039210367,-0.793214381654189,0.8008266102979458,-0.43305273185436427,1.469139653236206,0.5552825948123814,-1.7917802938353156,0.9256748301265871,15,8,7,0.5926904364563099,False
real_vs_fake_in_positive,126,1.9832615810001593,0.1571675148141829,0.11631087530055706,1.2125344881111533,0.3130750586104421,-0.5551683427262054,0.7877900933273195,-0.6635812707070636,1.000662114921449,0.3537874835687144,-1.5001557342636294,0.1729931928495021,-0.782239684424397,1.1820025449673957,0.44675496900416706,-1.875409712638601,0.3109303437898069,15,8,7,0.5926904364563099,False
real_vs_fake_in_positive,1,1.9585493645886567,0.16059348513128172,-0.47215147147855396,0.934845534834532,0.2413760791793672,-0.9898516728842546,0.04554872992714665,0.2904777254128865,0.731611948065966,0.2586638848372724,-0.3211651696845307,0.9021206205103037,-0.008235175604528466,1.0323081241640468,0.39017579613280784,-0.962960955191823,0.9464906039827661,15,8,7,0.5926904364563099,False
real_vs_fake_in_positive,97,1.9435793665750494,0.16270779374395394,-0.26965873793754913,0.8850374358391735,0.22851568331834893,-0.7597761334991845,0.22045865762408623,0.447116456928907,1.105785169728177,0.3909540960251557,-0.4773430797917102,1.3715759936495242,0.2673725506935828,0.6026580999592241,0.22778335115583032,-0.28999323074313665,0.8247383321303022,15,8,7,0.5926904364563099,False
real_vs_fake_in_positive,58,1.9375575002055105,0.16356671579000373,-0.2289798463427305,0.7286263491115855,0.18813051438113879,-0.6324796691785259,0.17451997649306494,0.29302994957883566,0.7302913920528653,0.2581969977813723,-0.3175089330634455,0.9035688322211168,-0.3398197295866275,0.5682041436589212,0.2147609797197034,-0.865320916026276,0.18568145685302112,15,8,7,0.5926904364563099,False
real_vs_fake_in_positive,26,1.9301064659634453,0.16463623234897498,-0.3756455081357499,1.2021273995512443,0.3103879598987732,-1.0413614726166038,0.29007045634510403,-0.5673593669499368,1.256402251245257,0.4442052758767828,-1.6177379349736405,0.48301920107376684,0.5352768517867111,0.9945069663042215,0.37588830142318036,-0.38448868767242483,1.455042391245847,15,8,7,0.5926904364563099,False
real_vs_fake_in_positive,159,1.8960288725468046,0.16962435020764344,0.4540371868434079,0.8761739030000691,0.2262271289800547,-0.031171747838877495,0.9392461215256933,-0.34405117724647344,1.401526381339072,0.4955144041283504,-1.5157565542619182,0.8276541997689715,-0.4641911558979042,1.573027561996553,0.5945485334990166,-1.9189990085975153,0.9906166968017069,15,8,7,0.5986741772034474,False
real_vs_fake_in_positive,132,1.8491970218910234,0.17674594345267866,-0.17455900129346574,0.965769472426727,0.24936060553228243,-0.7093843085302278,0.3602663059432963,-1.0003045126587677,1.2863434678367625,0.45479109452119715,-2.0757145641720167,0.07510553885448124,-0.7080454393683514,0.7860178013978828,0.2970868040812222,-1.4349906610934804,0.018899782356777473,15,8,7,0.6118128811823492,False
real_vs_fake_in_positive,65,1.7609084700839184,0.19106038213837812,-0.16716513289928764,1.6634499652176933,0.4295009341691622,-1.0883530189535677,0.7540227531549926,-1.1580565742628535,1.2778686575321585,0.4517947966033696,-2.2263815070546102,-0.08973164147109669,-1.1242112005517608,0.8692742151325888,0.32855477062309857,-1.9281557625396406,-0.32026663856388093,15,8,7,0.6199561075152901,False
real_vs_fake_in_positive,31,1.7359518138658543,0.19532885460484414,0.3773294917093789,1.2687662788417633,0.32759404454558033,-0.3252898540731338,1.0799488374918917,-0.019948174625811332,1.3365083069802997,0.4725270434889609,-1.1372970811932466,1.0974007319416237,-0.7636410891615019,1.4905959558447783,0.563392314920557,-2.1422124213846168,0.6149302430616129,15,8,7,0.6199561075152901,False
real_vs_fake_in_positive,111,1.6911939839475105,0.20324276588436813,-0.5463499744959222,1.431632223599049,0.369645850659534,-1.3391614742345432,0.24646152524269893,0.09459348035181572,1.4867521466487588,0.5256462624194969,-1.148362419524431,1.3375493802280627,0.5868251925850366,1.185772742521819,0.44817996973596536,-0.5098316868076948,1.683482071977768,15,8,7,0.6199561075152901,False
real_vs_fake_in_positive,68,1.6876820644501933,0.20387814022578427,-0.02011067543322574,1.1730222698886885,0.3028730477339542,-0.6697087563421042,0.6294874054756527,-0.9015322854560377,1.0722274654828223,0.3790896559086842,-1.7979368793456763,-0.005127691566399251,-0.6398940859450943,1.2465601672599973,0.471155456692719,-1.7927699566581332,0.5129817847679445,15,8,7,0.6199561075152901,False
real_vs_fake_in_positive,122,1.6598802678855875,0.20898396397236477,0.30279110648142565,0.9011017596149007,0.23266347388178063,-0.1962224150649291,0.8018046280277804,-0.18021587235326147,0.8628976262708065,0.3050803815029312,-0.9016163411402711,0.5411845964337483,-0.38674050994666437,0.9301904540389023,0.3515789447590275,-1.2470231964905745,0.4735421765972458,15,8,7,0.6199561075152901,False
real_vs_fake_in_positive,116,1.6589411242390515,0.20915881897369962,0.9342956570406074,1.2362763880860643,0.3192051908244523,0.2496686130460597,1.618922701035155,0.1781911489593085,1.5827315266534752,0.5595800976472045,-1.1450055206459295,1.5013878185645464,-0.18639922978104664,1.706261143792263,0.6449060940295639,-1.7644275941376044,1.3916291345755112,15,8,7,0.6199561075152901,False
real_vs_fake_in_positive,69,1.6586271177058773,0.20921731750883207,-0.03017567356680719,1.0614825348101737,0.27407361197398916,-0.6180051080381688,0.5576537609045544,-1.0395932995308548,1.475623555435821,0.5217117112636361,-2.273245464324821,0.19405886526311145,-0.4760848338642961,1.451738395341919,0.5487055375426696,-1.8187189164663304,0.8665492487377381,15,8,7,0.6199561075152901,False
real_vs_fake_in_positive,75,1.6540356822707187,0.2100746990972891,-0.7832311904421447,1.1817960674307153,0.30513843251817185,-1.4376880384792248,-0.12877434240506458,-0.17665444111149045,1.1981465000587561,0.4236087575232373,-1.1783299823380247,0.8250211001150437,0.07109232185641098,0.8361803963383254,0.3160464828426619,-0.7022455625239865,0.8444302062368085,15,8,7,0.6199561075152901,False
real_vs_fake_in_positive,61,1.6371628124622302,0.21325801661149787,0.037864598586066056,1.454308940820526,0.37550095386922966,-0.7675048485730951,0.8432340457452272,-1.0135429892763113,1.2640106739524595,0.44689525952198106,-2.0702823578638387,0.043196379311216226,-0.6083797107521456,1.306908360262412,0.4939649296579358,-1.8170683511821444,0.6003089296778532,15,8,7,0.6199561075152901,False
real_vs_fake_in_positive,135,1.6356789530865794,0.21354043703304437,0.07475068709479808,0.6751516149266213,0.17432339738505648,-0.29913581500927633,0.4486371891988725,-0.24916583258738503,0.8064610270192422,0.2851270304839868,-0.9233841236544552,0.4250524584796852,-0.521999473128167,0.8127557248649218,0.3071927892338026,-1.2736731496906402,0.22967420343430622,15,8,7,0.6199561075152901,False
real_vs_fake_in_positive,119,1.616602339944527,0.21720725573624497,0.07919363707731338,0.9753689445304604,0.25183917857162524,-0.4609476806192631,0.6193349547738899,-0.4067379731231951,0.8900866536812566,0.3146931543308293,-1.1508690376641049,0.3373930914177146,-0.6311792765630193,0.8715373021609998,0.3294101371191659,-1.4372168449671987,0.17485829184116009,15,8,7,0.6205921592464142,False
real_vs_fake_in_positive,149,1.560179520074766,0.22845405252026307,-0.18592401128138103,1.2201312148460048,0.31503652501909335,-0.8616101563502166,0.4897621337874546,-0.1324118439731402,1.205680735267192,0.42627251192670707,-1.1403861634624062,0.8755624755161256,0.7026350493726057,0.84215168404095,0.3183034174523709,-0.07622535505154804,1.4814954537967595,15,8,7,0.6324048227201219,False
real_vs_fake_in_positive,100,1.5561897992459919,0.22927266708377647,-0.31805463262652917,1.1926729762493486,0.3079468382990241,-0.9785349119966527,0.34242564674359427,0.4306985184405774,0.737708243622672,0.2608192508014045,-0.18604100728668438,1.0474380441678393,-0.08151566750596943,0.528723063514014,0.19983853406889845,-0.5705029448345966,0.40747160982265773,15,8,7,0.6324048227201219,False
real_vs_fake_in_positive,88,1.5283518090437682,0.23507292234762267,-0.11121751157563071,1.1122901950775232,0.28719209344566976,-0.7271832904731492,0.5047482673218877,-0.8830608934126309,1.2083562620706223,0.42721845349968296,-1.8932720092859454,0.12715022246068353,-0.6317627473064109,0.6982989909050517,0.263932210100303,-1.2775816000997287,0.014056105486906834,15,8,7,0.6324048227201219,False
real_vs_fake_in_positive,109,1.5222578328187055,0.23636355706390258,-0.25575513309777953,1.174134331617576,0.30316018083768326,-0.9059690532651967,0.39445878706963766,0.43522772043248714,0.591965491085846,0.20929140648761319,-0.05966781499808632,0.9301232558630605,0.14141166452480733,0.5015317026440197,0.18956116568726736,-0.322427798312224,0.6052511273618387,15,8,7,0.6324048227201219,False
real_vs_fake_in_positive,86,1.5103454903880482,0.23890848858315716,0.5698873220611733,1.222127699147739,0.3155520150491988,-0.10690443916198678,1.2466790832843335,-0.13561432872895463,0.7193461706019091,0.25432727762659246,-0.737002777246366,0.46577411978845673,-0.07426650922029344,1.0252454944724516,0.3875063730233647,-1.0224604457653714,0.8739274273247845,15,8,7,0.6324048227201219,False
real_vs_fake_in_positive,118,1.4594392975722175,0.25012039803078673,0.14944803677015447,0.9038912011432158,0.2333837045874062,-0.3511102260058556,0.6500062995461646,-0.27087019144021796,0.6587283373059611,0.23289563713439226,-0.8215808630983549,0.27984048021791896,-0.4494367927257648,0.8389976713212429,0.3171113126969024,-1.2253802218959564,0.32650663644442685,15,8,7,0.6524879948629219,False
real_vs_fake_in_positive,95,1.3568042480451836,0.2744814244820133,0.05491932517498255,1.0892767838227482,0.281250056210392,-0.5483020513612002,0.6581407017111653,0.9155046741985252,1.7178880518006792,0.6073651453738036,-0.5206856781245476,2.351695026521598,0.5912526298142865,0.8343212885597528,0.3153438061508664,-0.18036586664143328,1.3628711262700062,15,8,7,0.7029815497631251,False
real_vs_fake_in_positive,180,1.3418875663211436,0.2782290809343227,0.21244045442212156,1.0911551792952103,0.2817350558358878,-0.3918211428544698,0.8167020516987129,-0.6857887028204345,1.430450459326333,0.5057406099705308,-1.8816752141720792,0.5100978085312101,-0.019429866909470652,1.3968770097326793,0.5279698828423173,-1.3113256302839627,1.2724658964650215,15,8,7,0.7029815497631251,False
real_vs_fake_in_positive,87,1.3302438839577764,0.2811926199052501,0.0953263018966831,1.0795788883034987,0.2787460703544378,-0.5025245591089147,0.6931771629022809,-0.7394932880496343,1.3843299698091793,0.4894345545259196,-1.8968221052491345,0.4178355291498659,-0.4326056806623833,1.3066144338033985,0.4938538358987513,-1.6410224844564454,0.7758111231316789,15,8,7,0.7029815497631251,False
real_vs_fake_in_positive,18,1.3149713191555468,0.285131285122486,0.042896390106960176,1.138479119222436,0.29395404458355884,-0.5875723315754534,0.6733651117893739,-0.4732767497489257,1.4481721875120492,0.5120061870577632,-1.683978996631264,0.7374254971334127,-0.7969535448719965,0.9545960435950023,0.36080339055407834,-1.6798076371520612,0.08590054740806796,15,8,7,0.7030634427677737,False
real_vs_fake_in_positive,70,1.217108928475667,0.3118186352745753,-0.3714578278538384,1.00976376710758,0.26071988357408815,-0.9306463634190224,0.1877307077113456,-1.1068240408436045,1.53485337130458,0.5426526134882512,-2.389993570888129,0.17634548920091975,-0.2709986171196281,1.1607032793780592,0.43870460331020994,-1.3444701101112375,0.8024728758719812,15,8,7,0.7547874368539508,False
real_vs_fake_in_positive,53,1.2077957175290512,0.31449476535581283,-0.2910599482759248,0.8983247684830005,0.23194645785468626,-0.7885356233923438,0.20641572684049425,0.016403302736254746,0.6070988748354739,0.21464186562344328,-0.49114405812405876,0.5239506635965683,-0.6522409501147647,0.8925917762683727,0.33736798032964554,-1.4777506593802203,0.17326875915069095,15,8,7,0.7547874368539508,False
real_vs_fake_in_positive,157,1.1795225538745826,0.3227712264104995,0.5665891997492878,1.128613533570138,0.29140676132142995,-0.058416142702156004,1.1915945422007317,-0.19186893577044795,1.6547225274893844,0.5850327600849434,-1.575251588243568,1.1915137167026721,-0.25458256617242914,1.6549422328276695,0.625509368891424,-1.7851488539150706,1.2759837215702121,15,8,7,0.7571359623373989,False
real_vs_fake_in_positive,168,1.1647602075061163,0.3271853384754844,0.049328824987047895,1.0823488599504443,0.2794612739583103,-0.5500559951872864,0.6487136451613823,0.3995367651033779,0.8097158726778313,0.2862777922024388,-0.2774026450309486,1.0764761752377043,-0.341118262912124,0.6768353487205295,0.2558197158931715,-0.9670865574876667,0.2848500316634187,15,8,7,0.7571359623373989,False
real_vs_fake_in_positive,99,1.1617536693549386,0.3280922503462062,-0.10118811186423829,1.0522458047042833,0.27168869851575406,-0.6839024156985412,0.48152619197006463,0.39811104383165463,0.8268382040039576,0.2923314504976522,-0.29314299351838913,1.0893650811816984,-0.2532045010735153,0.4903540088599369,0.18533639454670797,-0.7067063213383367,0.20029731919130606,15,8,7,0.7571359623373989,False
real_vs_fake_in_positive,131,1.1380781855665099,0.3353289359914558,0.011560194746852734,0.9449357785352017,0.2439813689001584,-0.5117277973701698,0.5348481868638754,-0.5300925131918017,0.8177263567502754,0.28910992600654484,-1.213728855603073,0.15354382921946952,-0.3679231428248039,0.741679779431891,0.28032860697457457,-1.0538625334458533,0.3180162477962455,15,8,7,0.7592096401297797,False
real_vs_fake_in_positive,15,1.1270947221169576,0.33874420810498396,0.14235538278934493,1.3857479250785207,0.35779857572470625,-0.6250462393809554,0.9097570049596452,1.0598977255204858,1.6090560067567607,0.5688872068433264,-0.2853067602021242,2.4051022112430958,0.39803772246091373,1.1447412369822823,0.4326715183679392,-0.660671343486489,1.4567467884083165,15,8,7,0.7592096401297797,False
real_vs_fake_in_positive,110,1.1178609260392722,0.34164433805840083,-0.5351167432785398,1.0280414146849093,0.2654391518857444,-1.1044271026952766,0.034193616138196936,-0.04648717470394426,0.7182080113841374,0.2539248775761143,-0.6469240983031529,0.5539497488952644,-0.07039831662252553,0.614811546197538,0.23237692205854057,-0.6390041611401615,0.4982075278951104,15,8,7,0.7592096401297797,False
real_vs_fake_in_positive,44,1.1011850630597788,0.34694964766380276,0.45145754205548794,1.2831347277299783,0.33130396209590623,-0.25911878550223644,1.1620338696132122,-0.12706829055448793,0.5089021100785915,0.17992406649835746,-0.5525211016416967,0.29838452053272085,-0.12178007406670661,0.9704016310972869,0.36677734110498056,-1.0192518967479278,0.7756917486145145,15,8,7,0.761596787554689,False
real_vs_fake_in_positive,23,1.0750919303613462,0.35542935082980026,0.4642329294789925,1.1605138512578974,0.2996433879309912,-0.17843822007798787,1.1069040790359728,-0.29937309637581155,1.309354732917267,0.4629268053122501,-1.3940210469295296,0.7952748541779063,-0.1461696361653045,1.599859113494674,0.6046899067210239,-1.6257925351887292,1.3334532628581204,15,8,7,0.7651927093188614,False
real_vs_fake_in_positive,62,1.0700604408268843,0.35708993101546865,-0.0060727431214283815,1.2599815437433095,0.32532583569643664,-0.7038272647588804,0.6916817785160236,-0.8363320742546428,1.6530729380429967,0.5844495421430862,-2.2183356354384833,0.5456714869291975,0.10650614607225987,1.577271437271782,0.5961525675809355,-1.352226636632039,1.5652389287765587,15,8,7,0.7651927093188614,False
real_vs_fake_in_positive,138,0.9942664140649043,0.38313924501879737,0.3563365423415571,0.8945870439813103,0.2309813815381691,-0.13906924993837122,0.8517423346214854,-0.0662676293500325,1.838663377057808,0.6500656711184669,-1.603428680404698,1.4708934217046332,-0.4724545839121704,1.3937675219558832,0.5267946069334319,-1.7614745507368457,0.816565382912505,15,8,7,0.8032424710447427,False
real_vs_fake_in_positive,46,0.9924965219648079,0.3837714028324882,0.6701075104302432,0.9524684729576889,0.24592630223684922,0.14264805118379853,1.197566969676688,0.28908020371170984,1.6053220306943978,0.5675670469460838,-1.0530025999019004,1.6311630073253198,-0.25519543948819196,2.059171680107325,0.7782937389072901,-2.159611612892376,1.649220733915992,15,8,7,0.8032424710447427,False
real_vs_fake_in_positive,117,0.9334205336383348,0.4055279488712445,0.5685566568628758,1.015862686726335,0.2622946178483078,0.005990652189337586,1.131122661536414,0.29784443436222524,1.6614823039789486,0.5874227019824816,-1.0911895326817111,1.6868784014061617,-0.26374356235517543,1.5301787037836756,0.5783531873855393,-1.678922830716324,1.1514357060059732,15,8,7,0.8326650895328801,False
real_vs_fake_in_positive,96,0.9228496772566243,0.409558868070947,0.4426860287570754,0.9642722688364301,0.24897402922754233,-0.09131015476741566,0.9766822122815665,0.030801120096352046,1.1661368793495674,0.41229164758989895,-0.9441137085238686,1.0057159487165725,-0.1797735745821025,1.1859533575565218,0.44824823580237433,-1.2765974950217611,0.9170503458575561,15,8,7,0.8326650895328801,False
real_vs_fake_in_positive,113,0.8945174946473989,0.42057636623266653,0.1252706409489174,1.229130750982902,0.3173601952578796,-0.5553992811151778,0.8059405630130125,0.5977223683532006,1.0603561028082389,0.3748924953841228,-0.2887575179722319,1.484202254678633,-0.1411932470267621,0.7730526919335705,0.29218645331503645,-0.8561477423873438,0.5737612483338197,15,8,7,0.8326650895328801,False
real_vs_fake_in_positive,91,0.8771182730909012,0.4274998442649799,0.4645011878946287,0.916605194221907,0.23666644348457738,-0.04309784956794416,0.9721002253572015,0.002949615100222361,1.1716212806383095,0.4142306762609078,-0.9765502877399995,0.9824495179404443,0.015879926505006785,0.6571023946974054,0.24836136032490605,-0.5918384294404941,0.6235982824505077,15,8,7,0.8326650895328801,False
real_vs_fake_in_positive,176,0.8749539590837231,0.4283695898958407,-0.09516553751609022,1.20274630780302,0.3105477613222371,-0.7612242419626999,0.5708931669305194,-0.630728641038686,0.9851160351692696,0.34829111436189797,-1.4543062566731058,0.1928489745957338,-0.5820782376138952,0.7668254386530098,0.2898327728105543,-1.2912734842542508,0.12711700902646028,15,8,7,0.8326650895328801,False
real_vs_fake_in_positive,130,0.8414547583133183,0.4420766506421153,-0.5257453029251279,1.1760185463430246,0.3036466829878393,-1.177002666427843,0.12551206057758735,-0.17091680783920427,0.9314486449951905,0.32931682660156014,-0.9496273624788291,0.6077937468004205,0.13905859606137688,1.3127200504042673,0.4961615420596951,-1.0750049612868589,1.3531221534096125,15,8,7,0.8326650895328801,False
real_vs_fake_in_positive,102,0.8389631844157944,0.4431147981769181,-0.17108276715600101,1.2581760589656101,0.32485966153137924,-0.8678374446499867,0.5256719103379847,0.3830619677498936,0.6920298394152397,0.24466949611697672,-0.195489456393296,0.9616133918930831,-0.18118138282578083,0.79783559392525,0.3015535098059609,-0.91905623972435,0.5566934740727885,15,8,7,0.8326650895328801,False
real_vs_fake_in_positive,55,0.8360719164560905,0.44432276691620554,0.13099348644494724,0.9981461396971084,0.2577202250752082,-0.42176142150353946,0.6837483943934339,-0.3903924797084083,0.7499512740955774,0.26514781573623697,-1.017367435055169,0.23658247563835244,0.014974834215257462,0.9474668372546029,0.3581088038366552,-0.8612858418920065,0.8912355103225215,15,8,7,0.8326650895328801,False
real_vs_fake_in_positive,136,0.8255317717951003,0.4487564668370823,0.02008555976893216,0.79714199842081,0.2058211789630864,-0.4213569649626435,0.46152808450050786,-0.0005746451082441068,1.4473654287827225,0.511720954773619,-1.2106024248141578,1.2094531345976698,-0.5752772037652081,1.0675156184544499,0.4034829781582554,-1.5625644847559137,0.41201007722549754,15,8,7,0.8326650895328801,False
real_vs_fake_in_positive,49,0.8199227078904471,0.4511352655523374,0.6280440726473534,0.9892000509617487,0.2554103548961587,0.0802433435097103,1.1758448017849965,-0.10839551126923437,1.6970892705450464,0.6000116657406668,-1.527197647318198,1.3104066247797295,0.007814981412100432,2.018334418910871,0.7628587050000323,-1.8588330246015896,1.8744629874257905,15,8,7,0.8326650895328801,False
real_vs_fake_in_positive,29,0.8186673763339132,0.4516695030597435,0.5260070567145482,1.1694777201381337,0.3019578489237073,-0.12162811796931461,1.173642231398411,0.30980455219674075,1.4369350095686741,0.508033244695183,-0.89150317882486,1.5111122832183415,-0.2607293409588153,1.5929743708605875,0.6020877185995273,-1.7339849150288416,1.2125262331112108,15,8,7,0.8326650895328801,False
real_vs_fake_in_positive,66,0.8147526456546244,0.45333988207901244,-0.5824135434007641,1.16398911231742,0.30054069647814147,-1.227009228384627,0.06218214158309887,-0.21814441053918976,0.908259426660433,0.32111819983409895,-0.9774682934947181,0.5411794724163386,-0.9009349771429578,0.8519605819810286,0.322010832393094,-1.688867099122679,-0.1130028551632366,15,8,7,0.8326650895328801,False
real_vs_fake_in_positive,25,0.7913811773665327,0.46345133419759654,-0.16203627658512706,1.5767634391457628,0.4071185693813514,-1.0352187645983904,0.7111462114281362,0.005537500940587858,0.6068013248974723,0.21453666583399203,-0.5017611019463268,0.5128361038275024,0.5267794674935166,0.5020038972289365,0.18973963846471323,0.06250329750224615,0.991055637484787,15,8,7,0.8426387894501755,False
real_vs_fake_in_positive,165,0.7748710951274037,0.4707401483464062,-0.2710158718025736,1.7732287952817662,0.4578457062094481,-1.2529972476009237,0.7109655039957765,-0.8311019065252224,1.2098664041826726,0.427752369363676,-1.8425755327988447,0.18037171974839994,-1.0128272837406451,0.6087072112717444,0.2300697003252412,-1.5757875600558515,-0.4498670074254387,15,8,7,0.8462641833506566,False
real_vs_fake_in_positive,2,0.7626695127631069,0.4762059497030917,0.4723430891368966,1.1673744090049174,0.301414776324318,-0.17412731066522313,1.1188134889390162,-0.2542861175937753,1.47183054211576,0.5203706785437632,-1.4847672438961506,0.9761950087085999,0.0843143835758573,1.6460784201491934,0.6221591626035512,-1.4380542446972078,1.6066830118489224,15,8,7,0.8462641833506566,False
real_vs_fake_in_positive,142,0.7552790140943284,0.4795497038987054,0.3944285530936997,0.9867194812301013,0.2547698745455069,-0.15199848231399254,0.9408555885013918,0.38780279454032385,0.9120247655596838,0.3224494481686618,-0.3746689905120042,1.150274579592652,-0.17627936543484468,1.386997174074026,0.5242356559641765,-1.45903780480635,1.1064790739366606,15,8,7,0.8462641833506566,False
real_vs_fake_in_positive,36,0.7220645810183344,0.49489167509156073,-0.07777813812004433,1.7321647105280444,0.44724300511755377,-1.037018981760528,0.8814627055204393,0.03613464736415683,0.9893184801811646,0.34977690304463527,-0.7909563002222056,0.8632255949505193,-0.7901912247413094,1.235273183049366,0.46688937765368427,-1.932628376095813,0.3522459266131941,15,8,7,0.8648592380240868,False
real_vs_fake_in_positive,47,0.685305908255861,0.5124875808803113,0.7112559627131861,1.4403745655808662,0.37190311365302914,-0.08639688464501283,1.508908810071385,0.04394872296372951,1.5555218614537634,0.5499600282589386,-1.2565000972640097,1.3443975431914685,0.019935185504989978,1.9182437806897052,0.725027999671612,-1.754144419303415,1.7940147903133952,15,8,7,0.8869977361390005,False
real_vs_fake_in_positive,67,0.6545386497658648,0.5277322965541812,-0.10609115998791051,1.1346719650701358,0.29297104160833864,-0.7344515499748883,0.5222692299990672,-0.19697789248479136,1.0766841873022288,0.3806653450188664,-1.0971083990573374,0.7031526140877545,0.4415228333593459,1.407472789575032,0.5319747111865539,-0.86017239195246,1.7432180586711519,15,8,7,0.9012880416654785,False
real_vs_fake_in_positive,98,0.6428515806914185,0.533650098134062,-0.10097780921473105,1.1433159030816988,0.2952028968059675,-0.7341250525189434,0.5321694340894813,-0.6231333902144147,0.962439324460278,0.3402736864032312,-1.4277528012623728,0.18148602083354348,-0.0795038007895017,1.2739027183019414,0.48148996958801527,-1.2576673135818515,1.098659712002848,15,8,7,0.9012880416654785,False
real_vs_fake_in_positive,34,0.6258119406569879,0.5424062724257188,-0.3796518795569945,1.3902612491884443,0.35896391099895764,-1.14955289731047,0.39024913819648116,-0.07103397386367882,1.0094799732257842,0.3569050672699832,-0.9149803514466351,0.7729124037192775,0.23331907090841014,1.0102963456264151,0.38185612585783607,-0.7010492088854374,1.1676873507022578,15,8,7,0.9012880416654785,False
real_vs_fake_in_positive,48,0.6059874002772572,0.5527881673627564,0.387632310433735,0.8087021937534432,0.20880600856323261,-0.06021203708993733,0.8354766579574073,0.16858942709435595,1.8986686893079032,0.6712807527180962,-1.4187373204103129,1.7559161745990248,-0.29179853613189966,1.5648776559237685,0.5914681585451419,-1.7390689828509043,1.1554719105871052,15,8,7,0.9012880416654785,False
real_vs_fake_in_positive,85,0.6018189164351467,0.5549981966040063,0.13102732295297148,1.0137007344144862,0.2617364041617022,-0.43034143243652145,0.6923960783424644,0.3586968537138644,0.9436924969410058,0.3336456819709252,-0.43024981731379863,1.1476435247415275,0.6591177440620749,1.2718301561042487,0.4807066147091855,-0.5171289683936141,1.8353644565177638,15,8,7,0.9012880416654785,False
real_vs_fake_in_positive,93,0.5859076984114225,0.5635215884499187,0.2850193480522594,1.241016713477733,0.3204291375776214,-0.40223280064520556,0.9722714967497244,-0.004809489249862409,1.0164101880654386,0.3593552682240828,-0.8545496714301584,0.8449306929304337,-0.32518726658460123,1.493943927021751,0.5646577290821115,-1.7068549557162305,1.0564804225470281,15,8,7,0.9012880416654785,False
real_vs_fake_in_positive,52,0.5777645030303477,0.5679380679846068,0.4958054099555993,1.4475978935966094,0.3737681689269736,-0.3058475831263867,1.2974584030375853,0.07443009973033117,1.1987596465870674,0.4238255375572522,-0.9277580448218957,1.076618244282558,-0.13299060244378805,1.378995150285165,0.5212111752598124,-1.4083484041362255,1.1423671992486493,15,8,7,0.9012880416654785,False
real_vs_fake_in_positive,148,0.5744802923534342,0.5697297744970442,0.4779818490182642,1.593861388114531,0.41153324082204096,-0.40466916753252097,1.3606328655690494,0.34884086290907446,0.6841578621153676,0.24188633185193367,-0.22312942351682796,0.9208111493349769,-0.15951067040079112,1.117055562976215,0.4222073171823308,-1.1926147584543634,0.8735934176527811,15,8,7,0.9012880416654785,False
real_vs_fake_in_positive,84,0.5697323624815847,0.5723307564367099,0.4417577554065098,1.2890325019272355,0.3328267608456175,-0.2720846506379732,1.1556001614509928,0.3704706187480421,0.5565291601576333,0.19676277153775834,-0.09479940264075165,0.8357406401368359,-0.05203721089171413,0.7267492180230056,0.2746853851999333,-0.7241681352737543,0.6200937134903262,15,8,7,0.9012880416654785,False
real_vs_fake_in_positive,154,0.5661067848371091,0.5743254854759421,0.15136543119547854,1.1753077367084905,0.303463152729381,-0.4994982990520652,0.8022291614430223,-0.34291663873119616,1.2285079096053027,0.4343431368116098,-1.3699749535488113,0.684141676086419,-0.23237734253466097,1.0194863115467718,0.38532960648389647,-1.1752449232371383,0.7104902381678162,15,8,7,0.9012880416654785,False
real_vs_fake_in_positive,4,0.5585877246692276,0.5784861816401019,-0.24475759191081475,0.9536735445639003,0.24623745038763883,-0.7728843975690431,0.2833692137474137,0.12028387437607398,0.9800086568845336,0.34648538345228713,-0.6990238661576292,0.9395916149097773,0.13303105142023,0.9579853638415532,0.36208443319492545,-0.7529576392795454,1.0190197421200053,15,8,7,0.9012880416654785,False
real_vs_fake_in_positive,94,0.5528842288419318,0.5816638193069718,-0.2066078109844502,1.0406767532464265,0.26870158227390767,-0.782915387667978,0.36969976569907753,-0.6895654023793727,1.3397334809917274,0.47366731469595447,-1.8096106218962578,0.4304798171375124,-0.5349614862728278,0.9450267421596105,0.357186534579984,-1.4089654508059963,0.33904247826034073,15,8,7,0.9012880416654785,False
real_vs_fake_in_positive,7,0.5398613413280807,0.5889898657918782,0.1781695806199703,1.1991030750490614,0.3096070826700745,-0.4858715687758724,0.842210730015813,-0.12067889503284357,1.4111579010860364,0.4989196605914558,-1.3004364240638404,1.0590786339981535,-0.37310811337974303,0.859940153584285,0.3250268269689582,-1.168420108230135,0.422203881470649,15,8,7,0.9012880416654785,False
real_vs_fake_in_positive,162,0.5357929478651916,0.591298815756213,0.16737629260123493,1.2819603402143065,0.33100073654322687,-0.5425496808276662,0.8773022660301362,-0.0024446448922318953,1.3237518187890414,0.4680169438368785,-1.1091288604452527,1.1042395706607888,-0.4555836125198899,1.3852495685603494,0.5235751231671718,-1.7367257863623342,0.8255585613225546,15,8,7,0.9012880416654785,False
real_vs_fake_in_positive,177,0.5278207616558002,0.5958515386566219,-0.46510662727888996,0.9536435110270234,0.24622969576176204,-0.9932168009187681,0.06300354636098815,-0.678843182774109,1.6262630927759185,0.5749708304476296,-2.038433152409017,0.6807467868607988,-0.059531504210400446,1.0380651510218335,0.39235174775521114,-1.019581645610072,0.9005186371892709,15,8,7,0.9012880416654785,False
real_vs_fake_in_positive,14,0.5057196747881759,0.6086709491670698,-0.13287840871757772,1.0851521875973582,0.280185090044341,-0.7338156599977315,0.468058842562576,0.32818010621609517,1.0822004171430124,0.3826156267823672,-0.5765620839118638,1.232922296344054,0.13902396814763754,1.0571135237739144,0.39955135592413477,-0.8386429798041732,1.1166909160994483,15,8,7,0.9056237399768676,False
real_vs_fake_in_positive,114,0.49095798620420084,0.6173980688978984,0.2226342884349224,1.2427120615112757,0.32086687455761714,-0.4655567127100467,0.9108252895798915,0.4941769083825819,1.121176534578321,0.3963957652537822,-0.44315013136519166,1.4315039481303553,-0.08337595314835422,0.7983054198293368,0.3017310873062052,-0.8216853265367678,0.6549334202400594,15,8,7,0.9056237399768676,False
real_vs_fake_in_positive,92,0.4894593989498225,0.6182915202839537,0.2921778063351196,0.8771002239251319,0.22646630401445544,-0.1935441077770308,0.77789972044727,0.24229427015349045,0.8750610960518569,0.30938081748540036,-0.48927511385008804,0.973863654157069,-0.10885335430070657,1.0014885455629745,0.3785270903484871,-1.0350757776538457,0.8173690690524326,15,8,7,0.9056237399768676,False
real_vs_fake_in_positive,108,0.46824163932080426,0.6310915906108953,0.01763264496044162,1.4635208147464642,0.3778794494893977,-0.7928381679421268,0.82810345786301,0.4705187773725416,0.5645867016489492,0.19961154265185904,-0.0014875172798916592,0.9425250720249749,0.33053073889333306,0.6285240698745044,0.23755976884373176,-0.2507570748456558,0.9118185526323219,15,8,7,0.9056237399768676,False
real_vs_fake_in_positive,140,0.42608487100287945,0.6573760340655782,0.2378173270156569,1.3621267308731613,0.35169960960638036,-0.5165033138139963,0.9921379678453102,-0.24756386728479549,0.6743776994799328,0.23842852219162206,-0.8113577331305333,0.31622999856094225,-0.07392288352303922,1.4865688740074863,0.5618702210561598,-1.4487697862308055,1.300924019184727,15,8,7,0.9056237399768676,False
real_vs_fake_in_positive,158,0.4168607747664117,0.663282532420032,0.14341968086732332,0.9918255542643534,0.25608825693391873,-0.4058350035366198,0.6926743652712664,-0.30415447506356985,1.6430309928039695,0.5808991783556762,-1.6777627599337237,1.069453809806584,-0.3495501437579759,1.8686422817874278,0.706280395278545,-2.0777560131964075,1.378655725680456,15,8,7,0.9056237399768676,False
real_vs_fake_in_positive,57,0.40311829275529903,0.6721882751142814,0.10440717291802638,1.1884811042971142,0.3068645016149949,-0.5537517251403461,0.7625660709763988,0.06189212908422193,0.7388988410768486,0.26124019056816034,-0.5558427610239705,0.6796270191924143,-0.3089347952223975,0.9369732875945141,0.35414261486938364,-1.1754905565417642,0.5576209660969693,15,8,7,0.9056237399768676,False
real_vs_fake_in_positive,101,0.3955854297633569,0.6771243295763681,-0.099473858390022,1.1862446848356119,0.306287060593026,-0.756394268631418,0.557446551851374,0.2777567978759623,0.7548033202785951,0.266863273115558,-0.3532745695925148,0.9087881653444394,0.11405150596508615,0.6939872112300963,0.2623025105677266,-0.527779615728165,0.7558826276583374,15,8,7,0.9056237399768676,False
real_vs_fake_in_positive,11,0.39108664467341026,0.6800908031604495,-0.37573158414696783,1.1525542519840057,0.2975882282356401,-1.0139948545478137,0.2625316862538781,-0.11719566839998677,0.8855876722501966,0.31310252419166185,-0.8575654903385067,0.6231741535385332,0.022717621184803027,0.9647542584636227,0.36464283488361093,-0.8695312529270062,0.9149664952966122,15,8,7,0.9056237399768676,False
real_vs_fake_in_positive,115,0.38822703757306487,0.6819836662296944,0.26288375560976834,1.1654318327751751,0.30091320529854937,-0.3825108813332376,0.9082783925527742,0.5213434950522308,1.2096243089078396,0.4276667757584122,-0.48992773450660365,1.532614724611065,0.012849258385216182,0.8589291656466699,0.3246447094458988,-0.7815277285694717,0.8072262453399042,15,8,7,0.9056237399768676,False
real_vs_fake_in_positive,42,0.388103477217525,0.6820655821088419,0.6305388583664998,1.519286584329482,0.39227810928162893,-0.21081400838230346,1.4718917251153032,0.25315241955207074,1.5389156194270577,0.5440888350853843,-1.0334132349116958,1.5397180740158372,0.056830432244119704,1.4998475950297023,0.5668891058495583,-1.3302972391441448,1.4439581036323843,15,8,7,0.9056237399768676,False
real_vs_fake_in_positive,151,0.38737209398305683,0.6825506782157966,-0.035116513049907164,1.16756514417621,0.3014640239337815,-0.681692538469216,0.6114595123694017,-0.36979266520922777,1.084969401606335,0.38359461062787503,-1.2768497842801922,0.5372644538617366,0.13053588873907668,1.1489790022774964,0.43427324309448156,-0.9320924564239745,1.1931642339021278,15,8,7,0.9056237399768676,False
real_vs_fake_in_positive,77,0.38367773599499505,0.6850066621878402,-0.4857087688709862,1.3165467698564228,0.3399309142771396,-1.2147880686243233,0.243370530882351,-0.24377590071516678,1.3412936840165999,0.474218929765412,-1.3651254826028352,0.8775736811725017,0.03512171739314678,1.2840961195690117,0.4853427131260951,-1.152469119221953,1.2227125540082466,15,8,7,0.9056237399768676,False
real_vs_fake_in_positive,54,0.37073185777560796,0.6936881814913942,-0.020032479888759714,1.2130211768878287,0.3132007211122321,-0.6917812171765318,0.6517162573990125,-0.3522665048627732,0.9041106003019843,0.31965136820808665,-1.1081218821824295,0.40358887245688313,0.14029378164754508,1.2598519501807433,0.4761792784197118,-1.024874937987312,1.3054625012824024,15,8,7,0.9056237399768676,False
real_vs_fake_in_positive,39,0.3627295352214378,0.6991135953436485,0.23834397128120652,1.471461238475915,0.3799296580804639,-0.5765241017149354,1.0532120442773485,0.08643361008579624,1.0810080564073372,0.38219406360145897,-0.8173117415210086,0.990178961692601,-0.285083726925003,1.3051516964096028,0.49330097313055443,-1.4921477242595074,0.9219802704095013,15,8,7,0.9056237399768676,False
real_vs_fake_in_positive,78,0.361562600174207,0.6999085539754102,-0.20558718213470079,1.1368266287419255,0.2935273733761733,-0.8351407850913961,0.4239664208219945,0.18007305612835722,1.0654039266558926,0.37667717062057837,-0.7106269165424153,1.0707730287991297,-0.08573875317924588,0.7043232697752821,0.2662091734887503,-0.7371291346723785,0.5656516283138868,15,8,7,0.9056237399768676,False
real_vs_fake_in_positive,28,0.35647548501647386,0.7033854414329882,-0.042326822558273455,1.1875799583138233,0.3066318267226091,-0.6999866826048442,0.6153330374882973,-0.2869386000403115,1.16998954098944,0.4136537691754846,-1.265074334395426,0.6911971343148029,0.19089463171807092,0.7173230102522029,0.27112261354736633,-0.4725185044843799,0.8543077679205218,15,8,7,0.9056237399768676,False
real_vs_fake_in_positive,59,0.35306370459722114,0.7057276793022997,0.18049476910149626,1.1164410666485036,0.28826384387677995,-0.4377696858534375,0.7987592240564301,-0.0930711349005171,0.6168806303791972,0.21810023846188123,-0.6087962480456507,0.4226539782446165,-0.14365202910756816,0.9640584370055651,0.3643798390929077,-1.0352573757023045,0.7479533174871681,15,8,7,0.9056237399768676,False
real_vs_fake_in_positive,121,0.3516602757444126,0.7066935845410309,-0.0573119664339686,1.0148734126635797,0.26203918838364876,-0.6193301293920042,0.5047061965240669,-0.09649541307400589,0.7512020827298652,0.2655900433698728,-0.7245160706079864,0.5315252444599746,-0.428129730878397,1.1706828952782091,0.44247654357474464,-1.5108308292051071,0.6545713674483132,15,8,7,0.9056237399768676,False
real_vs_fake_in_positive,156,0.35102185954000703,0.7071334421578666,0.10565387439415307,1.1892408121389164,0.3070606573362804,-0.5529257358439915,0.7642334846322977,-0.3746998595566307,1.3732636718976625,0.4855220273779876,-1.5227770201771158,0.7733773010638545,-0.14723264279786608,1.5715165470237262,0.5939774235211032,-1.6006430397242135,1.3061777541284814,15,8,7,0.9056237399768676,False
real_vs_fake_in_positive,160,0.3481763978959913,0.7090974947179145,0.060683043930912665,1.1667004952585025,0.30124077254320836,-0.5854141548778358,0.706780242739661,-0.2557426934524624,0.989761724801205,0.3499336136829127,-1.0832042028145783,0.5717188159096533,-0.31048802229766714,1.1921794437275957,0.45060147518093435,-1.4130701120613054,0.7920940674659711,15,8,7,0.9056237399768676,False
real_vs_fake_in_positive,32,0.3327656535092042,0.7198369110817329,0.19929198246896543,1.2576701052060288,0.32472902483239197,-0.4971825071720789,0.8957664721100097,-0.21304734460057065,1.137615213699797,0.4022077159940549,-1.1641174640178558,0.7380227748167145,-0.13545999655794153,1.4580062412172738,0.5510745606058511,-1.4838908697689104,1.2129708766530274,15,8,7,0.9056237399768676,False
real_vs_fake_in_positive,179,0.31463713604386584,0.7326943934668635,0.15394963095324687,1.1263156889899004,0.2908134604020011,-0.4697832075842765,0.7776824694907702,-0.07026136375422248,1.3010392905905732,0.4599868524833647,-1.157957430550219,1.017434703041774,0.414977461352234,1.1625393848559726,0.4393985859495589,-0.660192145984087,1.4901470686885552,15,8,7,0.9056237399768676,False
real_vs_fake_in_positive,8,0.31249992614914873,0.7342263680521022,-0.345541153578551,1.2144111741189405,0.3135596168540568,-1.0180596456757391,0.3269773385186371,-0.1235277453555472,0.6889096943711481,0.24356635825749537,-0.6994706629633571,0.4524151722522627,-0.5576020949294552,1.0441651256710416,0.3946573214588687,-1.5232937719482944,0.40808958208938406,15,8,7,0.9056237399768676,False
real_vs_fake_in_positive,170,0.30990950608053197,0.7360878221192605,0.03661585989775315,0.9702879809643289,0.2505272794200043,-0.500711713962536,0.5739434337580424,-0.3606548670558296,1.4305581254849082,0.5057786757059473,-1.5566313895685946,0.8353216554569354,-0.16439352711082858,1.2440807519836425,0.4702183258044206,-1.3149763211472159,0.9861892669255587,15,8,7,0.9056237399768676,False
real_vs_fake_in_positive,164,0.2891536737561426,0.7511870936478198,-0.09681293946361595,1.0680917097755236,0.27578009361218725,-0.6883024130357609,0.494676534108529,-0.3469485594297531,0.9220004203041752,0.3259763747269646,-1.1177602005554306,0.42386308169592446,-0.35857740007027344,0.40232421460970763,0.15206425975380938,-0.730665239397458,0.013510439256911144,15,8,7,0.9056237399768676,False
real_vs_fake_in_positive,5,0.28720851832313526,0.7526190930648234,-0.11194178588509794,0.9867666368297869,0.25478205006899113,-0.6583949351934775,0.43451136342328156,0.14233280245563892,1.1855590242052614,0.41915841275622323,-0.8488193456068647,1.1334849505181426,0.21684516864971254,1.0767912751589825,0.4069888468563986,-0.7790206640070378,1.212711001306463,15,8,7,0.9056237399768676,False
real_vs_fake_in_positive,147,0.28551702869891327,0.7538667303903989,0.5623308180725838,1.4256196051884227,0.3680933992614369,-0.22715100457375936,1.351812640718927,0.4352031988686753,1.3498276884851312,0.47723615598059943,-0.6932809892999667,1.5636873870373174,0.10389922016797877,1.0259766945663493,0.3877827406815191,-0.8449709636751103,1.0527694040110678,15,8,7,0.9056237399768676,False
real_vs_fake_in_positive,35,0.2849225257800175,0.7543057612749342,-0.16998778357915978,1.589719078357239,0.41046370104171936,-1.0503448654469127,0.7103692982885932,-0.6640980334541097,1.3483240882550933,0.4767045530211727,-1.7913251803726729,0.4631291134644534,-0.24757148150661631,1.5549813753275792,0.5877277160648519,-1.6856893951920733,1.1905464321788406,15,8,7,0.9056237399768676,False
real_vs_fake_in_positive,76,0.2824087007595886,0.7561652187736334,-0.7926210268225671,1.33996871741717,0.3459784351330408,-1.5346709688025464,-0.050571084842587766,-0.3392018861666778,1.4824011228941343,0.5241079432184974,-1.5785202391535504,0.900116466820195,-0.5958954320995914,1.3629652922808146,0.5151524584267855,-1.8564280877705635,0.6646372235713808,15,8,7,0.9056237399768676,False
real_vs_fake_in_positive,60,0.2720991547221122,0.7638427722525085,0.2128723379520339,1.1686805491403174,0.3017520202571325,-0.4343213781477674,0.8600660540518351,0.13160524026762904,0.6884106615629332,0.2433899235161337,-0.44392047547193353,0.7071309560071917,0.4841132306674396,0.7252498801809184,0.274118688762586,-0.18663103748605392,1.1548574988209332,15,8,7,0.9056237399768676,False
real_vs_fake_in_positive,128,0.27101028420764206,0.7646585330134273,-0.5453015498582359,1.053971637109989,0.27213430652679693,-1.1289715878226532,0.03836848810618132,-0.28021965850278924,0.8335302388883664,0.2946974421210034,-0.9770683770244748,0.41662906001889627,-0.30829372289968343,0.7585909904561303,0.286720443937299,-1.0098733751354099,0.39328592933604295,15,8,7,0.9056237399768676,False
real_vs_fake_in_positive,166,0.2697448555358387,0.7656077435426191,0.2983150988451649,1.0179283357732105,0.26282796613881837,-0.26539482414188403,0.8620250218322139,-0.0008284371309693062,0.7266404623658326,0.2569061992117042,-0.608315066171492,0.6066581919095535,0.1923419164737592,0.9278050644039787,0.35067735222274193,-0.66573465260821,1.0504184855557284,15,8,7,0.9056237399768676,False
real_vs_fake_in_positive,40,0.255798278440316,0.776153454864219,0.1666755583254402,1.359439092932307,0.35100566447400944,-0.5861567182221584,0.9195078348730389,-0.18233464570720853,0.7206315552488619,0.2547817297267392,-0.784797702681814,0.42012841126739703,-0.07140147843736581,1.1465973302646721,0.43337305568727363,-1.1318271443654684,0.9890241874907368,15,8,7,0.9056237399768676,False
real_vs_fake_in_positive,134,0.2511867986726946,0.7796746651631155,-0.19462998009201316,0.4374137289076331,0.11293973916411658,-0.43686162918811944,0.04760166900409313,-0.3567334779567354,0.9066309354031367,0.3205424412285303,-1.1146959081504728,0.40122895223700206,-0.37073516243678395,0.7153182778935538,0.270364895937905,-1.0322942304408227,0.2908239055672547,15,8,7,0.9056237399768676,False
real_vs_fake_in_positive,22,0.24671369809293647,0.7831066108079586,-0.10788653117087774,1.0396060557695863,0.26842512937413243,-0.6836011753551313,0.4678281130133758,-0.3662537040992776,1.0403709799370031,0.3678266874315742,-1.2360256095830167,0.5035182013844615,-0.3502660244008247,0.72808563866194,0.27519050472244677,-1.0236329317287478,0.32310088292709843,15,8,7,0.9056237399768676,False
real_vs_fake_in_positive,13,0.2444184588536806,0.7848739079799519,-0.18825405581239568,1.1831318773346278,0.3054833371522753,-0.8434506507173021,0.46694253909251077,-0.014751374858039124,1.366119773757916,0.48299627796862726,-1.1568560871717048,1.1273533374556264,0.2288091129854173,1.5128046413567655,0.5717864090363228,-1.1703018276091912,1.6279200535800258,15,8,7,0.9056237399768676,False
real_vs_fake_in_positive,20,0.2366367909614229,0.7908976199912462,0.06810230603773058,1.2327063089170724,0.3182834003467091,-0.614547694011104,0.7507523060865652,-0.20056455706386161,1.7070990137134618,0.6035506443768279,-1.627735047821761,1.2266059336940376,-0.34128232105481854,1.3147626001420316,0.4969335532949243,-1.5572349218437536,0.8746702797341164,15,8,7,0.9067616025377345,False
real_vs_fake_in_positive,51,0.21701272630592963,0.8063100325453169,0.021531297042431938,1.3312048785367268,0.34371562166418734,-0.7156653927323093,0.7587279868171732,0.03707328145627102,1.001924055561762,0.3542336469608245,-0.8005561908774511,0.8747027537899931,-0.3056983620019368,0.9292836058252284,0.3512361883518469,-1.1651423538310608,0.5537456298271872,15,8,7,0.9110873298687889,False
real_vs_fake_in_positive,17,0.21382281349794127,0.8088456724940678,0.1867865045703233,0.9202218883883784,0.2376002699029153,-0.32281539136312665,0.6963884005037733,-0.17758854108205976,1.8731364064405056,0.6622537275407412,-1.7435697659326164,1.388392683768497,-0.0730006473611801,1.4898129779859364,0.5630963771067619,-1.4508478458405178,1.3048465511181575,15,8,7,0.9110873298687889,False
real_vs_fake_in_positive,146,0.20970603979954464,0.8121307341584452,0.11701748260431981,0.934946418089071,0.24140212712368322,-0.40073858608559737,0.634773551294237,-0.09793704470549319,1.6842540636946322,0.5954737348397369,-1.506008679294066,1.3101345898830794,-0.22813922478393572,1.2029841366838954,0.45468526526018865,-1.3407139888900896,0.8844355393222181,15,8,7,0.9110873298687889,False
real_vs_fake_in_positive,50,0.20622834027419398,0.8149170006048613,0.22822721203539217,0.9032182421543932,0.23320994732364683,-0.27195837847437776,0.7284128025451622,0.27899274934835405,1.8925992695771956,0.6691348887933708,-1.3032598362792913,1.8612453349759992,-0.135730576504651,1.6096968337784747,0.6084082154837028,-1.6244518493056914,1.3529906962963894,15,8,7,0.9110873298687889,False
real_vs_fake_in_positive,137,0.19498465904882445,0.8239957056874855,0.023710387985896548,0.7576859887021986,0.19563368105988774,-0.3958821268597081,0.44330290283150114,0.018416877172275324,1.4163728918892808,0.5007634382718555,-1.1657004932763404,1.202534247620891,-0.2651383231073889,1.1928509970643346,0.45085529848395245,-1.3683414961192788,0.8380648499045009,15,8,7,0.915550784097206,False
real_vs_fake_in_positive,89,0.1797801500254824,0.8364457600746638,-0.08779943766544426,1.2412742982990568,0.32049564569250294,-0.7751942320823456,0.599595356751457,-0.38756851436592066,1.382509101290834,0.48879078028743406,-1.5433750473885472,0.7682380186567059,-0.3248158781099312,1.1073881498650624,0.4185533784804114,-1.3489791002504194,0.6993473440305572,15,8,7,0.9229393774899045,False
real_vs_fake_in_positive,161,0.17360541929322845,0.8415594297115796,-0.15996918870060942,1.6619846410741481,0.4291225891021791,-1.0803456052917848,0.760407227890566,-0.5748249396431516,1.5473003467383646,0.5470532838554969,-1.8684004015613307,0.7187505222750276,-0.20992578911498355,1.7373726238917313,0.6566651282098965,-1.8167274735654162,1.3968758953354492,15,8,7,0.9229393774899045,False
real_vs_fake_in_positive,105,0.16824283145775995,0.8460277626990791,0.02034640510586724,1.2663643152833086,0.3269738602215742,-0.6809427775944619,0.7216355878061964,0.2987662275790567,0.6888345982517333,0.24353980776985587,-0.27711390810178926,0.8746463632599026,0.0837856601194942,1.0924143480418391,0.41289381336535225,-0.9265291050686293,1.0941004253076176,15,8,7,0.9229393774899045,False
real_vs_fake_in_positive,21,0.1453748544018679,0.8653703671757023,-0.0843548902943268,1.0940918339037262,0.28249329679537755,-0.6902427526870658,0.5215329720984121,-0.36132307757847204,1.4420262936452348,0.5098332854429246,-1.566887228606038,0.8442410734490938,-0.30159510677880225,1.479716552809839,0.5592802870858011,-1.670104669360815,1.0669144558032104,15,8,7,0.9369072986424624,False
real_vs_fake_in_positive,41,0.14086381340738605,0.8692417715182845,0.19683831081153963,1.2935091643211452,0.3339826301054979,-0.5194831882345081,0.9131598098575875,-0.04791809868340992,0.7542767428718575,0.26667709988799615,-0.6785092364229969,0.5826730390561771,0.0659602975077227,0.777122315270054,0.2937246263547565,-0.6527579716928616,0.784678566708307,15,8,7,0.9369072986424624,False
real_vs_fake_in_positive,3,0.12907896272140348,0.8794436563622834,0.2916613612268826,1.4124979164548275,0.3647053937988148,-0.49055391240463575,1.0738766348584008,0.14271242737766965,0.8654668563246596,0.3059887414996851,-0.5808359714868411,0.8662608262421804,0.48258890403420746,1.414336969287656,0.5345691272542764,-0.8254546287005096,1.7906324367689246,15,8,7,0.9422610603881607,False
real_vs_fake_in_positive,56,0.11853358816162314,0.8886816237937821,-0.1369520273670623,1.1985006320917915,0.3094515325673714,-0.8006595549733233,0.5267555002391986,-0.014068528743845968,1.0006664257048894,0.3537890076608159,-0.8506465962055565,0.8225095387178645,-0.28381985583305036,0.7987925831900696,0.30191521774911395,-1.022579780184374,0.4549400685182733,15,8,7,0.9465248064075786,False
real_vs_fake_in_positive,10,0.10773194345746147,0.8982522406456624,-0.18168872758519478,0.7866717425235401,0.20311777051504265,-0.6173330178654017,0.2539555626950121,-0.10178009407964966,0.8491050480902151,0.3002039687221603,-0.8116496789444716,0.6080894907851722,-0.0029554577473466714,0.9819446615119382,0.3711401965125837,-0.9111028030302638,0.9051918875355706,15,8,7,0.9491554544566837,False
real_vs_fake_in_positive,9,0.10387356049395448,0.9016976817338495,-0.1616167265876749,0.846566073743937,0.21858242033829786,-0.63042939194211,0.3071959387667602,-0.2560818726303463,0.6302905516399046,0.22284136159119314,-0.7830179605068384,0.2708542152461457,-0.32635633080441934,0.9458613658214616,0.3575019926724966,-1.2011321934826966,0.5484195318738578,15,8,7,0.9491554544566837,False
real_vs_fake_in_positive,30,0.08961148902542133,0.9145570922064511,-0.06483813471449577,1.7949306355276444,0.4634490972664041,-1.0588375890590027,0.9291613196300113,-0.2503704481294284,1.4812970797301503,0.5237176050145096,-1.4887657979328284,0.9880249016739715,0.11792232865169365,1.6347184998691995,0.6178655163214964,-1.393940125649187,1.6297847829525745,15,8,7,0.9570946313788441,False
real_vs_fake_in_positive,33,0.07666835245460969,0.9263978729875244,-0.1912707787983971,1.7345630754760661,0.4478622602843415,-1.1518397926770314,0.7692982350802371,-0.441976402270558,1.2716166642336515,0.449584383174716,-1.5050745378628743,0.6211217333217581,-0.21448676746185377,1.1669710806306803,0.4410736095075835,-1.2937550097932524,0.8647814748695448,15,8,7,0.9638821799870196,False
real_vs_fake_in_positive,153,0.06314672336890581,0.9389439461759284,0.013600690665668899,1.0984143306108325,0.2836093606460881,-0.5946808906169403,0.6218822719482782,-0.1492459211375013,0.7389245411791331,0.2612492769264616,-0.7670022970688914,0.4685104547938889,-0.0775340161270839,1.3058487876569467,0.4935644488564961,-1.2852427153378838,1.130174683083716,15,8,7,0.9669210641953031,False
real_vs_fake_in_positive,152,0.061951005480070334,0.9400621457454336,0.13366221312682158,1.0928675068087563,0.2821771768987689,-0.4715476395198853,0.7388720657735285,-0.06870073823005068,1.3201893654992753,0.46675742639745155,-1.1724066683004986,1.0350051918403973,0.03970571588407577,1.7458058100669767,0.6598525729784118,-1.574895364945307,1.6543067967134584,15,8,7,0.9669210641953031,False
real_vs_fake_in_positive,112,0.040383107950522724,0.9604793191895231,-0.3229194133023752,1.105579907170142,0.2854595045581001,-0.9351691586182,0.28933033201344954,-0.3348662057099653,1.3791880794143818,0.48761662174278,-1.4878962949626882,0.8181638835427575,-0.19298935196863173,0.5883444494598926,0.22237329978801224,-0.7371172145981341,0.35113851066087054,15,8,7,0.9823083946256487,False
real_vs_fake_in_positive,16,0.016842646299633533,0.9833087205700202,-0.04987157762589993,1.0297559056531564,0.2658818315502274,-0.6201313904940315,0.5203882352422318,-0.15812281420899083,1.7045346899058071,0.6026440190000526,-1.5831494766138576,1.266903848195876,-0.12013234805315316,1.7509737617027805,0.6618058750949756,-1.7395129869804222,1.499248290874116,15,8,7,0.9963842376981326,False
real_vs_fake_in_positive,172,0.014803726317982265,0.9853133017237089,-0.14431040806350287,1.1474029741336382,0.29625817401389604,-0.7797209958753433,0.4911001797483376,-0.211493625899264,1.0568945710373263,0.37366865908987035,-1.0950795992433278,0.6720923474447998,-0.22530890490579197,1.3831709838344508,0.5227894919866425,-1.5045287085019703,1.0539108986903865,15,8,7,0.9963842376981326,False
real_vs_fake_in_positive,6,0.006918672163968705,0.9931069668127585,-0.013576771961188332,0.9836220578207729,0.2539701232601415,-0.5582885114583837,0.531134967536007,0.04266431937163373,1.4099932195355767,0.4985078834803293,-1.1361195115161427,1.2214481502594103,-0.0047303765136102105,0.9951445792688369,0.3761292964713351,-0.9250856096121431,0.9156248565849228,15,8,7,0.9980652143393809,False
real_vs_fake_in_positive,19,0.001936798695772857,0.9980652143393809,-0.12367148821321484,0.9494989705144476,0.24515958000290286,-0.6494864918189607,0.402143515392531,-0.15244083980592932,1.7257611151358625,0.6101486936103132,-1.5952132377945312,1.2903315581826724,-0.11498437268347812,1.2716516788675074,0.48063915665445645,-1.2910660212255953,1.0610972758586392,15,8,7,0.9980652143393809,False
real_vs_fake_in_negative,12,12.712733765843721,0.00012870327595781837,-0.9813149942966578,0.9557778243152972,0.24678077308316695,-1.5106071112394988,-0.45202287735381697,0.9080131648997436,0.9211796406426028,0.3256861852946857,0.13788771274318867,1.6781386170562986,0.6797342365896154,1.063908750068034,0.4021197100493701,-0.3042172475091708,1.6636857206884015,15,8,7,0.015081433227130632,True
real_vs_fake_in_negative,79,12.205298386914537,0.00016757148030145148,-1.2647758569639733,1.1996015624380034,0.3097357915604523,-1.929093059474515,-0.6004586544534316,0.877702282452932,1.1204362838658153,0.39613404710448674,-0.05900589221193553,1.8144104571177997,1.1307646716753668,1.5122942779044757,0.5715935097830349,-0.2678742614502947,2.529403604801028,15,8,7,0.015081433227130632,True
real_vs_fake_in_negative,81,10.641655397799374,0.000390976583981844,-1.0852852788246963,1.1275107406201275,0.29112202140611626,-1.7096799148962565,-0.4608906427531362,0.7361625984526246,1.3559568272659976,0.4794031337779915,-0.3974456779683939,1.869770874873643,1.4888857954775523,1.6797981266499655,0.6349040137011414,-0.06466835998728437,3.0424399509423887,15,8,7,0.02345859503891064,True
real_vs_fake_in_negative,125,9.77949312615376,0.0006387977158115572,-0.9631781332093754,1.0191162278589538,0.26313467855649675,-1.52754588890688,-0.39881037751187076,0.6227190059647238,1.0924650003167093,0.38624470496645447,-0.29060459044825415,1.5360426023777018,0.7495220312367569,0.931563791387047,0.3520980174860829,-0.11203078051459125,1.611074842988105,15,8,7,0.028745897211520075,True
real_vs_fake_in_negative,107,8.727503123429756,0.0011925640007959825,-0.9974797772003344,0.9128141867716089,0.23568760956988716,-1.502979424712997,-0.4919801296876717,0.6544467942361984,1.1784178956224867,0.4166336425331207,-0.33073522092705754,1.6396288093994544,-0.0906509807668014,0.5088506697525739,0.1923274752334239,-0.5612593592162587,0.37995739768265585,15,8,7,0.0407466854978,True
real_vs_fake_in_negative,175,8.514371172419516,0.0013582228499266667,-0.7789035480302413,0.8502836297609402,0.21954228917446095,-1.249774927286626,-0.3080321687738565,0.5565717052081377,0.9668514471794102,0.341833607350294,-0.25173633274181284,1.3648797431580881,0.4102417561011909,0.6527632116971968,0.2467213033089416,-0.19346352489539315,1.013947037097775,15,8,7,0.0407466854978,True
real_vs_fake_in_negative,139,6.96888311540038,0.003628564967262275,-0.7753641248608554,1.1130920986602513,0.2873991440604144,-1.3917739831606033,-0.15895426656110745,0.5824750609667138,1.049580746331536,0.37108283156693334,-0.29499640190617715,1.4599465238396045,0.7204766295689445,0.8630631922979309,0.3262072246505488,-0.07772369435759574,1.518676953495485,15,8,7,0.09330595630102993,False
real_vs_fake_in_negative,11,5.9148029487595615,0.007408163349670552,-1.0849629585119653,1.3545810656987505,0.3497513272359437,-1.835104949249201,-0.3348209677747296,0.4603041400309125,0.7426748530433009,0.26257521240182036,-0.16058757508155824,1.0811958551433833,0.32297911289977677,1.1666623852602842,0.4409569336245913,-0.7560036338307854,1.401961859630339,15,8,7,0.14370766800567614,False
real_vs_fake_in_negative,80,5.819327007403572,0.007917971987756232,-1.181908133188107,1.4444340976173289,0.37295128031773683,-1.9818090744554901,-0.38200719192072374,0.3520831393081901,0.8568268553169316,0.30293403984867356,-0.3642420379509583,1.0684083165673384,0.4208346164296959,1.1807385097188874,0.44627720858759956,-0.6711663741592011,1.5128356070185929,15,8,7,0.14370766800567614,False
real_vs_fake_in_negative,169,5.676608531078191,0.008751581431522909,-0.7659591437449156,1.1327440151577142,0.2924732470814632,-1.3932518706573327,-0.13866641683249858,0.5905861483677808,0.6368610152918686,0.2251643712931149,0.058157015413439206,1.1230152813221224,0.8644070393893551,1.787019298984449,0.6754298075979759,-0.7883101614387048,2.517124240217415,15,8,7,0.14370766800567614,False
real_vs_fake_in_negative,129,5.6716585428877595,0.008782135267013541,-0.4219483793745573,1.2948580870316855,0.3343309204517141,-1.1390168869187,0.2951201281695853,1.0196016104055339,0.9874417824811875,0.34911339020968973,0.19407962135992674,1.845123599451141,1.1717398210763583,1.3384586896207207,0.5058898332671165,-0.06612800731870605,2.4096076494714227,15,8,7,0.14370766800567614,False
real_vs_fake_in_negative,82,5.460668013493642,0.010197220581810692,-0.784037055818084,0.8348693314498592,0.2155623344643083,-1.2463722811936178,-0.32170183044255035,0.15895949618628863,0.8472567656907543,0.29955050221305707,-0.5493648859235041,0.8672838782960812,0.15832759342854444,0.5314675178615619,0.20087584031006728,-0.33319788083486535,0.6498530676919543,15,8,7,0.15295830872716037,False
real_vs_fake_in_negative,123,5.142704305587205,0.01281254999768117,-0.5837391170157568,1.1178661159386567,0.28863179002133244,-1.2027927379633974,0.035314503931883845,0.5902120676102527,0.9876166509281579,0.3491752155420239,-0.23545611511555464,1.41588025033606,0.6471256057419134,0.8250533636989881,0.3118408598149783,-0.11592148981059691,1.4101727012944236,15,8,7,0.17099017078400117,False
real_vs_fake_in_negative,111,4.979758863615067,0.014424667971772638,-0.5665661992244387,1.0947330475891266,0.28265885745703856,-1.1728091539203511,0.039676755471473646,0.5284736007634622,0.767108792502448,0.2712139145431526,-0.11284539893468926,1.1697926004616135,0.9128915156216101,1.5067462502623659,0.5694965524390443,-0.4806163477276951,2.3063993789709154,15,8,7,0.17099017078400117,False
real_vs_fake_in_negative,74,4.9267881468531485,0.014994628044531631,-0.344039280886836,1.0692674843557723,0.2760836773034004,-0.9361798767185638,0.24810131494489185,0.6171639642454243,0.4633480298336988,0.16381826697241758,0.22979531730854447,1.004532611182304,1.1824544148931937,1.663277466998146,0.6286597912820766,-0.3558206787332483,2.7207295085196357,15,8,7,0.17099017078400117,False
real_vs_fake_in_negative,75,4.799150741151646,0.016469797376090337,-0.6154370486846508,1.1006892853020842,0.2841967514215944,-1.2249784578831715,-0.005895639486129922,0.5962549071921227,1.2092128833198976,0.4275213148468185,-0.41467236196749846,1.6071821763517438,0.9912000095458234,1.6102061097690947,0.6086007037151138,-0.49799226498986215,2.480392284081509,15,8,7,0.17099017078400117,False
real_vs_fake_in_negative,45,4.756207421159633,0.017000562671530297,0.4227328049679902,0.9883362724460987,0.2551873282424304,-0.12458957957168554,0.9700551895076659,-0.3952271288672142,1.3669010836707944,0.48327251273742955,-1.5379850326143227,0.7475307748798943,-1.2893977211185745,1.5383849503363,0.5814548570391859,-2.7121665017135674,0.13337105947641859,15,8,7,0.17099017078400117,False
real_vs_fake_in_negative,145,4.704165679221785,0.017668527314581395,-0.2880010845161762,1.1971841839468014,0.3091116271179252,-0.9509795874393143,0.3749774184069619,0.17844598986833,0.9076972144274885,0.3209194277929084,-0.5804078718980605,0.9372998516347204,1.3590558678231823,1.377165521919018,0.520519640738599,0.08539019014617777,2.632721545500187,15,8,7,0.17099017078400117,False
real_vs_fake_in_negative,153,4.675461804325036,0.01804896247164457,-0.7854843717626404,1.3863415709692701,0.3579518544346007,-1.5532147440694635,-0.01775399945581735,0.767470469686318,1.3906487879452352,0.49166859410246444,-0.39514101167489823,1.9300819510475344,-1.0290851096238178,0.9491615672170128,0.35874935155379045,-1.906913149531364,-0.15125706971627173,15,8,7,0.17099017078400117,False
real_vs_fake_in_negative,49,4.20399962887291,0.02573606146885125,0.08963339024623783,1.2052239031413026,0.31118747368782435,-0.5777973607661797,0.7570641412586554,0.5400570540163806,1.3866799703333108,0.49026540517912226,-0.6192364127871345,1.6993505208198956,-1.2495631247666594,1.16655951940956,0.4409180539875317,-2.328450736452532,-0.17067551308078666,15,8,7,0.22894645617094356,False
real_vs_fake_in_negative,37,4.155333994754787,0.026710419886610083,0.07813751058994223,1.0688891414075614,0.27598598957422865,-0.5137935659006853,0.6700685870805697,-0.5125811257410005,0.8140070939994135,0.28779496805047033,-1.193108086679513,0.16794583519751216,-1.3296130400216764,1.3218600532517872,0.4996161384192608,-2.5521296901430555,-0.10709638990029702,15,8,7,0.22894645617094356,False
real_vs_fake_in_negative,83,3.9450070774670998,0.03140113528663079,-0.45807880419276603,0.9936816962298605,0.25656751072862577,-1.0083613857557308,0.0922037773701988,0.28710098595964995,1.0741507150557186,0.3797696273161387,-0.6109114848104451,1.185113456729745,0.9277439018464065,1.373840126734815,0.5192627595002542,-0.3428462982330104,2.1983341019258233,15,8,7,0.2569183796178883,False
real_vs_fake_in_negative,38,3.8608253636001137,0.033520145935558986,0.009596473003198547,0.9494185521387554,0.24513881606758384,-0.5161739963904863,0.5353669423968834,-0.7503706740692536,0.7920236847533377,0.28002265917472074,-1.412519044949299,-0.08822230318920832,-1.3556764238058494,1.6467489225907934,0.622412588705542,-2.878665163411265,0.1673123157995664,15,8,7,0.2623315768869834,False
real_vs_fake_in_negative,159,3.7655558812252923,0.03610507414866627,-0.49878557904193155,1.5545256120715518,0.40137678712040076,-1.3596531688969855,0.3620820108131223,0.6050887284934556,1.5237728027306945,0.5387350408992527,-0.6688172143997477,1.878994671386659,-1.463383936090919,1.1327029264750257,0.42812146468114254,-2.510959421748753,-0.415808450433085,15,8,7,0.2682035963443195,False
real_vs_fake_in_negative,10,3.725658582280946,0.0372504994922666,-0.8787385633349032,1.0831059334057511,0.27965674948392755,-1.478542636814395,-0.27893448985541125,0.31957883229692063,0.7843131536971747,0.2772965747765395,-0.33612337330329656,0.9752810378971378,-0.29583803005566717,1.076580828821047,0.4069093056171841,-1.291509232311529,0.6998331722001945,15,8,7,0.2682035963443195,False
real_vs_fake_in_negative,73,3.633118471137908,0.04006030326067317,-0.28898555471406845,1.0133255747182253,0.2616395383446497,-0.850146553588633,0.27217544416049605,0.27707074580092156,0.8881072312018,0.31399332280180087,-0.46540548013441824,1.0195469717362613,1.0972663025212197,1.5558586433077761,0.5880592921946748,-0.3416629487258578,2.536195553768297,15,8,7,0.27734056103542964,False
real_vs_fake_in_negative,160,3.5534357333403515,0.04266240898312621,-0.7570396203050901,1.7832847616971574,0.4604421455732368,-1.74458980468688,0.2305105640766998,0.6746330177365052,1.260500921473999,0.4456543746330783,-0.3791721243492878,1.7284381598222982,-1.2356341526278338,0.859163029748267,0.3247331017678147,-2.030227427802568,-0.4410408774530996,15,8,7,0.28441605988750807,False
real_vs_fake_in_negative,48,3.4797516604209364,0.045230653652420204,-0.6959909446897846,1.1103242267694893,0.2866844826112573,-1.3108680066270124,-0.08111388275255682,0.29288263235021705,1.1372900817091376,0.40209276447636694,-0.6579156699205857,1.2436809346210198,-1.2107172753919195,1.2132311762265227,0.4585582821608225,-2.3327689704519194,-0.08866558033191985,15,8,7,0.29076848776555847,False
real_vs_fake_in_negative,23,3.4181827547902968,0.04750406368451591,-0.5676581430670276,1.3189198505566961,0.34054364107923063,-1.29805161110882,0.16273532497476495,0.704081840623338,1.5767544017621786,0.5574668648758873,-0.6141178275215826,2.0222815087682586,-1.0801958962370277,1.3475697012907726,0.5093334719915685,-2.326490005038016,0.1660982125639603,15,8,7,0.2948528090763056,False
real_vs_fake_in_negative,154,3.243003405719624,0.05467080131030826,-0.6175942923443521,1.8513381507735702,0.4780134550762982,-1.6428311874375918,0.4076426027488874,0.712052903444399,1.2418754928970133,0.4390692912084321,-0.3261809906767139,1.7502867975655119,-1.209296255227736,0.8607547311045822,0.3253347083321425,-2.0053616086344506,-0.4132309018210215,15,8,7,0.3280248078618496,False
real_vs_fake_in_negative,158,3.084432313736975,0.062165243234274165,-0.7062520855605194,1.8957025174500501,0.48946828529650127,-1.7560571480224092,0.3435529769013703,0.653012618325296,1.464106918278968,0.5176399651485983,-0.5710113968587232,1.8770366335093152,-1.3980352375206764,1.206261314150353,0.45592392191425607,-2.5136408852731673,-0.28242958976818544,15,8,7,0.3581553299452672,False
real_vs_fake_in_negative,178,3.0213722791831663,0.06544602749271941,-0.5793523608295873,1.107522462548965,0.2859610702001846,-1.1926778574576717,0.033973135798497145,0.4017074336130817,0.6398649382993981,0.22622641845750807,-0.13323304182251927,0.9366479090486827,-0.3348567422113796,0.6612387947784786,0.2499247726017042,-0.9464006301852035,0.27668714576244424,15,8,7,0.3581553299452672,False
real_vs_fake_in_negative,63,3.0173443821832433,0.06566181048996565,-0.39943717967138925,0.8346163697216669,0.21549702002694052,-0.8616323195111277,0.06275796016834917,0.4001639433562263,1.286833745622252,0.4549644338945895,-0.6756559906431021,1.4759838773555547,0.8644651097828981,1.678998425953012,0.6346017552486521,-0.688349445892434,2.4172796654582305,15,8,7,0.3581553299452672,False
real_vs_fake_in_negative,43,2.9157718271417075,0.07136384329077167,-0.649971626189734,1.0222278731609074,0.2639381019187481,-1.2160625536193574,-0.0838806987601105,0.33900934073894395,0.5062271563488485,0.17897832753752668,-0.08420715306580823,0.7622258345436961,0.04888196854838662,1.3123038020667623,0.49600421497616903,-1.1647966232946632,1.2625605603914363,15,8,7,0.3778085821276147,False
real_vs_fake_in_negative,16,2.754108356764582,0.08156490625018747,-0.673716116014546,1.7433787138478396,0.4501384483243459,-1.6391670677005794,0.2917348356714874,0.5972270440364968,1.5296119332573663,0.5407994852950742,-0.6815605341411306,1.8760146222141243,-1.2678615718004882,1.3308536431376787,0.5030153958809429,-2.4986959052899502,-0.037027238311025945,15,8,7,0.41307825138593496,False
real_vs_fake_in_negative,143,2.738704316621172,0.082615650277187,-0.1688714525019063,1.2604236531347581,0.32543998785045547,-0.866870806159695,0.5291279011558825,-0.29271317042736,1.1963423111628002,0.4229708804218013,-1.2928803719903028,0.7074540311355828,-1.486097755127918,1.359022647027401,0.5136622785913166,-2.7429840720991443,-0.22921143815669165,15,8,7,0.41307825138593496,False
real_vs_fake_in_negative,152,2.527518876401749,0.09858500539908233,-0.497980624888987,1.8012296419305809,0.46507549372615253,-1.495468352709639,0.4995071029316651,0.5987352907053388,1.7627234781186945,0.6232168623672328,-0.8749384160497823,2.07240899746046,-1.368551719917144,1.3711458255499727,0.5182444093727973,-2.6366501070010715,-0.10045333283321667,15,8,7,0.47960272896850864,False
real_vs_fake_in_negative,26,2.475412187912943,0.10301557656711906,-0.37389431140683005,1.138273904308495,0.29390105832061975,-1.0042493888578494,0.2564607660441893,0.34070314650537353,1.107694081881967,0.3916289983894728,-0.5853522807133651,1.2667585737241123,0.8355842220361437,1.5719833785033026,0.5941538692352654,-0.6182579219992711,2.2894263660715586,15,8,7,0.48796852058109025,False
real_vs_fake_in_negative,56,2.434804895129847,0.10661657937531424,-0.4458346047008764,0.9173379921839505,0.23685565110478599,-0.9538394521485252,0.062170242746772464,0.2401120357423716,0.86111804081775,0.3044512030321526,-0.47980066237405505,0.9600247338587983,0.2847792601483464,0.8003309287578412,0.3024966577209428,-0.45540339656077466,1.0249619168574675,15,8,7,0.492076520193758,False
real_vs_fake_in_negative,128,2.3756589697242503,0.1121055463763923,-0.6161159081794475,1.3650018045524521,0.35244195043831456,-1.372028711743331,0.13979689538443596,0.20590094764362266,0.9258196973723035,0.3273266930840165,-0.5681036890165108,0.9799055843037561,0.4111190190154755,0.8858274450933441,0.334811303461816,-0.4081347273225398,1.2303727653534908,15,8,7,0.5044749586937655,False
real_vs_fake_in_negative,7,2.3102261052594435,0.11853368400221229,-0.7628525935256608,1.8559230571810412,0.47919727282030183,-1.7906285251571603,0.26492333810583857,0.6546663146857832,1.2813065766537888,0.45301028456540743,-0.4165327904185274,1.7258654197900938,-0.6905129890053343,1.0876654542019513,0.4110989002077823,-1.6964357599164237,0.3154097819057551,15,8,7,0.5146444192391476,False
real_vs_fake_in_negative,2,2.268768758884656,0.12281058039479095,-0.5935932097033908,1.3340460235111613,0.34444920214219704,-1.3323632731218837,0.14517685371510214,0.5170033714282529,1.5916020943087537,0.5627163169182153,-0.8136092783235298,1.8476160211800357,-0.8744037003285685,1.2816422739449063,0.4844152466579341,-2.059725108251185,0.31091770759404835,15,8,7,0.5146444192391476,False
real_vs_fake_in_negative,76,2.2675116207231083,0.12294283348490749,-0.5974160883960767,1.2566116364442756,0.3244557293732752,-1.293304417574539,0.09847224078238548,0.33025777977975707,1.1142438795139613,0.3939447015499642,-0.6012734152917696,1.2617889748512838,0.46559571038391706,1.4970394234172333,0.5658277167459319,-0.9189348354280078,1.8501262561958418,15,8,7,0.5146444192391476,False
real_vs_fake_in_negative,156,2.154821450982672,0.1354429088427538,-0.4926913713347598,1.531522935188956,0.39543752148810185,-1.3408205033256513,0.35543776065613153,0.73694062172314,1.4653487269095897,0.5180790108004226,-0.4881215714567393,1.9620028149030193,-0.601369646854463,1.3679169733727392,0.5170240179612045,-1.8664818437303285,0.6637425500214024,15,8,7,0.5164937876311839,False
real_vs_fake_in_negative,124,2.141386284489966,0.13702194018830266,-0.44019817783238613,1.0506566292157498,0.27127837516900133,-1.0220324256148319,0.14163606995005962,0.3520339281058259,0.8377915624887302,0.29620404752832713,-0.34837734609959803,1.0524452023112498,0.16745432005656744,0.8173036775209807,0.30891175376272084,-0.5884255111834136,0.9233341512965485,15,8,7,0.5164937876311839,False
real_vs_fake_in_negative,20,2.1383330162397347,0.1373835401816524,-0.6537768709157423,1.8569991368466392,0.47947511539523874,-1.6821487156033033,0.3745949737718186,0.5955992955586745,1.577143550503042,0.5576044497326645,-0.7229257090752336,1.9141243001925825,-1.1311935473355414,1.5223749087223382,0.5754036300977089,-2.539155509013467,0.27676841434238386,15,8,7,0.5164937876311839,False
real_vs_fake_in_negative,46,2.1298887571554563,0.13838894544534358,0.0922706773085282,1.2684328586360458,0.3275079558186448,-0.6101640265184733,0.7947053811355298,-0.12182284511038,1.5075915004778906,0.5330140866235593,-1.3822008807810253,1.1385551905602653,-1.1774216602552692,1.394922220086863,0.5272310418039924,-2.4675095447369717,0.11266622422643335,15,8,7,0.5164937876311839,False
real_vs_fake_in_negative,157,2.12385085963146,0.1391126846119447,-0.4290928971723284,1.1975685019269173,0.30921085759370104,-1.0922842282989462,0.23409843395428936,0.42416774060081375,1.5882898536288732,0.5615452629953825,-0.9036758066451158,1.7520112878467433,-0.9774387104636594,1.3399483650571766,0.5064528776584114,-2.216684258852504,0.26180683792518533,15,8,7,0.5164937876311839,False
real_vs_fake_in_negative,19,2.1115390003997865,0.1406010866329334,-0.8470772625313739,1.781308911957764,0.45993198336421826,-1.8335332577985821,0.13937873273583423,0.39982669024944023,1.3686049213156517,0.48387491031378926,-0.7443556574158292,1.5440090379147098,-1.0252281760275304,1.0934115161401972,0.41327070748014977,-2.0364651678917784,-0.013991184163282044,15,8,7,0.5164937876311839,False
real_vs_fake_in_negative,171,2.038989637482283,0.14972640056987524,-0.2091287609392278,0.7968593897931261,0.20574820972918545,-0.6504147822293052,0.23215726035084952,0.33161340982525306,0.6439099782199836,0.22765655603651627,-0.20670880361278493,0.8699356232632911,0.7132174240252225,1.7061411917147349,0.6448607564057947,-0.8647000031624317,2.2911348512128766,15,8,7,0.5299174559089098,False
real_vs_fake_in_negative,141,2.035789625441672,0.1501432791741911,-0.4042175693680056,1.3990391782197085,0.3612303625291094,-1.1789796421921617,0.3705445034561505,-0.32869716535478877,1.035134976399732,0.3659754806278136,-1.194091662335642,0.5366973316260644,-1.5522689008565895,1.5476558796934397,0.5849589389679629,-2.9836118610504903,-0.1209259406626888,15,8,7,0.5299174559089098,False
real_vs_fake_in_negative,94,1.883102700502573,0.17155867826141213,-0.5671321686500221,1.3065217000548983,0.3373424523847482,-1.2906597697943756,0.1563954324943314,0.2300895580749619,1.1391564213816172,0.4027526151955708,-0.7222690432089013,1.1824481593588252,0.48176778927124897,1.5108984999652395,0.5710659553097936,-0.9155802645617138,1.8791158431042119,15,8,7,0.5938569632125805,False
real_vs_fake_in_negative,18,1.8255696148065723,0.18046020017422862,-0.7697189043389395,1.617350264703616,0.4175980426787508,-1.6653776271768552,0.12593981849897606,0.44256631126312085,1.5148624161538244,0.5355847435135035,-0.8238903620320106,1.7090229845582523,-0.3392741705980886,0.8185249807699513,0.30937336300160245,-1.096283518955287,0.41773517775910984,15,8,7,0.6065968354590723,False
real_vs_fake_in_negative,27,1.807450398292087,0.18336534223484888,0.012074003821169032,1.5308612765359213,0.3952666819584967,-0.835688713820855,0.8598367214631931,-1.0705495588691631,1.4566716428604987,0.5150111983144037,-2.288357528245263,0.14725841050693655,-1.030200403184042,1.6215214654548455,0.6128775061637906,-2.5298576363164007,0.46945682994831683,15,8,7,0.6065968354590723,False
real_vs_fake_in_negative,95,1.795254490647367,0.18534903305693878,-0.3587651317814765,1.323776341992371,0.34179758177598846,-1.0918480351371134,0.37431777157416046,0.26151287701512044,0.9009404617300945,0.31853055496734445,-0.4916921981339705,1.0147179521642113,0.5661534684343408,0.9287900616348733,0.35104964618203255,-0.2928340711487263,1.4251410080174078,15,8,7,0.6065968354590723,False
real_vs_fake_in_negative,92,1.7348152646957224,0.1955256675747506,-0.6012204100029567,0.9215526386225952,0.23794386813592086,-1.1115592508525491,-0.09088156915336432,0.30086941920787635,1.7083994212324511,0.6040104078643196,-1.1273882394425425,1.7291270778582954,0.19162995546996625,1.3105135683193192,0.49532757022125334,-1.020392946303265,1.4036528572431977,15,8,7,0.6284753600616984,False
real_vs_fake_in_negative,13,1.7100519153463916,0.19986717465414608,-0.43909361270188746,1.8913575792121744,0.4883464270674618,-1.486492528568402,0.6083053031646273,0.565994538854709,1.6967804068558654,0.5999024659361257,-0.8525493806881679,1.9845384583975858,-1.0250812350631622,1.1873522501382365,0.4487769674998187,-2.1231989153593736,0.0730364452330492,15,8,7,0.6311594989078297,False
real_vs_fake_in_negative,163,1.659576416304075,0.20904051956679118,-0.5680386597009753,1.598476305311076,0.41272480731846395,-1.4532453322110575,0.3171680128091068,0.3491629579230219,1.2879673530893092,0.4553652246581695,-0.727604695635682,1.4259306114817258,-0.8248622866274344,0.6827420463773873,0.2580522377602706,-1.4562933654175223,-0.19343120783734657,15,8,7,0.6487464400348691,False
real_vs_fake_in_negative,166,1.616408759733554,0.21724480964865076,-0.5015340124033775,1.4056334080251738,0.3629329853436182,-1.2799478479746371,0.2768798231678822,0.6095570495153352,1.8246123127643408,0.6450978696960675,-0.9158570178188278,2.1349711168494983,0.4053677581202103,1.57947733711467,0.5969863193525637,-1.0554051416749988,1.8661406579154196,15,8,7,0.6496457931663178,False
real_vs_fake_in_negative,148,1.5870509764217429,0.22302166055107994,0.1998250185971937,1.1269157078169187,0.2909683845969646,-0.4242400992913238,0.8238901364857112,-0.28992346590408885,0.3986196152224531,0.14093331651888444,-0.6231778040020449,0.04333087219386722,-0.6810128721896879,1.5704472782553576,0.5935732779145614,-2.1334343604418002,0.7714086160624244,15,8,7,0.6496457931663178,False
real_vs_fake_in_negative,127,1.5757613128676342,0.22528691141036628,-0.3501404287037782,1.6633753799696804,0.42948167634093376,-1.2712870108244358,0.5710061534168793,-0.0810239588401876,0.9802508445901893,0.3465710097367817,-0.9005341733627805,0.7384862556824052,-1.2667898293434965,0.8851737796413675,0.3345642411437353,-2.0854390359674286,-0.44814062271956423,15,8,7,0.6496457931663178,False
real_vs_fake_in_negative,25,1.5757101158898734,0.22529724010633964,-0.12183110811385542,1.0205719795658847,0.26351055203097384,-0.6870050322357599,0.44334281600804903,0.4735610617093105,0.9246732003526044,0.3269213451753968,-0.29948507945576835,1.2466072028743893,0.5267651337554418,0.8407674875954525,0.3177802403723072,-0.2508151024712566,1.3043453699821401,15,8,7,0.6496457931663178,False
real_vs_fake_in_negative,138,1.565457030322536,0.22737602760821118,-0.6261677469577108,1.3502304237913034,0.34862799632575336,-1.3739004325126438,0.12156493859722206,0.3518440979536513,1.5493454761458159,0.5477763462917034,-0.9434411349365974,1.6471293308439,-0.6252383839630545,1.0029639569996436,0.3790847434546195,-1.5528253353104169,0.3023485673843078,15,8,7,0.6496457931663178,False
real_vs_fake_in_negative,97,1.516091354317368,0.2376772975845086,-0.27931282372109256,0.8789310800781711,0.22693902904045693,-0.7660486321760565,0.20742298473387139,-0.18856812223373975,1.7243532219739441,0.6096509282093239,-1.6301634920835584,1.2530272476160786,0.6828539872865088,1.2999017584344748,0.491316683090454,-0.5193546272327648,1.8850626018057826,15,8,7,0.6564075991145268,False
real_vs_fake_in_negative,28,1.5035892962741382,0.24036493654486032,-0.3232356491382775,1.1357805228997258,0.2932572700091593,-0.9522099379890394,0.3057386397124844,0.2496521697414988,0.6346089228253297,0.22436813636564049,-0.2808941667933716,0.7801985062763692,0.2608589920112547,0.5213996827033243,0.19707055630014023,-0.22135528771129215,0.7430732717338016,15,8,7,0.6564075991145268,False
real_vs_fake_in_negative,42,1.5021206947412078,0.24068278634199314,0.33349239084501325,0.941396190609464,0.24306745122757048,-0.18783544281399,0.8548202245040165,0.19946732717826038,1.0056084004609627,0.355536259592052,-0.6412423345736933,1.0401769889302142,-0.502920407325173,1.3809564814188882,0.5219524887481667,-1.7800921377776782,0.7742513231273322,15,8,7,0.6564075991145268,False
real_vs_fake_in_negative,134,1.4512912896458499,0.25196683898792627,0.1944297047361,0.8369738702935323,0.2161057240571745,-0.26907097540456615,0.6579303848767661,-0.08700624422653189,0.552430639534518,0.19531372567503943,-0.5488498166266703,0.3748373281736066,-0.3830255662781333,0.7507123369828091,0.28374259282923286,-1.0773186793465874,0.3112675467903208,15,8,7,0.6662282172548717,False
real_vs_fake_in_negative,90,1.442447479028907,0.25398753986448425,-0.5172207178337559,1.619995433561506,0.4182810223410518,-1.4143442863594933,0.3799028506919815,0.5086931342045046,1.1921704538398443,0.4214959061201989,-0.4879863073543931,1.5053725757634022,0.19211714530352755,1.3505726021113973,0.510468461817735,-1.0569541835540361,1.4411884741610912,15,8,7,0.6662282172548717,False
real_vs_fake_in_negative,6,1.4244562198190636,0.25815224367513595,-0.5929691080109272,1.6731953473978654,0.4320171810282444,-1.5195538068320817,0.3336155908102274,0.42443508615516995,1.2703080864815728,0.44912173107361364,-0.6375690510588292,1.4864392233691692,-0.5556250118486828,0.9822635965981931,0.3712607426443842,-1.4640673228901124,0.35281729919274674,15,8,7,0.6662282172548717,False
real_vs_fake_in_negative,32,1.4204534991399345,0.25908875115467234,0.12628952785994066,1.3866403051658232,0.3580289872724802,-0.6416062779307679,0.8941853336506491,-0.6959603509068567,1.296895118854,0.45852166651469844,-1.7801918034282518,0.38827110161453826,-0.7361897949305677,1.4013639220755587,0.5296657763014323,-2.0322352601084477,0.5598556702473122,15,8,7,0.6662282172548717,False
real_vs_fake_in_negative,29,1.3033677797437484,0.28816334234932917,0.171381730760144,1.49117243088303,0.38501906607557373,-0.6544020367532919,0.9971654982735798,-0.8653482462941344,1.5465171818965304,0.5467763932702729,-2.158268966019455,0.42757247343118654,-0.4289462139212402,1.4947400252828456,0.5649586259418297,-1.8113501711448863,0.9534577433024057,15,8,7,0.7245481653910022,False
real_vs_fake_in_negative,150,1.2970858748120653,0.2898192661564009,0.22325198683422492,1.8632479832696383,0.48108856060385763,-0.8085803536584666,1.2550843273269163,-0.9316520975889566,1.425777020031648,0.5040882996621631,-2.123631515914278,0.2603273207363648,-0.15893366706833212,1.2659865550209044,0.4784979411052432,-1.3297759499072237,1.0119086157705595,15,8,7,0.7245481653910022,False
real_vs_fake_in_negative,66,1.2528971608817974,0.3017603129357375,-0.744978326176729,1.104313178637355,0.28513243665732346,-1.3565265806129227,-0.13343007174053523,-0.13602648965925396,0.9363090637654171,0.331035244137477,-0.91880045607867,0.646747476760162,-0.22847407942201986,0.7077419202276557,0.2675013019053844,-0.8830261852510157,0.42607802640697606,15,8,7,0.7358574649883034,False
real_vs_fake_in_negative,104,1.2174426360344048,0.31172320020766625,-0.5156663173545948,1.2928257587357492,0.3338061755421016,-1.2316093590020478,0.20027672429285837,0.03854585129319063,0.6244436054958143,0.2207741539573338,-0.48350206727919987,0.5605937698655812,0.18652207222954137,1.086611606496694,0.41070058321523273,-0.8184260521119662,1.1914701965710488,15,8,7,0.7358574649883034,False
real_vs_fake_in_negative,142,1.2124358739110483,0.31315835651701707,-0.49058259299210455,1.5632733017120584,0.4036354308734323,-1.356294491901409,0.3751293059172,-0.05274902394125111,1.2884395796906623,0.45553218197420614,-1.1299114688184362,1.024413420935934,-1.193310577497058,1.2238701659531908,0.4625794423062132,-2.325201696972166,-0.06141945802195026,15,8,7,0.7358574649883034,False
real_vs_fake_in_negative,162,1.2056161344459135,0.31512461913466194,-0.2710601700900405,1.4579535988242263,0.37644200051929316,-1.0784479615769675,0.5363276213968864,-1.307002555381346,1.852668864506179,0.65501735869275,-2.855872486960472,0.2418673761977801,-0.48773022033167734,1.3007743583135578,0.49164649484389955,-1.6907458551391037,0.715285414475749,15,8,7,0.7358574649883034,False
real_vs_fake_in_negative,151,1.202983876422793,0.31588709321749475,0.11854971643917807,1.581195208738917,0.408262847369919,-0.7570870037712424,0.9941864366495986,-0.8397748910478118,1.7802920733513967,0.6294282987797155,-2.3281363109811157,0.6485865288854922,0.20026716613127912,1.0768524159334871,0.4070119558970136,-0.7956552123108208,1.196189544573379,15,8,7,0.7358574649883034,False
real_vs_fake_in_negative,85,1.1927459274038468,0.3188715681615982,0.05457765648001313,0.6860166238460046,0.17712873062513423,-0.32532568701255343,0.43448099997257966,0.14005643399486484,1.0826931486458766,0.382789833675857,-0.7650976899782349,1.0452105579679645,0.8272652619374242,1.7872661476816767,0.6755231076357365,-0.8256802358587444,2.480210759733593,15,8,7,0.7358574649883034,False
real_vs_fake_in_negative,5,1.1551921921458936,0.3300808873074694,-0.4818788908310772,1.6136753447331436,0.4166491824224651,-1.375502510822617,0.4117447291604626,0.39193036914019486,1.3129475918761497,0.4641970727790865,-0.7057212866716137,1.4895820249520035,-0.5231386574006008,0.9579612725010916,0.3620753275241238,-1.409105067326579,0.36282775252537736,15,8,7,0.744681366376848,False
real_vs_fake_in_negative,21,1.147175728366389,0.33252808601870704,-0.47949431313734375,1.678801495802303,0.433464682322028,-1.4091835934641492,0.4501949671894618,0.5256772061491637,1.1512926078522623,0.4070434050711396,-0.4368275009329583,1.4881819132312857,-0.2153813776546006,1.5144502013276653,0.572408372243529,-1.6160142073918982,1.185251452082697,15,8,7,0.744681366376848,False
real_vs_fake_in_negative,133,1.1382860566770847,0.33526465683610546,-0.063380622117731,1.078277446541049,0.2784100395363027,-0.6605107686978625,0.5337495244624005,0.3091352341297182,1.1338698921283112,0.400883544853594,-0.6388037180955738,1.2570741863550103,0.6359550946547766,0.8136126931553788,0.3075166928020908,-0.11651114538756913,1.3884213346971224,15,8,7,0.744681366376848,False
real_vs_fake_in_negative,161,1.1150116181515632,0.342544617776031,0.06692326315475243,1.8674081067051034,0.4821626998561059,-0.9672128769071312,1.101059403216636,-0.9016187418262611,1.6869968585705721,0.5964434592678273,-2.311983410314858,0.508745926662336,0.3194406585686735,1.4769110032996329,0.5582198890436748,-1.0464742034771293,1.6853555206144764,15,8,7,0.744681366376848,False
real_vs_fake_in_negative,110,1.1123722040136743,0.3433808522737688,-0.5428288540801312,1.1187834758906405,0.28886865134243317,-1.1623904920361512,0.076732783875889,-0.11845156290898239,0.4380906292941076,0.1548884273740727,-0.48470449456878234,0.24780136875081754,-0.0012192602240231648,0.6642466492668605,0.2510616347382939,-0.6155449496329863,0.61310642918494,15,8,7,0.744681366376848,False
real_vs_fake_in_negative,3,1.097883665922227,0.3480104196786592,-0.2786876556107004,1.58189871658293,0.40844449231417157,-1.1547139654794814,0.5973386542580805,0.32235292121875303,1.3947507871560514,0.4931188698316594,-0.8436879173032141,1.4883937597407202,-0.8104348892672704,1.3379174300411674,0.5056852563753694,-2.0478021360414487,0.42693235750690794,15,8,7,0.7457366135971268,False
real_vs_fake_in_negative,54,1.0423303524090461,0.36639268303653444,-0.16879455485578135,1.0949301034013117,0.282709737048963,-0.77514663542314,0.43755752571157736,0.2595300967804578,0.8903325714760707,0.31478009940099305,-0.4848065601819176,1.0038667537428332,0.4658472986960836,1.0375219033804066,0.39214641944670575,-0.49370042243213036,1.4253950198242975,15,8,7,0.7597294708230437,False
real_vs_fake_in_negative,121,1.0279868239581478,0.3713064309399347,-0.8141819618287938,1.7544858897546896,0.45300630881172094,-1.7857838625109546,0.15741993885336703,0.07831277117934694,1.4895159575153172,0.5266234171223271,-1.1669537324047703,1.3235792747634643,-0.865362903698479,0.9280299824664219,0.3507623632596835,-1.7236474872942185,-0.007078320102739455,15,8,7,0.7597294708230437,False
real_vs_fake_in_negative,173,1.0129675352761407,0.3765276326828558,-0.3562818637655601,1.0622371408190971,0.2742684504076897,-0.9445291851158173,0.23196545758469717,0.1663983503331589,0.6007892883578902,0.21241108993105215,-0.33587406422506283,0.6686707648913806,0.07975487056711951,0.9394550377114311,0.35508062824446474,-0.7890961267962656,0.9486058679305046,15,8,7,0.7597294708230437,False
real_vs_fake_in_negative,64,1.0120140165534661,0.3768617588689313,-0.07805991503973601,1.6910129469735986,0.4366176654566582,-1.0145116716209257,0.8583918415414538,-1.0754501534270133,2.07399761000188,0.7332688870985109,-2.8093555467986033,0.6584552399445767,-0.75627329364252,1.0762332460738238,0.40677793168730275,-1.7516230354724236,0.2390764481873836,15,8,7,0.7597294708230437,False
real_vs_fake_in_negative,144,0.9923153137872676,0.38383618870855496,0.13214810351866063,1.0962850560428394,0.28305958431666545,-0.4749543248112706,0.7392505318485918,0.1402716227044647,0.9714547903624049,0.3434611349407062,-0.6718849064559108,0.9524281518648402,0.7536064318141189,0.8674338909641471,0.3278591934686073,-0.04863611419105063,1.5558489778192883,15,8,7,0.7597294708230437,False
real_vs_fake_in_negative,68,0.9556033771194745,0.39720696278189854,-0.19957268439543668,1.6487594622247954,0.4257078626065686,-1.1126252410559465,0.7134798722650733,-1.2297687091072131,2.226589395743996,0.7872182303243184,-3.0912440278280506,0.6317066096136241,-0.23891375975314047,1.4820356331148288,0.5601568170511426,-1.6095681138952311,1.13174059438895,15,8,7,0.7597294708230437,False
real_vs_fake_in_negative,17,0.9414935938482754,0.40247820144018887,-0.44680384186964023,1.570977510525233,0.40562464903537426,-1.3167821894120422,0.42317450567276177,0.25793846258827247,1.4715229717145706,0.5202619359855765,-0.9722855284238342,1.488162453600379,-0.718056628088207,1.1522517039897375,0.4355102080724652,-1.7837117175153376,0.3475984613389236,15,8,7,0.7597294708230437,False
real_vs_fake_in_negative,100,0.9406229847362693,0.40280590190872667,-0.4556178463132884,1.0180735181539882,0.262865452068346,-1.0194081686229723,0.10817247599639568,0.08896252940088797,0.8330547437164004,0.2945293291907441,-0.6074886652089,0.785413724010676,0.001698701038357889,1.1808674446970246,0.44632594142866366,-1.0904215345168788,1.0938189365935944,15,8,7,0.7597294708230437,False
real_vs_fake_in_negative,174,0.9242983718631018,0.4090039106606447,-0.3884383971549968,1.1428339941612726,0.2950784684577542,-1.0213187681943616,0.244441973884368,0.14153880121884843,0.8701376480469086,0.30764011574984124,-0.5859144772460373,0.8689920796837342,0.13182812405208952,1.053891630796995,0.3983335948430213,-0.8428590698784816,1.1065153179826606,15,8,7,0.7597294708230437,False
real_vs_fake_in_negative,136,0.912954828005421,0.4133710237362787,-0.2602697384662408,1.0693966796471086,0.276117035384184,-0.8524818802655678,0.3319424033330862,0.19840982113429345,1.411380402162225,0.4989983266013529,-0.9815337234514823,1.3783533657200693,-0.570212027904873,0.7925177011390887,0.2995435352615199,-1.30316865427015,0.1627445984604038,15,8,7,0.7597294708230437,False
real_vs_fake_in_negative,170,0.9045879466823238,0.4166242467568189,-0.12374031658737976,0.992108103888539,0.25616121093318195,-0.673151471757773,0.4256708385830135,-0.5075980434181024,1.2729961219798662,0.4500720951380704,-1.5718494345467584,0.5566533477105535,0.3682252478903439,1.7167554532260614,0.6488725701643053,-1.2195087339275965,1.9559592297082842,15,8,7,0.7597294708230437,False
real_vs_fake_in_negative,24,0.903296984454788,0.41712864461125354,-0.38517304077085346,1.160135803917785,0.29954577652750225,-1.0276348346890418,0.2572887531473348,0.08147080350967562,0.7493915834877533,0.26494993522415755,-0.5450362387793045,0.7079778457986557,0.1918366231680326,1.1546389737111233,0.4364125112146397,-0.8760263225110101,1.2596995688470753,15,8,7,0.7597294708230437,False
real_vs_fake_in_negative,35,0.9018741561061808,0.41768532441019246,-0.04464178694071768,1.912625352334491,0.4938377424750384,-1.1038184029925606,1.0145348291111254,-1.0023567114777545,2.0160812405195103,0.7127923582971663,-2.6878428082572468,0.6831293853017377,0.1538540763763796,1.5636617640738968,0.5910085946228689,-1.2922918579348568,1.600000010687616,15,8,7,0.7597294708230437,False
real_vs_fake_in_negative,146,0.892095555170377,0.42153284363966287,-0.8706978616547046,1.4433047562261034,0.37265968562437696,-1.6699733945055022,-0.0714223288039072,-0.14133307114637325,1.0786600833620619,0.3813639297702803,-1.0431154681639052,0.7604493258711588,-0.426167081613032,1.129228515634296,0.4268082608187086,-1.470529273176907,0.6181951099508429,15,8,7,0.7597294708230437,False
real_vs_fake_in_negative,77,0.8911543107795019,0.4219051920429648,-0.0691331218783132,1.0543510579808997,0.272232272574413,-0.6530132761175254,0.5147470323608989,0.32918386587949566,0.7773484693923961,0.2748341870261733,-0.32069571792938056,0.9790634496883719,0.6412655183655015,1.795034439468381,0.6784592459470802,-1.0188644510612948,2.301395487792298,15,8,7,0.7597294708230437,False
real_vs_fake_in_negative,98,0.8907331143191525,0.42207192823502426,-0.0010888075225953474,0.8446787632493653,0.21809511886399127,-0.46885631516193493,0.4666787001167443,-0.7885877893367808,1.9302592828134657,0.6824497141628417,-2.4023249339387998,0.8251493552652382,0.018081992117764827,1.8237067025152582,0.6892963427395751,-1.6685653978825925,1.7047293821181222,15,8,7,0.7597294708230437,False
real_vs_fake_in_negative,30,0.8789449637871849,0.426767250989482,0.03911887742294018,2.08870300397199,0.539300796637128,-1.1175662919878389,1.195804046833719,-0.8915129527152688,1.8053310408394228,0.6382809106320618,-2.4008074733245683,0.617781567894031,0.2538649177992069,1.2522794568722666,0.4733171449770075,-0.9043004135951387,1.4120302491935526,15,8,7,0.7605752987931362,False
real_vs_fake_in_negative,130,0.864221079205445,0.43271084997150444,0.1248213104716778,1.560455710220347,0.40290793187851137,-0.7393302582778468,0.9889728792212024,0.5846787827609161,1.0334495532426808,0.36537959355605376,-0.27930666519884306,1.4486642307206754,0.933313917291302,1.3496352377732304,0.5101141713996421,-0.31489049414348325,2.1815183287260873,15,8,7,0.7636073823026549,False
real_vs_fake_in_negative,137,0.8357180378240868,0.4444708598134387,-0.22262896301609017,0.9688123026245146,0.2501462609110403,-0.7591393334505031,0.3138814074183228,0.15635132859710082,1.1637302722135832,0.41144078347714574,-0.8165515261072935,1.1292541833014953,-0.4933361967934578,0.7671511510474502,0.2899558805240716,-1.2028326771569862,0.2161602835700705,15,8,7,0.7637567503570197,False
real_vs_fake_in_negative,93,0.8315458187589605,0.44622087369607777,-0.4801527872866239,1.0871760443562117,0.28070764761248423,-1.082210813082602,0.1219052385093542,0.13433688906859328,1.7135431086236002,0.6058289759816122,-1.2982209998551493,1.5668947779923357,0.12445276211449444,1.1686220351062033,0.4416976116458868,-0.9563423584442583,1.2052478826732471,15,8,7,0.7637567503570197,False
real_vs_fake_in_negative,122,0.8188765581538047,0.4515804333831624,-0.17341069771336937,0.9956901273555783,0.2570860854154198,-0.7248055113612611,0.3779841159345224,-0.21011476693653797,0.6729092627605133,0.23790935141059963,-0.7726809889627517,0.3524514550896758,-0.6314110118232191,0.3176181144245362,0.12004836323665424,-0.9251587745375456,-0.3376632491088927,15,8,7,0.7637567503570197,False
real_vs_fake_in_negative,22,0.8133404681439121,0.4539440724573297,-0.5035058950896862,1.7570306439004015,0.4536633615068233,-1.476517033645563,0.4695052434661906,0.29576203801842127,1.593386538358122,0.5633472131621935,-1.036342444292111,1.6278665203289537,0.21125247626976454,1.3736526338468986,0.51919189384968,-1.059164321809423,1.4816692743489521,15,8,7,0.7637567503570197,False
real_vs_fake_in_negative,78,0.8131842622917436,0.45401095715667283,-0.5063978003504126,1.1605615708773285,0.29965570908374745,-1.1490953761518043,0.13629977545097904,0.08223148696492727,0.6487261268240435,0.2293593217050827,-0.4601171274677825,0.6245801013976371,-0.21185400644894756,1.2197710754849733,0.46103013173757623,-1.3399540995325536,0.9162460866346585,15,8,7,0.7637567503570197,False
real_vs_fake_in_negative,155,0.7710087306980081,0.47246300183394174,-0.4490280787160926,1.8514652311525708,0.4780462670890648,-1.474335348577518,0.5762791911453325,-0.3628221593240662,1.0333426176930247,0.3653417861298979,-1.226718206927047,0.5010738882789147,-1.2159400081127687,0.9025054214279888,0.34111498599800033,-2.0506183099544293,-0.3812617062711082,15,8,7,0.7802959497138683,False
real_vs_fake_in_negative,8,0.7708978814391905,0.4725125473267313,-0.42222132501369203,1.1449806944510814,0.29563274408920276,-1.0562904990488249,0.21184784902144083,0.054534617703473884,0.7689616352482759,0.27186899337817616,-0.5883333972946795,0.6974026327016273,0.001900323486893745,0.8703053993555576,0.3289445216245084,-0.8029979248453315,0.806798571819119,15,8,7,0.7802959497138683,False
real_vs_fake_in_negative,89,0.7385926570813495,0.48719238013649635,-0.2029298475826774,0.7025503561458193,0.18139772194832318,-0.5919892668360562,0.18612957167070138,0.321937932114586,1.0204840215535709,0.36079558586652444,-0.5312080600930243,1.1750839243221964,0.28569668061987574,1.8823879535258217,0.7114757708533048,-1.455221814883585,2.0266151761233364,15,8,7,0.7972238947688122,False
real_vs_fake_in_negative,109,0.7285369851611164,0.491861170324674,-0.39609360820983996,1.143973267908556,0.29537262767442085,-1.0296048880212396,0.2374176716015598,0.08278248511998466,0.5551832872186445,0.1962869335968711,-0.38136235833395915,0.5469273285739285,-0.003968677621404999,1.0607614234902063,0.4009301324179935,-0.9850093701161189,0.977072014873309,15,8,7,0.7976127086346065,False
real_vs_fake_in_negative,50,0.7085036921578153,0.501306371407823,-0.7104279144802802,1.2342834803568274,0.3186906242613948,-1.3939513229603344,-0.02690450600022598,-0.15316126536331254,1.2991423688973358,0.45931618938703067,-1.2392714659370694,0.9329489352104443,-0.8646033260322505,1.2983336275449835,0.49072398532519795,-2.065361661365572,0.3361550093010708,15,8,7,0.8056709540482869,False
real_vs_fake_in_negative,33,0.6643449807695843,0.5228211916524302,-0.2671751035325329,2.238569436036289,0.5779961430064984,-1.5068535367207059,0.97250332965564,-0.9922850779606514,1.9048545476215175,0.6734677838986042,-2.584783332433739,0.6002131765124363,0.1178079179721864,0.8628034603674554,0.3261090552083229,-0.6801521939827511,0.9157680299271238,15,8,7,0.8328125176764376,False
real_vs_fake_in_negative,55,0.6349770967601208,0.5376775474902639,-0.0507945261042707,1.0621197024362146,0.27423812794761576,-0.6389768122458165,0.5373877600372751,0.2981165730302339,0.8094340645417551,0.2861781579804323,-0.3785872396064473,0.9748203856669151,-0.25805549145208595,0.952711806026199,0.36009121569436137,-1.1391669546278216,0.6230559717236496,15,8,7,0.8437537776975637,False
real_vs_fake_in_negative,44,0.6322791750287392,0.539064913528999,-0.047854290085424474,1.1670167301868297,0.3013224240506017,-0.6941266139602786,0.5984180337894296,-0.20900805429806102,0.8348820190654956,0.2951753685859642,-0.9069868893292709,0.4889707807331488,-0.5999037977408606,1.090587592854992,0.4122033648038387,-1.6085290961612104,0.4087215006794893,15,8,7,0.8437537776975637,False
real_vs_fake_in_negative,140,0.6080967788735977,0.5516734293302028,-0.42392576065632726,1.17029629601963,0.30216920430748345,-1.0720142475537329,0.22416272624107836,0.0366443381942458,1.1616746252329162,0.4107140025172681,-0.934539952626826,1.0078286290153176,-0.5842113094133613,1.168075802236272,0.4414911550270629,-1.6645012488247666,0.49607862999804386,15,8,7,0.8509577368197195,False
real_vs_fake_in_negative,34,0.6035863606928634,0.5540599837551295,-0.0951489991320952,1.7159092007056915,0.4430458505291482,-1.0453878414842335,0.855089843220043,-0.7766115831244411,1.8006937468610857,0.6366413796228431,-2.2820292289481037,0.7288060626992217,0.02668990051040895,0.9774052822790751,0.3694244724330456,-0.8772592191889917,0.9306390202098097,15,8,7,0.8509577368197195,False
real_vs_fake_in_negative,149,0.5834199206783203,0.564866913756244,0.4439002123518511,0.8362916144317972,0.215929566351151,-0.019222647085961664,0.9070230717896639,-0.05592287500085945,1.243260458012392,0.43955895032082765,-1.0953146289341562,0.9834688789324374,0.46971736144369547,1.5545669989888544,0.5875710965303582,-0.9680173180466883,1.9074520409340794,15,8,7,0.8509577368197195,False
real_vs_fake_in_negative,60,0.5825772779406589,0.5653233747449198,-0.1788425465120277,1.0206538714886078,0.2635316964345002,-0.7440618208691395,0.38637672784508414,0.03864822945907286,0.43498947848934405,0.1537920049923075,-0.32501207524681597,0.4023085341649617,-0.47818475696624463,1.1028458733496214,0.41683655933099056,-1.4981470739837426,0.5417775600512532,15,8,7,0.8509577368197195,False
real_vs_fake_in_negative,88,0.574649163249886,0.5696374987969506,-0.5428899566423174,1.4997012256233189,0.3872211914083977,-1.3733968132547207,0.2876168999700859,-0.04337889489650759,1.3508683429623143,0.47760408289944356,-1.172733091980262,1.0859753021872471,0.06066149258191552,1.2657084321037877,0.47839282052344334,-1.1099235694595706,1.2312465546234017,15,8,7,0.8509577368197195,False
real_vs_fake_in_negative,57,0.5702752673296899,0.5720327008621449,-0.251533607250197,1.1542717021347748,0.2980316719577647,-0.8907479698430966,0.3876807553427025,-0.14151258816848133,0.8511725616003325,0.30093494513375973,-0.8531106575835135,0.5700854812465508,-0.6739241081253204,0.887910479611376,0.3355986165056839,-1.4951043400809372,0.1472561238302963,15,8,7,0.8509577368197195,False
real_vs_fake_in_negative,176,0.5329720906212118,0.5929054533655835,-0.31653193907245875,1.5528251719577004,0.4009377353709228,-1.1764578565799253,0.5433939784350077,-0.2510654013084448,1.012181082928389,0.3578600537637035,-1.0972699631143956,0.595139160497506,0.27077331893315115,0.7023419838703018,0.26546031780579377,-0.378784678714558,0.9203313165808603,15,8,7,0.8747785377525003,False
real_vs_fake_in_negative,40,0.49123915391971984,0.6172305924423876,-0.34465373635587876,1.3015875378426909,0.33606845717972383,-1.065448889544025,0.3761414168322675,0.10339939536731489,0.6567957656092572,0.232212369858458,-0.44569560591982815,0.652494396654458,-0.04518622268109786,0.9209496457664738,0.3480862475301597,-0.8969225869832301,0.8065501416210344,15,8,7,0.9032642816230063,False
real_vs_fake_in_negative,47,0.47487388698661026,0.6270602336836159,-0.03332402625692061,1.038201272184446,0.2680624158121142,-0.6082607272218302,0.5416126747079889,0.183912483579961,1.3787977932388078,0.4874786347421041,-0.9687913182645591,1.3366162854244812,-0.4092073958450698,1.2711761058889959,0.48045940696425593,-1.584849212739996,0.7664344210498563,15,8,7,0.9102487263149263,False
real_vs_fake_in_negative,41,0.45496981483815857,0.6392425943191126,-0.24889469250431726,1.169031055965799,0.3018425207303207,-0.8962825128142629,0.3984931278056283,0.12161331204767938,0.7855301462900571,0.27772684663408004,-0.5351063248216561,0.7783329489170148,-0.33617787659387416,0.9345223447722834,0.35321624555720343,-1.20046689386473,0.5281111406769818,15,8,7,0.9115700322798151,False
real_vs_fake_in_negative,4,0.4531133736273504,0.6403917284515394,-0.37114998805754595,1.6530836750015616,0.4268243695445601,-1.2865972139356279,0.5442972378205359,0.1868795159866487,1.3258759722615765,0.46876794549923373,-0.9215805363101637,1.2953395682834612,-0.3902802494371876,0.9230370501013657,0.34887521220955436,-1.2439471407634655,0.46338664188909034,15,8,7,0.9115700322798151,False
real_vs_fake_in_negative,116,0.44648400698193136,0.6445134387705178,0.20754934964770608,1.0482137835038876,0.27064763511837486,-0.37293209527061943,0.7880307945660316,-0.01700553956790468,0.9565828803802833,0.33820312074192915,-0.8167288408386328,0.7827177617028236,-0.24721124208125997,1.2374422695701297,0.46770921529741616,-1.391654463882226,0.8972319797197059,15,8,7,0.9115700322798151,False
real_vs_fake_in_negative,71,0.4271620236377171,0.6566899894898556,0.030719620991359765,1.6700812605775655,0.4312131272686667,-0.8941405540298824,0.9555797960126018,-0.5966136046232111,1.6755310039046758,0.5923896674746499,-1.9973925787267535,0.8041653694803312,0.024136270565990374,1.5158759639050998,0.5729472598447454,-1.3778151696291585,1.4260877107611394,15,8,7,0.9115700322798151,False
real_vs_fake_in_negative,180,0.42450192899006617,0.6583856159836463,-0.17098457434003175,1.475055136459308,0.3808575985496406,-0.987842881701644,0.6458737330215805,-0.6567421821227437,1.4566557620559122,0.5150055836020967,-1.8745368748139566,0.5610525105684692,-0.0333482216573715,1.283262468060569,0.48502762247303327,-1.2201680592193092,1.1534716159045661,15,8,7,0.9115700322798151,False
real_vs_fake_in_negative,114,0.4129369920886166,0.6658123203617623,-0.009430694881898532,1.094349366082222,0.28255979131793935,-0.6154611738414475,0.5965997840776505,-0.17048616974494413,0.7529965560190174,0.2662244854855816,-0.8000070444919615,0.4590347050020732,-0.4721454344540926,1.4553742635284275,0.5500797665457142,-1.818142134289864,0.8738512653816787,15,8,7,0.9115700322798151,False
real_vs_fake_in_negative,61,0.41276625285730206,0.6659226364211366,-0.38332766036685356,1.7517895726073045,0.4523101227178599,-1.3534363903825877,0.5867810696488807,-1.1049267016447089,2.2462066639379636,0.7941539820084732,-2.982802467000924,0.7729490637115064,-0.6017840570323731,1.3390617496100838,0.5061177685181891,-1.840209622894581,0.6366415088298347,15,8,7,0.9115700322798151,False
real_vs_fake_in_negative,91,0.4088094142915656,0.6684846903385311,-0.1648391636158721,0.57595381724073,0.14871063615719585,-0.4837917563976138,0.15411342916586962,0.11139584713658524,1.091757312147852,0.38599449941487224,-0.8013361071612384,1.0241278014344088,0.08333397746179234,0.8424879178663671,0.31843050189300254,-0.695837391386239,0.8625053463098238,15,8,7,0.9115700322798151,False
real_vs_fake_in_negative,126,0.3943687062707869,0.6779252566413346,-0.6598382254620051,1.8770327915529907,0.4846477827979967,-1.6993043383360278,0.3796278874120175,-0.30754120600580154,1.1291436004397626,0.3992125484021748,-1.2515288794977422,0.6364464674861392,-1.0066969950624403,0.8557883078564921,0.32345757678643733,-1.7981691730438105,-0.21522481708106989,15,8,7,0.9117786844278704,False
real_vs_fake_in_negative,164,0.39289769846971523,0.6788949292820462,-0.7341760047178909,1.4588639394844967,0.3766770494670667,-1.5420679260590116,0.07371591662322985,-0.24678827552090676,2.1201352897938706,0.7495810202230759,-2.019265734474053,1.5256891834322397,-0.1947764556209696,1.0449241509569334,0.3949442060510515,-1.161170113948332,0.7716172027063928,15,8,7,0.9117786844278704,False
real_vs_fake_in_negative,131,0.3753069826636532,0.6906066711977933,-0.25536687850788853,1.1183672082172762,0.2887611714913329,-0.8746979951100494,0.36396423809427236,0.03806529774391318,0.7306659745151659,0.25832943268097547,-0.5727867436737268,0.6489173391615533,0.04620811801517515,0.6577143400689809,0.24859265393478402,-0.5620761930054303,0.6544924290357805,15,8,7,0.9117786844278704,False
real_vs_fake_in_negative,67,0.37471787433948117,0.6910026307169053,0.04641329218296095,1.254510361624427,0.32391318254773666,-0.6483113897865141,0.7411379741524361,-0.044042002943340874,1.520011933852706,0.5374053729558631,-1.3148037807710395,1.226719774884358,0.5419217325711996,1.6844158996800815,0.6366493678509454,-1.0159031506472376,2.0997466157896367,15,8,7,0.9117786844278704,False
real_vs_fake_in_negative,113,0.37032210016514117,0.6939648875923236,-0.18989074710212334,1.1121454936071766,0.2871547316866815,-0.8057763929963266,0.4259948987920799,-0.17379078240628548,0.46281206587132767,0.16362877509628546,-0.5607113522573834,0.21312978744481248,-0.5675403719690997,1.2890253427538998,0.4872057843695162,-1.7596899796892538,0.6246092357510544,15,8,7,0.9117786844278704,False
real_vs_fake_in_negative,14,0.3362772406976551,0.7173744843500949,-0.16988014369890464,1.3094357493792037,0.3380948566849523,-0.8950214915702681,0.5552612041724587,-0.6022475175583403,1.474316123751953,0.5212494643588356,-1.8348066421109914,0.6303116069943108,-0.22123697383159405,0.5843430461258451,0.22086091148556158,-0.7616641556002968,0.3191902079371087,15,8,7,0.927291159534696,False
real_vs_fake_in_negative,112,0.3288896861752427,0.722565396293243,-0.4442640883381295,1.3199373151467662,0.34080634930674375,-1.1752210094890987,0.2866928328128396,-0.1572307539046375,0.7068991930600005,0.24992660651401238,-0.7482132687859582,0.4337517609766832,-0.03693252775195278,1.3281318009937075,0.5019866362493824,-1.26524957710697,1.1913845216030645,15,8,7,0.927291159534696,False
real_vs_fake_in_negative,84,0.30346613951161033,0.7407399917443159,0.015446961259544123,1.160594778975508,0.299664283377828,-0.6272690045736499,0.6581629270927382,-0.27406200851352913,1.1704533853839278,0.4138177629338634,-1.252585526486816,0.7044615094597577,-0.3544548418474348,1.1767089973280822,0.44475419606032474,-1.4427291550339008,0.733819471339031,15,8,7,0.927291159534696,False
real_vs_fake_in_negative,65,0.3026466204683505,0.7413339520329498,-0.28190178720713355,1.5244593838802536,0.39361372038252274,-1.1261192548653691,0.562315680451102,-0.7613512841189042,1.7823574236398083,0.6301585103769463,-2.251439380103814,0.7287368118660059,-0.2661129047778726,1.0569231944660593,0.3994794182075931,-1.2436038274785333,0.711378017922788,15,8,7,0.927291159534696,False
real_vs_fake_in_negative,86,0.29574918156794405,0.7463533056845866,0.0924316502231309,1.0291703875535527,0.2657306514269828,-0.477503913529188,0.6623672139754498,-0.2796959973975344,1.2478792330478383,0.4411919338949972,-1.3229491438927652,0.7635571490976965,0.0018479847921232093,1.1269751819218368,0.425956580729565,-1.0404302206682423,1.0441261902524885,15,8,7,0.927291159534696,False
real_vs_fake_in_negative,168,0.2869158951246085,0.7528347722523822,-0.04861278368755985,1.1823405741000115,0.30527902353564407,-0.7033711694673552,0.6061456020922356,-0.2559506284993337,0.6157696755093058,0.21770745660083504,-0.7707469601302518,0.2588457031315844,0.1317494602240464,0.8587609023463386,0.3245811118962623,-0.6624719091327322,0.9259708295808251,15,8,7,0.927291159534696,False
real_vs_fake_in_negative,101,0.2782874317861169,0.7592243510219444,-0.14749337627319345,1.4167214114438518,0.3657958955158336,-0.9320475434705252,0.6370607909241383,0.02119173844970937,0.8010995895509081,0.2832314760886035,-0.6485442787238241,0.6909277556232428,0.2750484552519067,1.2301510210052093,0.46495338237599676,-0.8626514863138627,1.4127483968176762,15,8,7,0.927291159534696,False
real_vs_fake_in_negative,87,0.26829858714290505,0.7666941537812723,0.11713674322363701,1.7285508527727957,0.44630991105744444,-0.8401028126981489,1.0743762991454229,-0.2106730187394419,1.664606257684481,0.588527186407129,-1.6023186764394062,1.1809726389605224,0.4135360738372175,1.4416273298610705,0.5448839140066388,-0.9197468328438883,1.7468189805183234,15,8,7,0.927291159534696,False
real_vs_fake_in_negative,59,0.2678122513183915,0.7670598522409209,-0.27360766509493006,1.193628325936832,0.3081935085276526,-0.9346169994877215,0.38740166929786135,-0.2826775666213891,0.5976753747473178,0.2113101552160197,-0.7823466842530247,0.21699155101024653,-0.6044540295612496,1.0507252006163632,0.39713679672847824,-1.5762127640019172,0.36730470487941813,15,8,7,0.927291159534696,False
real_vs_fake_in_negative,62,0.2676440049821542,0.7671864080776644,-0.09069452748914089,1.1666628128890817,0.3012310429972609,-0.7367708584972616,0.5553818035189799,-0.5242745832602521,1.4766342302620445,0.5220690387752347,-1.7587716933539057,0.7102225268334014,-0.09961104467975503,1.8531316565973048,0.7004179300025165,-1.8134719783573467,1.6142498889978365,15,8,7,0.927291159534696,False
real_vs_fake_in_negative,118,0.26540328434627425,0.768874030674612,-0.09037927134394871,1.1500458544308654,0.29694056277237474,-0.727253437480959,0.5464948947930616,-0.3052392963324798,0.6691567451494255,0.23658263608593855,-0.8646683351270402,0.2541897424620806,-0.36295607872913466,0.4629022219149904,0.1749605943608997,-0.7910692305541894,0.06515707309592011,15,8,7,0.927291159534696,False
real_vs_fake_in_negative,51,0.2629804482669966,0.7707033031202024,-0.144836135458094,1.3190932968523774,0.3405884247202063,-0.8753256548568875,0.5856533839406994,0.21481797267940844,0.9402300185331587,0.33242151098997486,-0.5712339939586033,1.00086993931742,0.03777206018735576,0.9135407851084407,0.3452859614159475,-0.8071122508353139,0.8826563712100255,15,8,7,0.927291159534696,False
real_vs_fake_in_negative,103,0.2602866658295816,0.77274263294558,-0.3606960903209089,1.1734774712121345,0.30299058021027936,-1.0105462533204075,0.28915407267858984,-0.07032696700028203,0.5150707824455752,0.18210502152916358,-0.5009369172449682,0.3602829832444042,-0.12477791105669352,1.0604185560129462,0.4008005406926389,-1.1055015040228269,0.8559456819094398,15,8,7,0.927291159534696,False
real_vs_fake_in_negative,167,0.2503129095951473,0.7803438767258893,-0.2725598594986694,1.0534582692484808,0.27200175551492367,-0.8559456038173507,0.310825884820012,-0.30622402075140015,0.4981498629532055,0.17612257307068044,-0.7226877282872533,0.110239686784453,-0.5762489271964569,1.1343264253069696,0.4287350895615893,-1.6253258988464134,0.4728280444534997,15,8,7,0.9302112437792058,False
real_vs_fake_in_negative,1,0.23154895929542124,0.7948628942093979,-0.4163688181646488,1.6612605722555485,0.42893563533711615,-1.336344258809261,0.5036066224799634,0.01592549032845647,1.3218549435711382,0.46734629717205645,-1.0891728978566764,1.1210238785135893,-0.17433327489757616,1.1977638301942362,0.452712174868878,-1.2820800607418517,0.9334135109466994,15,8,7,0.9389250310548303,False
real_vs_fake_in_negative,135,0.22743309414145385,0.7980862763966057,-0.18792958050028705,0.8888691531873595,0.2295050284834755,-0.6801689104018417,0.30430974940126765,-0.034264746625519614,0.8077476980850103,0.28558193740186744,-0.7095587216228276,0.6410292283717884,-0.3063742805018439,0.4275514087571352,0.1615992428952433,-0.7017933830782708,0.08904482207458292,15,8,7,0.9389250310548303,False
real_vs_fake_in_negative,147,0.20508255238407377,0.8158372311811495,-0.10181256500856134,1.0415552303888036,0.2689284040967377,-0.6786066261182242,0.47498149610110146,-0.0182920570567566,0.6652145497779273,0.23518885954596425,-0.5744253380435927,0.5378412239300795,-0.3698011733029,1.5958543250709196,0.6031762389749261,-1.8457202607797025,1.1061179141739024,15,8,7,0.9421728252005963,False
real_vs_fake_in_negative,39,0.20349000247631754,0.8171181294124856,-0.017792981386096654,1.3331477831568546,0.3442172774799889,-0.7560656158764858,0.7204796531042925,0.12302861117960959,1.0090598779095834,0.3567565411465681,-0.7205665579299242,0.9666237802891434,-0.2897994468638093,1.3867446699113783,0.5241402183614089,-1.5723243588340576,0.9927254651064389,15,8,7,0.9421728252005963,False
real_vs_fake_in_negative,69,0.2026910467492037,0.817761548193236,-0.08534467565458118,1.8937401184922968,0.4889615960643684,-1.1340629977964811,0.9633736464873187,-0.4592872543507139,1.384561307276055,0.48951634467170474,-1.616809474512479,0.6982349658110514,0.020913413884950178,0.9062778782166075,0.3425408406400607,-0.8172538285783778,0.8590806563482781,15,8,7,0.9421728252005963,False
real_vs_fake_in_negative,70,0.19771138877797498,0.8217840753138534,-0.06476275471241802,1.5480482418711399,0.39970433732617305,-0.9220432965126013,0.7925177870877653,-0.10493391717612599,1.3996287346224363,0.4948434846975357,-1.2750528218346018,1.0651849874823496,0.3312518148888327,1.5762330324075526,0.5957600874336568,-1.126520603491751,1.7890242332694162,15,8,7,0.9421728252005963,False
real_vs_fake_in_negative,31,0.17163901401073742,0.843194970783431,-0.40122671369656115,2.0723586994077423,0.5350807153449498,-1.5488607089299453,0.7464072815368231,-0.7593020131844666,1.5683018969085558,0.5544784531258827,-2.0704352104315813,0.5518311840626484,-0.7937317182421089,0.9644995363074766,0.3645465589580994,-1.6857450136508039,0.09828157716658625,15,8,7,0.9551986159340676,False
real_vs_fake_in_negative,132,0.16813907354790128,0.846114469031017,-0.006384796531918746,1.8676038386467526,0.4822132376261278,-1.0406293293301823,1.0278597362663446,-0.3735303895218749,1.140988527643855,0.4034003625765122,-1.3274206699716178,0.5803598909278679,-0.26421528683901246,0.9848236092049495,0.3722283364601939,-1.1750252146554414,0.6465946409774164,15,8,7,0.9551986159340676,False
real_vs_fake_in_negative,119,0.1567895476836998,0.8556566814810139,-0.6578326661090355,1.6622763872881907,0.42919791765073284,-1.578370646368369,0.2627053141502982,-0.4047113346640356,1.2536982452059848,0.4432492653734134,-1.4528292970666947,0.6434066277386234,-0.7995682419510004,0.762986892897603,0.2883819388869902,-1.5052134258697438,-0.09392305803225709,15,8,7,0.9551986159340676,False
real_vs_fake_in_negative,172,0.15194734449432568,0.8597629250745736,-0.2254851163951634,1.1212983090892528,0.28951797848221417,-0.8464394225566896,0.39546918976636275,-0.05746359882412686,1.091194574394039,0.38579554157399676,-0.9697250925863717,0.854797894938118,-0.33861964497182734,0.4445686745437051,0.16803116479032212,-0.7497770934589614,0.0725378035153067,15,8,7,0.9551986159340676,False
real_vs_fake_in_negative,117,0.1416736922002632,0.8685453605726541,-0.011875512709148524,1.012536784881508,0.26143587368456545,-0.572599694331965,0.5488486689136679,-0.09172846826051494,1.0904676526508943,0.385538535927012,-1.0033822402371033,0.8199253037160734,-0.26574221083955296,1.0514964249873247,0.39742829214142056,-1.2382142088607035,0.7067297871815977,15,8,7,0.9551986159340676,False
real_vs_fake_in_negative,9,0.1389322717922605,0.8709051171274116,0.0498554451464809,1.1511737684377517,0.297231788916683,-0.5876433389480155,0.6873542292409772,0.27763715350086626,1.1226868395448668,0.39692973869553433,-0.660952532796981,1.2162268397987135,0.22444682129816693,0.7821511919250126,0.2956253630694763,-0.4989223830955717,0.9478160256919056,15,8,7,0.9551986159340676,False
real_vs_fake_in_negative,102,0.13515528044143896,0.8741675572035493,-0.21250374795808616,1.5047547961995007,0.3885260177204268,-1.0458091786745742,0.620801682758402,-0.15729732983727665,0.6031118800431061,0.21323225009632396,-0.6615114796367421,0.3469168199621888,0.07840163987075567,1.0735215424849318,0.40575300406937,-0.9144401944242625,1.071243474165774,15,8,7,0.9551986159340676,False
real_vs_fake_in_negative,52,0.1289601491692443,0.879547163121377,-0.10593111420767139,1.1961920434149178,0.30885545753411975,-0.7683601880176141,0.5564979596022712,0.0947660402546564,0.9168635346987046,0.3241602114040607,-0.6717510570328293,0.8612831375421421,-0.15954760689794703,0.8794940307442395,0.33241749784500757,-0.9729439219028564,0.6538487081069624,15,8,7,0.9551986159340676,False
real_vs_fake_in_negative,105,0.12482841560458081,0.8831547555648099,-0.3385087933007032,1.1097916623573612,0.2865469750713269,-0.9530909308968001,0.2760733442953936,-0.1321822130646407,0.8873421313289989,0.31372281914762956,-0.8740187994991826,0.6096543733699011,-0.38197299130766105,1.2228743536667435,0.46220306064015004,-1.5129431380235254,0.7489971554082033,15,8,7,0.9551986159340676,False
real_vs_fake_in_negative,36,0.12134109884806955,0.8862120492277183,-0.3890350739042325,1.6368495691171645,0.42263274142917095,-1.2954921515997257,0.5174220037912607,-0.26688287304305985,1.0341764804768303,0.36563660114440194,-1.1314760473790706,0.5977103012929508,-0.6163731643494631,1.0905303991972062,0.4121817476331142,-1.624945567458579,0.3921992387596528,15,8,7,0.9551986159340676,False
real_vs_fake_in_negative,120,0.11280249162136166,0.8937458517744898,-0.5782604545108206,1.7371335518849464,0.44852595443923565,-1.5402529507777207,0.38373204175607944,-0.869321377279722,1.2286902684150616,0.4344076103871046,-1.8965321478775392,0.15788939331809504,-0.6101352076345298,0.7272337445864774,0.27486851902715487,-1.282714244348744,0.06244382907968449,15,8,7,0.9560105577424343,False
real_vs_fake_in_negative,15,0.10847796976953245,0.8975876903248411,-0.22361004336941329,1.4211287256652636,0.366933859154569,-1.0106048998304393,0.5633848130916127,-0.4927099941954564,1.495339436603814,0.5286823278991142,-1.7428450481342301,0.7574250597433172,-0.3421849248321473,0.7647170509366423,0.28903587715843837,-1.0494302380572142,0.3650603883929197,15,8,7,0.9560105577424343,False
real_vs_fake_in_negative,179,0.0825152754925365,0.9210286629214816,-0.0924951616461848,0.9752195812063309,0.25180061312716606,-0.6325537646908715,0.44756344139850196,-0.2558914102115931,1.3109625510058256,0.4634952548489172,-1.3518835303255208,0.8401007099023344,-0.032152513768736894,1.2583010289560106,0.4755930852963269,-1.1958868705029237,1.13158184296545,15,8,7,0.9688414196404838,False
real_vs_fake_in_negative,53,0.08003914976843167,0.9232983896368482,-0.14281016341328248,1.0649184443515243,0.27496076000283753,-0.7325423411671306,0.44692201434056567,0.001432504923797956,0.9251926732863278,0.32710500659243613,-0.772047926482094,0.7749129363296899,-0.009742669873432737,0.6659495136145047,0.25170525696405743,-0.625643246134277,0.6061579063874115,15,8,7,0.9688414196404838,False
real_vs_fake_in_negative,115,0.07314746543653851,0.9296473021305905,-0.09640752642231315,0.9007726101497434,0.23257848785531615,-0.5952387710704479,0.40242371822582157,0.01638939960493105,0.719195329634526,0.25427394729113384,-0.5848729427079093,0.6176517419177714,0.04245119223679198,1.0879369101416663,0.4112015009089819,-0.9637226335459984,1.0486250180195824,15,8,7,0.9688414196404838,False
real_vs_fake_in_negative,177,0.07150831098036417,0.9311642533211316,0.07505319380860374,1.3751691065680722,0.3550671365304717,-0.6864900739390454,0.8365964615562529,-0.04937676833301563,1.5059277666225486,0.5324258678779583,-1.3083638876925714,1.20961035102654,0.22937595934067975,1.4411477510209278,0.544702650243058,-1.103463410889137,1.5622153295704964,15,8,7,0.9688414196404838,False
real_vs_fake_in_negative,96,0.06352534335517314,0.9385901699710694,-0.2778827552815854,0.9343598109396284,0.24125066580897941,-0.7953139717599913,0.23954846119682055,-0.25831036349083514,1.1512098629072312,0.4070141503152694,-1.2207458940677518,0.7041251670860816,-0.42449355701758823,0.9805922605841052,0.3706290370085981,-1.3313901400523778,0.48240302601720136,15,8,7,0.9709553482459338,False
real_vs_fake_in_negative,165,0.04993573150600085,0.9513782047020157,-0.6366691032427075,1.4457584945656774,0.373293238139385,-1.437303471093791,0.16396526460837602,-0.5175562826438295,2.252130870594295,0.7962485053583944,-2.400384808708796,1.3652722434211366,-0.4089774216822981,0.9643275471105549,0.3644815531519216,-1.3008316536134634,0.4828768102488673,15,8,7,0.9732414257952702,False
real_vs_fake_in_negative,106,0.04968717210462342,0.9516138385553753,-0.19235452833030778,0.9094046692645604,0.23480727593499376,-0.6959660479819249,0.31125699132130935,-0.24568434373854658,0.690109962361054,0.24399071707494718,-0.8226307104974804,0.33126202302038715,-0.3170446917235537,0.9614774006711287,0.36340429905494476,-1.206262977838132,0.5721735943910244,15,8,7,0.9732414257952702,False
real_vs_fake_in_negative,108,0.02170165339499796,0.9785491836874343,-0.2095507307695326,1.2120534577602895,0.31295085710791437,-0.8807635630670542,0.46166210152798903,-0.11573335511747734,0.41792197721321195,0.14775773204717596,-0.4651248716765779,0.2336581614416232,-0.15536749579520587,1.1781100440287258,0.4452837419381948,-1.244937561065957,0.9342025694755454,15,8,7,0.9819715967009127,False
real_vs_fake_in_negative,99,0.02078334453854621,0.9794467937423104,-0.35822743930986667,0.774939039073901,0.20008839951061316,-0.787374374987009,0.07091949636727568,-0.27522076286740066,0.8027748983368218,0.283823787190154,-0.9463573732361481,0.39591584750134684,-0.2943877789664929,1.5649532758146252,0.5914967401773386,-1.7417281624200447,1.152952604487059,15,8,7,0.9819715967009127,False
real_vs_fake_in_negative,72,0.020482382186726652,0.9797411647429891,-0.30213731234290175,1.6174254691166867,0.41761746037470976,-1.1978376819966203,0.5935630573108167,-0.4305878003663334,1.1576145518011673,0.40927854978941564,-1.3983777848551102,0.5372021841224436,-0.3713258561703153,1.463903837215019,0.5533036423691602,-1.7252110959650961,0.9825593836244656,15,8,7,0.9819715967009127,False
real_vs_fake_in_negative,58,0.01820515905568809,0.9819715967009127,-0.30285987152003124,1.0921925259810747,0.2820028975984609,-0.9076959322434579,0.3019761892033954,-0.22453919250875168,0.8189604472865086,0.28954624289992914,-0.909207260427499,0.4601288754099957,-0.27481602828542334,0.6244887113814049,0.2360345466974841,-0.8523717578791301,0.30273970130828337,15,8,7,0.9819715967009127,False
real_vs_rest_in_positive,83,14.060530711885521,6.540690454073007e-05,-0.5814978518046766,0.73296375116187,0.1892504267749093,-0.9873996478342653,-0.17559605577508802,0.7768959921011888,0.7188949473920511,0.2541677461308328,0.17588477562754345,1.377907208574834,1.0387949714262523,0.9030557979985171,0.34132300878843663,0.20360765615336507,1.8739822866991396,15,8,7,0.011773242817331412,True
real_vs_rest_in_positive,178,12.571081737183693,0.00013847095365399412,0.07714007523437968,0.638343292937546,0.1648195295140212,-0.2763626575761686,0.43064280804492794,1.5857284273388568,0.30085535950956804,0.1063684324327661,1.3342070524044296,1.837249802273284,0.6129439708741711,1.03390080939859,0.39077777456815155,-0.3432547968806997,1.5691427386290417,15,8,7,0.01246238582885947,True
real_vs_rest_in_positive,113,10.945930105415972,0.0003301545125213276,-0.40541857745676674,0.8556641515261417,0.22093153392049644,-0.8792695903507082,0.06843243543717475,0.7674989088908633,1.038760693935576,0.3672573653559448,-0.10092676380587529,1.6359245815876018,-1.2928637672993861,0.5994925657118078,0.22658689167221294,-1.8473019178462273,-0.7384256167525448,15,8,7,0.019809270751279657,True
real_vs_rest_in_positive,107,10.012872397061722,0.0005583147487384006,2.148976773299476,0.882886063409595,0.2279602013455991,1.6600507680783725,2.637902778520579,4.209964909660229,1.0136906076287329,0.35839375133969437,3.362498353623074,5.057431465697384,2.726002834205276,1.4092319374744438,0.5326396065953004,1.4226806684380362,4.029324999972515,15,8,7,0.020979661362249175,True
real_vs_rest_in_positive,79,9.938329717317405,0.0005827683711735882,-0.37836259703383274,0.77316370387347,0.1996300099329328,-0.806526384846886,0.04980119077922052,1.3439767647155834,1.0730670244404734,0.3793864848247647,0.44687028197240697,2.24108324745876,1.230526554724108,1.4158799831164146,0.5351523316629092,-0.07894402778973264,2.5399971372379486,15,8,7,0.020979661362249175,True
real_vs_rest_in_positive,145,9.152222354183067,0.0009236551553033005,-0.8179047670426677,0.8519048428257636,0.21996088458784196,-1.2896739441692957,-0.34613558991603977,0.3565157362319836,0.9682903172412503,0.34234232473928067,-0.45299522719317176,1.166026699657139,0.8071444506970048,0.9667047051188745,0.3653800344257958,-0.08690828571123521,1.7011971871052447,15,8,7,0.027709654659099015,True
real_vs_rest_in_positive,12,8.478059946944555,0.0013888316362885328,0.08700678753441163,0.8354078652660755,0.21570138329774666,-0.3756266679280511,0.5496402429968744,1.697682472333744,0.8784756530489091,0.31058804568908216,0.9632584472425327,2.4321064974249555,1.3907633520382927,1.360419203852221,0.5141901274556371,0.1325854354253473,2.648941268651238,15,8,7,0.033548862822302225,True
real_vs_rest_in_positive,167,7.962516496519063,0.0019134503954620484,-0.5451065106665884,0.7918951645973878,0.20446645229519095,-0.9836434356750947,-0.10656958565808217,0.7218113062813415,0.8941648527846352,0.31613501545134326,-0.025729218032564227,1.4693518305952473,-0.6400080612432236,0.6366571231512029,0.24063377403941508,-1.2288176947260112,-0.05119842776043604,15,8,7,0.033548862822302225,True
real_vs_rest_in_positive,80,7.92273920433697,0.0019619745229322943,-1.3996522662606417,0.9163718594080694,0.23660619669470515,-1.9071220872103067,-0.8921824453109766,-0.08719168200536004,1.0191796992855517,0.36033443830623996,-0.9392472335083588,0.7648638694976388,0.11242658139137314,1.03887604111577,0.39265823540223427,-0.8483735082640286,1.0732266710467748,15,8,7,0.033548862822302225,True
real_vs_rest_in_positive,175,7.750232940761597,0.00218824523457801,3.5907056380128926,0.7196376956040235,0.18580965402516433,3.1921835655731075,3.9892277104526777,4.953754738723449,1.143169739875444,0.40417153755659396,3.998040919213583,5.909468558233314,4.805265279964176,0.9671221728194634,0.3655378223852473,3.9108264503279857,5.699704109600366,15,8,7,0.033548862822302225,True
real_vs_rest_in_positive,82,7.717378684169657,0.002234434103254742,-0.42687132262171995,0.8860714870300327,0.2287826741877705,-0.9175613566458863,0.06381871140244644,1.1088647415461952,1.0354561365540784,0.36608902788930625,0.24320174795711458,1.974527735135276,0.2434669786484677,0.7305857368934539,0.2761354530329922,-0.4322121338992485,0.9191460911961838,15,8,7,0.033548862822302225,True
real_vs_rest_in_positive,100,7.647168878302257,0.0023366879675185753,1.387229875645218,0.7483448308112643,0.19322180446349557,0.9728103216164558,1.8016494296739802,2.6620861959666158,0.8714080770556558,0.3080892802333919,1.933570812270972,3.3906015796622597,1.2435576637116337,0.9200915865128337,0.347761931616547,0.39261487186203525,2.0945004555612323,15,8,7,0.033548862822302225,True
real_vs_rest_in_positive,99,7.590443882707769,0.0024229734260551605,0.8006034556943986,0.7958646844068645,0.2054913779028272,0.35986828388652803,1.241338627502269,1.8609399492070864,0.755650657064942,0.2671628519093454,1.2292001904575567,2.492679707956616,0.29430458965774997,0.9016621854450384,0.34079627275408203,-0.5395938489702499,1.1282030282857498,15,8,7,0.033548862822302225,True
real_vs_rest_in_positive,109,6.966832828000569,0.0036334752296902154,-1.2670837789543141,1.0665434653061103,0.27538033860912753,-1.857715863317468,-0.6764516945911602,0.2767581333937373,0.9664083425839304,0.3416769462181746,-0.5311794598439219,1.0846957266313964,-0.4279305491076465,0.6561704809231829,0.24800913002634198,-1.0347870285612586,0.1789259303459656,15,8,7,0.04462792673048054,True
real_vs_rest_in_positive,106,6.9315941169118656,0.0037189938942067116,-0.9810598015967915,0.9715741440081959,0.2508593652899646,-1.5190996288102172,-0.4430199743833658,0.3753014772816056,0.9629847700965525,0.34046653055732035,-0.42977393772988975,1.180376892293101,-0.9653858019020977,0.4400210911327347,0.1663123398229292,-1.372337437206474,-0.5584341665977213,15,8,7,0.04462792673048054,True
real_vs_rest_in_positive,85,6.67202629253939,0.004419643909841883,-0.5585498143953934,1.052369667540623,0.27172067976257797,-1.1413327111821472,0.02423308239136046,0.7837323328498893,0.7916647202767302,0.2798957460669136,0.1218840637824099,1.4455806019173687,0.659452764092866,0.9358376849526298,0.3537133974152959,-0.20605273995137519,1.5249582681371072,15,8,7,0.04972099398572118,True
real_vs_rest_in_positive,144,6.543902240310573,0.004816650669924291,-1.0100819706456918,1.2121671882542664,0.3129802221951896,-1.681357784791491,-0.33880615649989276,0.24937242612858762,0.9885849471525399,0.3495175599552528,-0.5771052724991381,1.0758501247563133,0.502843033319828,0.6392838744583892,0.24162659271296202,-0.08839593994129968,1.0940820065809558,15,8,7,0.05099983062272779,False
real_vs_rest_in_positive,173,6.2765877943193225,0.00577381006602725,2.771471890900358,0.9201207511212227,0.23757415637282367,2.261926002918623,3.281017778882093,4.195971798655437,1.0189576421996303,0.3602559292706071,3.344101891522065,5.04784170578881,3.0802966892426507,0.8218725114188951,0.3106386106592127,2.320191391397412,3.840401987087889,15,8,7,0.057738100660272504,False
real_vs_rest_in_positive,132,5.657484312812394,0.00887026130114368,0.6399928621299579,1.034026259625565,0.2669844322047306,0.06736820605595828,1.2126175182039574,-0.309677687085701,0.7795933612858643,0.2756278761666244,-0.9614340474843137,0.34207867331291175,-0.5792227295210554,0.5948935785745264,0.22484863792249418,-1.1294075263674126,-0.02903793267469812,15,8,7,0.0840340544318875,False
real_vs_rest_in_positive,95,5.4521928984980494,0.01025895337213944,-1.6026207075891525,0.9821240313593602,0.25358333449099285,-2.1465028676832416,-1.0587385474950635,-0.5117068296119368,1.0064641387637319,0.35583880877045654,-1.3531319064884455,0.3297182472645718,-0.1728366246049406,1.2542769618893375,0.474072130908118,-1.3328493400215682,0.9871760908116869,15,8,7,0.09233058034925497,False
real_vs_rest_in_positive,73,5.276714398189861,0.011631648447012413,-0.21251331391427106,0.5126944165681704,0.13237712913747013,-0.4964340182730931,0.07140739044455094,0.09573755745038307,0.7669201947360322,0.27114723516337796,-0.5454237705692722,0.7368988854700382,0.8993836280074615,1.1052989550952446,0.4177637370802236,-0.12284741123275256,1.9216146672476757,15,8,7,0.09969984383153496,False
real_vs_rest_in_positive,63,4.941132368372685,0.014837935364036764,-0.4123459003150557,1.1852673234118376,0.3060347069585258,-1.0687250658405278,0.24403326521041657,0.9094825458832754,0.7242817527716552,0.2560722694372579,0.3039678474115336,1.5149972443550173,0.7861720541068244,1.262832345805055,0.4773057620812138,-0.38175307174948303,1.954097179963132,15,8,7,0.12140128934211898,False
real_vs_rest_in_positive,81,4.676036608881385,0.01804125838450294,-0.09318330578899618,0.7671619048980037,0.19808035210098177,-0.5180234081132533,0.3316567965352609,1.1069424435542983,1.010825951375602,0.3573809424085157,0.261870800078038,1.9520140870305585,0.7901373614070467,1.2692641604256178,0.47973675950476785,-0.3837362008550581,1.9640109236691514,15,8,7,0.13242111374926918,False
real_vs_rest_in_positive,103,4.670266318339424,0.018118757931520436,0.714954934449927,1.1262824648964127,0.29080488197794974,0.09124049480211227,1.3386693740977416,2.059644800405209,1.0992109166284352,0.3886297465511236,1.1406814768200648,2.9786081239903526,0.6242647043160537,0.9908366357623787,0.3745010468741631,-0.292106345546537,1.5406357541786444,15,8,7,0.13242111374926918,False
real_vs_rest_in_positive,108,4.6501443787319605,0.018391821354065165,-1.2850446709556063,1.2318630197537528,0.31806566402100417,-1.967227673031593,-0.6028616688796197,0.09859351429790542,0.8120216974484152,0.28709302436819273,-0.5802736135862412,0.777460642182052,-0.6659057077082534,0.7564776513235951,0.28592167682578057,-1.3655308472325005,0.03371943181599368,15,8,7,0.13242111374926918,False
real_vs_rest_in_positive,74,4.595278400632897,0.01915908393567622,-0.547083145585993,1.1156923103476013,0.28807051583119575,-1.1649329531223567,0.07076666195037062,0.8510565802676338,0.9009380489708385,0.31852970192812885,0.0978535222357595,1.604259638299508,0.34881896347820834,1.2582281649506841,0.47556554529095235,-0.814848005290447,1.5124859322468638,15,8,7,0.13263981186237386,False
real_vs_rest_in_positive,125,4.5185208710470315,0.02029072305042781,3.4052952115545545,0.9070980223866316,0.23421170227207377,2.9029610703668425,3.9076293527422665,4.8679346325171196,1.461798832736151,0.516823933679156,3.6458402251358066,6.0900290398984325,4.337655624900451,1.2745857938841505,0.48174814789047044,3.158860372560115,5.516450877240787,15,8,7,0.13527148700285208,False
real_vs_rest_in_positive,66,4.46631457372149,0.0211013082277547,0.11980632758636385,0.6939928491578677,0.17918818314503052,-0.264514102255275,0.5041267574280027,0.6165910434818591,1.0088884324581804,0.3566959260259227,-0.2268607936433834,1.4600428806071015,-0.6329558836658906,0.80833509514945,0.3055219482530254,-1.3805411596311215,0.11462939229934022,15,8,7,0.13565126717842307,False
real_vs_rest_in_positive,11,4.3528386057316935,0.022985693426290966,-1.6449908618773224,1.1110355097661253,0.2868681350912847,-2.260261819208916,-1.0297199045457286,-0.36579635377689,0.8097932183137629,0.28630513801427004,-1.042800426481052,0.31120771892727206,-0.8149348499088118,1.0858814144993338,0.41042459658175495,-1.8192076592861048,0.1893379594684812,15,8,7,0.14266982126663358,False
real_vs_rest_in_positive,169,4.204038019105514,0.025735308081407653,-0.9740007396678388,1.061377103720237,0.27404638978362267,-1.5617717883476865,-0.3862296909879913,0.3979124404223867,1.3336375651035677,0.4715120829649242,-0.7170364658755018,1.5128613467202752,0.14254930222721945,1.3138341112292538,0.4965826174723113,-1.0725445895383725,1.3576431939928115,15,8,7,0.1472029546228389,False
real_vs_rest_in_positive,123,4.181328674818233,0.026185131661611415,1.2143033548137594,0.9497449568531341,0.24522309340244466,0.6883521285141718,1.740254581113347,2.34941580639202,1.3532145205974004,0.4784335819572624,1.2181001557194735,3.480731457064566,0.7844439027945934,1.1577344814353587,0.4375825031603263,-0.286281910042094,1.855169715631281,15,8,7,0.1472029546228389,False
real_vs_rest_in_positive,150,4.12438751241599,0.02735057281793369,0.3086043409135329,0.9917802907751467,0.2560765699512595,-0.24062527740558076,0.8578339592326465,-0.7884661271552584,0.8948469700317222,0.316376180316833,-1.5365769157587335,-0.040355338551783526,-0.6701675847923726,1.1137442456411808,0.4209557568708282,-1.7002092150873063,0.3598740455025612,15,8,7,0.1472029546228389,False
real_vs_rest_in_positive,111,4.109714053758645,0.02765984685748405,-0.9755978135343261,1.2704211499903415,0.3280213304388178,-1.6791335964125897,-0.2720620306560625,0.22920354718068853,1.286967088596727,0.45501157775532697,-0.8467278643350533,1.3051349586964305,0.4421009120393566,1.1739441879369301,0.443709196335827,-0.6436163789367926,1.5278182030155059,15,8,7,0.1472029546228389,False
real_vs_rest_in_positive,90,4.102887814005668,0.027805002539869565,0.5448916167566623,1.1990093533531798,0.30958288383225263,-0.11909763129395701,1.2088808648072815,-0.6290697579211801,0.8355244514287109,0.2954025027262058,-1.3275856798487697,0.06944616400640957,-0.19734675140688465,0.32010364696838556,0.12098780623473755,-0.4933932483266963,0.09869974551292701,15,8,7,0.1472029546228389,False
real_vs_rest_in_positive,53,3.9821136203655794,0.030513196445598426,0.1848991916322539,0.7971867202653391,0.20583272609369127,-0.25656809923132673,0.6263664824958345,0.6277437266609167,0.5702600671116834,0.2016173802472835,0.15099437978558616,1.1044930735362473,-0.518713623090456,0.9727887630772899,0.36767959218580587,-1.418393174634057,0.38096592845314503,15,8,7,0.15692501029164904,False
real_vs_rest_in_positive,176,3.8202050315548948,0.034597123063221775,0.5350217048566854,1.0828978195281422,0.279603014711788,-0.06466711899884336,1.1347105287122141,-0.13796087101146817,0.9861756164053114,0.34866573290050956,-0.9624243187273851,0.6865025767044488,-0.6752908374867085,0.7302289533219098,0.2760006015183952,-1.3506399802652125,5.8305291795512915e-05,15,8,7,0.17298561531610887,False
real_vs_rest_in_positive,72,3.7444396254868604,0.03670651994580731,0.21496434759243266,0.9529442158916039,0.24604913853419114,-0.3127585693093441,0.7426872644942094,-0.490657737175694,0.6366917667712276,0.22510453290478938,-1.0229453748258248,0.041629900474436765,-0.7869643580539627,0.9025593382921158,0.34113536465713634,-1.6216925246781735,0.04776380857024809,15,8,7,0.17857225919581934,False
real_vs_rest_in_positive,24,3.6992983133872763,0.03802866070635374,3.099849616787549,1.0682255484968362,0.2758146506214353,2.5082860258019943,3.6914132077731034,4.326995088388802,1.0266072245011162,0.3629604650299198,3.468729970409659,5.185260206367945,3.4824963976572216,0.9449362919256676,0.35715234760497827,2.6085760856383495,4.356416709676094,15,8,7,0.18013576124062297,False
real_vs_rest_in_positive,43,3.4794448640803624,0.04524168789089367,-0.9251496769355254,1.1615709569730273,0.2999163314529831,-1.5684062321250272,-0.28189312174602354,0.3057575780682727,1.0555236849768603,0.37318397767507555,-0.576682305848071,1.1881974619846165,-0.017336153517673886,1.2092369014377193,0.45704858819521843,-1.1356937605216348,1.101021453486287,15,8,7,0.20652174432981735,False
real_vs_rest_in_positive,120,3.4614570058172456,0.04589372096218163,0.36849461388290156,0.8995699848834465,0.2322679713467764,-0.1296706390913384,0.8666598668571415,-0.6373379836261919,0.9187176749804713,0.32481574898731486,-1.4054051809808707,0.13072921372848711,-0.15118095130018125,0.8116361058959638,0.30676961304022926,-0.9018191530194775,0.5994572504191149,15,8,7,0.20652174432981735,False
real_vs_rest_in_positive,155,3.4244162801990004,0.04726840410778347,-0.19011183737382248,0.98864928726985,0.2552681483223974,-0.737607563745128,0.357383888997483,-1.0678817318529126,1.0056791911343703,0.3555612878746576,-1.9086505760888914,-0.22711288761693382,-1.1678522179943331,0.8803546104097131,0.33274276638475075,-1.9820444364439447,-0.3536599995447215,15,8,7,0.20751982291222013,False
real_vs_rest_in_positive,143,3.382658815736189,0.048871366539040596,-0.23785806804500906,0.8549988766109521,0.22075976067601782,-0.7113406639708524,0.23562452788083424,-1.4085539131658806,0.983228234306212,0.347623675965999,-2.2305532877829135,-0.5865545385488478,-0.8795487376786885,1.4556669526051214,0.5501903926183425,-2.2258161297626193,0.4667186544052425,15,8,7,0.2094487137387454,False
real_vs_rest_in_positive,104,3.28011034908234,0.053061058078801536,1.3291785987948865,1.1214976542335793,0.28956944917715577,0.7081138989720318,1.9502432986177412,2.534856160611942,0.8170282429126126,0.28886310549221905,1.8518034559746361,3.217908865249248,1.5658703201320268,1.2695509645030452,0.4798451612567496,0.39173150833831283,2.7400091319257407,15,8,7,0.21458653008079873,False
real_vs_rest_in_positive,105,3.271389585275313,0.05343474428728736,0.2684027478058765,1.2844788385893506,0.3316510100274933,-0.44291792353558523,0.9797234191473382,1.4318994662578124,0.9334547675054661,0.33002609801701355,0.651511751228245,2.2122871812873797,0.3045561404619705,0.7019799990611215,0.2653235004081546,-0.3446670770740126,0.9537793579979537,15,8,7,0.21458653008079873,False
real_vs_rest_in_positive,127,3.2664737753876203,0.05364663252019968,-0.3805821306462684,0.8061777373500781,0.20815419672266863,-0.8270284808112718,0.06586421951873506,-1.0105673455034174,0.8677094297478096,0.30678161093709416,-1.7359905826679722,-0.2851441083388625,-1.2559253014356904,0.7894849784147612,0.29839727381523634,-1.9860771270835453,-0.5257734757878354,15,8,7,0.21458653008079873,False
real_vs_rest_in_positive,124,3.175051453892012,0.05775623947360536,3.717279744274411,0.8663395061001208,0.2236878986191551,3.23751691706774,4.197042571481083,4.758867329207311,1.0482043009892168,0.37059618464919003,3.8825466034380787,5.635188054976543,4.274053320691487,1.0592185868574984,0.4003469949831727,3.2944395140968825,5.253667127286092,15,8,7,0.22600267620106446,False
real_vs_rest_in_positive,15,3.1331408755827024,0.059752115519144285,-1.1599049260943788,0.7923784314868272,0.20459123126949574,-1.5987094753859061,-0.7211003768028516,-0.3323430508028232,1.361302951995206,0.48129327430253765,-1.4704207993471017,0.8057346977414553,-0.2077893520508085,0.7997191826624488,0.30226543943038237,-0.9474062379845558,0.5318275338829388,15,8,7,0.2288378892222547,False
real_vs_rest_in_positive,115,3.0691744710336377,0.06294251844367041,-0.8418768588570416,1.06260622968338,0.2743637487426656,-1.4303285748075358,-0.2534251429065473,0.019179310339647565,1.3433940496673047,0.47496152116270435,-1.1039262211750824,1.1422848418543776,-1.3708532211513293,0.8922158396475617,0.3372258896428758,-2.196015247031391,-0.5456911952712679,15,8,7,0.23603444416376404,False
real_vs_rest_in_positive,10,3.0189366796759454,0.06557641653637213,-1.1007332029429855,0.834378891794838,0.21543570348989385,-1.562796831890317,-0.638669573995654,-0.28765512539554805,0.6354391388524636,0.22466166205695856,-0.8188955398985747,0.24358528910747856,-0.5656055765243168,0.8542792359731862,0.3228872012273306,-1.3556820957905056,0.22447094274187196,15,8,7,0.2408929587050405,False
real_vs_rest_in_positive,171,2.977231637489857,0.06785291957266008,-0.06788198593289856,1.1007424723782322,0.2842104842656047,-0.67745284915244,0.541688877286643,0.9000588014949296,0.8736960183560087,0.30889818963761,0.16963065100473007,1.630486951985129,0.7190352264669554,0.8936828823756766,0.3377803796744898,-0.10748358764280419,1.545554040576715,15,8,7,0.2442705104615763,False
real_vs_rest_in_positive,78,2.9221428818293047,0.0709909876196324,-0.944120347867742,1.264261107383951,0.32643081427705256,-1.6442448128553333,-0.24399588288015073,0.26382968898181913,1.1933409955906962,0.4219097551250436,-0.7338283499704318,1.2614877279340702,-0.4634456104478499,0.6971722889250156,0.2635063567801802,-1.1082224377053098,0.18133121680961,15,8,7,0.25055642689282026,False
real_vs_rest_in_positive,131,2.8747792561484653,0.07381374570791177,0.3300517080168494,0.790284971333297,0.20405070218212434,-0.10759352168365127,0.7676969377173501,-0.1682845314689301,0.4974626570636348,0.17587960909838707,-0.584173720503635,0.2476046575657748,-0.3662204258678678,0.6455449902916158,0.24399307205931728,-0.9632499654870821,0.23080911375134644,15,8,7,0.25550911975815616,False
real_vs_rest_in_positive,97,2.812473021471121,0.07771207190970253,-0.44560106683132505,0.7993576956441817,0.20639326952617684,-0.8882706037869005,-0.0029315298757496278,-0.04950487298544585,0.7498160036251623,0.26509999040277454,-0.6763667393888608,0.5773569934179692,0.33516057037427915,0.5320029949932507,0.2010782316419545,-0.15686013763769457,0.8271812783862529,15,8,7,0.2592461718474512,False
real_vs_rest_in_positive,94,2.811512830534904,0.07777385155423536,0.15914951064390817,0.8844260498817855,0.22835782414294437,-0.33062931065975376,0.6489283319475702,-0.2563682514517672,0.9669654011536941,0.34187389616427366,-1.064771557308322,0.5520350544047875,-0.7659594601517962,0.6494314407623814,0.24546201226337663,-1.3665833669649465,-0.1653355533386458,15,8,7,0.2592461718474512,False
real_vs_rest_in_positive,58,2.7760725372898887,0.08009143025306764,-1.0783769243695895,1.1383636543533904,0.2939242316825665,-1.7087817037388264,-0.44797214500035254,-0.07818985348834663,0.8641146524372484,0.30551066523051745,-0.8006077816126725,0.6442280746359793,-0.6443696057222521,0.6063647795973519,0.22918434437186933,-1.205163494062671,-0.08357571738183311,15,8,7,0.26211740810094863,False
real_vs_rest_in_positive,69,2.6915181508079096,0.08592581613568825,0.23850928410235092,1.1251705569836448,0.29051778858937194,-0.3845894014674529,0.8616079696721548,-0.35719710047738024,1.3446423122219306,0.475402848621243,-1.4813462056034645,0.7669520046487042,-0.9244919897036172,0.7634218007733203,0.28854631861304325,-1.6305393963221277,-0.21844458308510684,15,8,7,0.2761901232932837,False
real_vs_rest_in_positive,9,2.609065271540359,0.0920568835246194,0.2633435505931812,0.7635296178957102,0.19714249962974653,-0.15948505823553977,0.6861721594219021,0.31940360115954003,0.7088714714228381,0.25062391221638736,-0.27322777969639056,0.9120349820154706,-0.5825572814735575,1.2384143041153068,0.4680766098220308,-1.7278994852908487,0.5627849223437339,15,8,7,0.29070594797248234,False
real_vs_rest_in_positive,88,2.5600630066445227,0.09592196576822022,0.49248426974154874,1.2125572160362796,0.313080926935476,-0.17900753459062685,1.1639760740737244,-0.2966771288579964,0.8765072238760615,0.3098921008808792,-1.0294555059779609,0.4361012482619681,-0.41719641540542446,0.6570782054201512,0.24835221763747617,-1.0248924000007018,0.19049956918985295,15,8,7,0.29768885928068345,False
real_vs_rest_in_positive,56,2.460989531997599,0.10427937087250122,-0.3445111693546,1.142803098914871,0.2950704913394348,-0.9773744311767855,0.2883520924675854,0.5262636012695872,1.0588232039728023,0.3743505338034177,-0.35893474955867866,1.411461952097853,-0.635266471628147,0.9953385846630228,0.3762026236179095,-1.5558011297906436,0.2852681865343496,15,8,7,0.31814045350932574,False
real_vs_rest_in_positive,174,2.3453510069560823,0.11503518856830215,3.3305197761905343,0.981182056250823,0.2533401175637991,2.7871592645241665,3.873880287856902,4.353906377127718,1.1283662155362475,0.398937701333741,3.410568613679275,5.2972441405761606,3.6447437363316126,1.2326154019191635,0.46588483080943344,2.504764622555337,4.7847228501078884,15,8,7,0.34357164878696167,False
real_vs_rest_in_positive,114,2.318854432903269,0.11766382833708279,-1.0712522086513814,1.0885598768976141,0.28106495163827033,-1.674076575365405,-0.46842784193735787,-0.19741295657816288,1.028093967404644,0.36348610802440257,-1.0569210227297396,0.6620951095734138,-1.1413745241033475,0.7721791882744146,0.2918562999648319,-1.8555211633186186,-0.4272278848880765,15,8,7,0.34357164878696167,False
real_vs_rest_in_positive,129,2.301845674314342,0.11938516343901276,1.3766984371657516,1.0462250069816048,0.27013413522836627,0.7973183399757637,1.9560785343557394,2.652878953761711,1.7348269380707897,0.6133539460474751,1.2025273381277193,4.103230569395702,1.7149446483596744,1.5162875533653597,0.5731028260381886,0.3126125514021516,3.1172767453171972,15,8,7,0.34357164878696167,False
real_vs_rest_in_positive,168,2.2933984917207,0.12025007707543657,-0.035808769238453574,0.8462214579951457,0.21849344093457054,-0.5044305927522754,0.4328130542753683,0.7018620133266013,1.0290270046674663,0.36381598651222324,-0.15842609149735498,1.5621501181505575,-0.31933359707609654,1.1895432102268604,0.4496050725750997,-1.4194775774950061,0.7808103833428132,15,8,7,0.34357164878696167,False
real_vs_rest_in_positive,70,2.2114085572064446,0.1290035692168407,0.3972638493568816,0.9105487751137747,0.23510268279501412,-0.10698125499562677,0.9015089537093899,-0.3372872339819708,0.9550253678827029,0.3376524569175182,-1.1357084222190221,0.4611339542550804,-0.3474785961702706,1.082863603948543,0.4092839714072836,-1.3489603962904355,0.6540032039498942,15,8,7,0.36282253842236445,False
real_vs_rest_in_positive,166,2.1668262850650537,0.1340485119085133,0.36263328642044357,1.0156078237387427,0.2622288125078739,-0.199791579834938,0.9250581526758251,-0.1659338021862332,0.8832289749194672,0.31226859875299917,-0.9043317038084713,0.5724640994360048,-0.5342368762487555,1.0148358104305832,0.3835718822802874,-1.4728034607663774,0.4043297082688663,15,8,7,0.36727079509795013,False
real_vs_rest_in_positive,165,2.1614940137769687,0.1346659582025817,0.40169354983521804,1.4365136036669162,0.3709062175734912,-0.3938211680823505,1.1972082677527867,-0.04109846526565457,1.1352861748122183,0.40138427639852786,-0.9902214594456347,0.9080245289143256,-0.8184561096442212,1.04685687870441,0.39567470847559677,-1.7866372430114934,0.14972502372305097,15,8,7,0.36727079509795013,False
real_vs_rest_in_positive,75,2.0710040884294667,0.14562351906070312,0.26454572504552176,0.9651379066703574,0.24919753595518548,-0.26992983273307836,0.7990212828241219,1.038454761556362,1.208589414635656,0.4273008853795761,0.028048725260747753,2.048860797851976,0.027139084696234748,1.006807797261773,0.3805375785136269,-0.9040028259747717,0.9582809953672411,15,8,7,0.3912273646406949,False
real_vs_rest_in_positive,164,2.0470044936930956,0.1486877191397077,0.5016477181101134,1.2282603618130357,0.3171354617405722,-0.17854019849773184,1.1818356347179586,-0.11797274243425937,0.9181908489411752,0.3246294878548689,-0.8855995021980275,0.6496540173295088,-0.4469143821609875,0.9315588794331287,0.3520961609420087,-1.3084626511126383,0.4146338867906633,15,8,7,0.3914269253312823,False
real_vs_rest_in_positive,29,2.0365279198363115,0.15004698804365824,-0.8185257203281704,0.7287279268951162,0.18815674165206941,-1.2220817950655183,-0.41496964559082256,-0.9938213500325802,0.6839454320354144,0.2418112264769022,-1.5656140404672583,-0.42202865959790214,-0.256051244986156,0.83479356501311,0.3155223098716742,-1.0281065243117937,0.5160040343394818,15,8,7,0.3914269253312823,False
real_vs_rest_in_positive,8,1.9570888780699538,0.16079845405737436,0.08571907657001399,0.7680548767935237,0.19831091645298043,-0.3396155371071182,0.5110536902471462,0.5036737017988906,0.7443503518709161,0.26316759069325873,-0.1186187653876325,1.1259661689854137,-0.3386563031817079,1.0138053944608596,0.3831824216513105,-1.276269911870732,0.598957305507316,15,8,7,0.4097361481502004,False
real_vs_rest_in_positive,141,1.9512681534230967,0.16161814732591237,-0.2171208782496691,1.295342201945239,0.3344559183849037,-0.934457479696934,0.5002157231975959,-1.2536253960892934,0.906927769832031,0.32064738804731074,-2.0118359860758463,-0.49541480610274025,-1.0109216570332797,1.658431949390652,0.6268283577731032,-2.5447153943020306,0.5228720802354712,15,8,7,0.4097361481502004,False
real_vs_rest_in_positive,65,1.889297150228671,0.17062877418524408,0.017668716237096187,1.3810898666795457,0.35659587021771344,-0.7471533591723205,0.7824907916465129,-0.34962671544128704,0.9234133373997446,0.3264759163567304,-1.121619584819389,0.4223661539368149,-1.0662891950288491,1.1119784903658372,0.42028836410871967,-2.0946977740648114,-0.03788061599288706,15,8,7,0.4265719354631102,False
real_vs_rest_in_positive,84,1.794934033022481,0.18540146596746987,-0.8978870910080788,1.38369654673551,0.3572689121140895,-1.6641526977172538,-0.13162148429890386,-0.02942604168964076,0.4081365307590237,0.14429805427482878,-0.37063672028555267,0.3117846369062712,-0.291483505965561,0.9455271179221914,0.3573756588413945,-1.165950240895314,0.5829832289641919,15,8,7,0.4524350161162048,False
real_vs_rest_in_positive,92,1.7912763479983453,0.1860010621811064,0.18856319529914642,0.7875448274488411,0.20334320007341036,-0.24756459329691075,0.6246909838952036,0.4532601095068701,0.8147150471122306,0.2880452672738879,-0.2278587150454905,1.1343789340592307,-0.3271550107814214,0.8530780890804124,0.32243321037499667,-1.116120654450723,0.46181063288788005,15,8,7,0.4524350161162048,False
real_vs_rest_in_positive,102,1.759657671371884,0.19127191095805757,0.5371348512503613,1.0545815573666169,0.27229178725989256,-0.046872949294002875,1.1211426517947256,1.1704116340293802,0.7862484341070411,0.2779807997271966,0.5130914935172944,1.827731774541466,0.17952150468079806,1.2848446103091244,0.4856256160342341,-1.0087615704129502,1.3678045797745464,15,8,7,0.45572970199129054,False
real_vs_rest_in_positive,151,1.7528993309531224,0.19241920750743377,0.15424136622984108,0.7932707439747319,0.20482162536318027,-0.2850573292467956,0.5935400617064778,-0.5255587316261907,1.0127022498575255,0.3580443140985648,-1.3721989998885613,0.3210815366361798,0.18272316499876812,0.9558048907066932,0.36126029181559727,-0.7012489243929101,1.0666952543904464,15,8,7,0.45572970199129054,False
real_vs_rest_in_positive,126,1.6940849552513022,0.20272132904729145,-0.08914639252808813,0.9927852573131102,0.2563360511955947,-0.6389325427658163,0.4606397577096401,-0.8181322206608722,1.1618511975741823,0.4107764302672077,-1.7894641296534237,0.1531996883316793,-0.7990434680259766,1.1367076974137378,0.4296351258185155,-1.850322749059466,0.25223581300751285,15,8,7,0.4738940159547073,False
real_vs_rest_in_positive,134,1.6750551072042497,0.2061802856844521,-0.06721944331863208,0.41088031688478627,0.10608884163861355,-0.29475737860175044,0.16031849196448628,-0.3991867489434907,0.5392601478408908,0.19065725368097702,-0.8500195147396066,0.051646016852625154,-0.38433215700066786,0.5764081606750143,0.21786180668774976,-0.9174207936967791,0.14875647969544342,15,8,7,0.47580065927181253,False
real_vs_rest_in_positive,51,1.5895462227415051,0.2225243023771653,-0.001350286087459222,0.8476840691528263,0.21887108551161552,-0.4707820766628915,0.46808150448797303,0.2881606770388092,0.641830520486954,0.22692135670440822,-0.2484230662287712,0.8247444203063896,-0.5167681174027161,1.1599042429207984,0.43840259591672626,-1.5895006249240768,0.5559643901186446,15,8,7,0.5070173978213893,False
real_vs_rest_in_positive,139,1.5751235125205512,0.22541562027041848,0.7972728168771959,0.9599145593159367,0.2478488734675103,0.2656898524486556,1.328855781305736,1.63654485772399,1.2857369240805772,0.45457664891965466,0.561641889480796,2.711447825967184,1.1440668231906361,1.0927185966634057,0.4130088085352664,0.13347067495842535,2.154662971422847,15,8,7,0.5071851456084416,False
real_vs_rest_in_positive,57,1.5552831426567517,0.22945913469858947,-0.7730001803744433,1.1723349196069373,0.3026955746543386,-1.4222176193846985,-0.12378274136418799,-0.19982664474673992,0.7807927877032348,0.27605193744325285,-0.8525857507242297,0.4529324612307498,-1.0998400910971522,0.8434084496728622,0.3187784302121327,-1.8798628098726122,-0.31981737232169216,15,8,7,0.5099091882190877,False
real_vs_rest_in_positive,179,1.4857628647274779,0.2442537940025681,-0.9157323521962176,1.3547334916088565,0.3497906834367018,-1.6659587535889262,-0.16550595080350894,-0.20384504187511265,0.9292251584820022,0.328530705405884,-0.9806967152707505,0.5730066315205252,-0.11596143864464876,1.0918714271125467,0.41268860854242656,-1.1257740857196432,0.8938512084303456,15,8,7,0.5360147092197267,False
real_vs_rest_in_positive,149,1.4726282901356833,0.24716233814020735,-0.560972402966991,1.2010578952983337,0.3101118150880918,-1.226096095733958,0.1041512897999759,-0.4676289368681949,0.6847608414059293,0.2420995172245693,-1.0401033265963164,0.10484545285992658,0.22369193770594342,0.8920950242193268,0.33718022570321166,-0.6013583525389838,1.0487422279508707,15,8,7,0.5360147092197267,False
real_vs_rest_in_positive,147,1.442717197960815,0.25392565577003895,-0.8295033625393747,1.4059741317828278,0.36302095983955496,-1.608105884638396,-0.05090084044035359,0.04716207264859623,1.3617493329655528,0.4814510938081001,-1.0912888597259098,1.1856130050231022,-0.8828025497426485,0.7427397348363244,0.2807292324604245,-1.569722235612895,-0.19588286387240206,15,8,7,0.544126405221512,False
real_vs_rest_in_positive,76,1.4199182948324662,0.25921424801249987,0.049571054210947825,0.9930969585239459,0.2564165321021653,-0.5003877104038245,0.5995298188257202,0.44572908251822474,0.8443546841285589,0.29852446143696465,-0.2601690986892967,1.151627263725746,-0.37428510431584494,0.9203898121433031,0.3478746503098052,-1.2255037088718224,0.4769335002401326,15,8,7,0.5489242899088232,False
real_vs_rest_in_positive,14,1.4043297466662805,0.2628983098041576,-0.8770010242720098,0.8099935739720735,0.2091394415019244,-1.3255605143239015,-0.42844153422011805,-0.226228781671635,1.0597335434473278,0.3746723874112271,-1.1121881953463895,0.6597306320031195,-0.5398718337931638,0.8969961319454376,0.33903267030207257,-1.3694548926806336,0.2897112250943058,15,8,7,0.5502522763342834,False
real_vs_rest_in_positive,64,1.3440661443062107,0.27767832625867644,-0.2342394037594408,1.4099167015844374,0.3640389269850812,-1.0150252482409243,0.5465464407220428,-0.7652389122368477,1.4834285772177178,0.5244712031782801,-2.0054162385342553,0.4749384140605599,-1.251057530766833,1.2156109336532757,0.459457745922515,-2.3753101343649936,-0.12680492716867264,15,8,7,0.5745068819145029,False
real_vs_rest_in_positive,98,1.2855776363494635,0.2928794352636921,-0.624248021326051,1.1794039597948192,0.30452079298242773,-1.2773801643089353,0.028884121656833406,-0.7411401014655227,0.6457319823998812,0.22830073179199414,-1.2809855485172519,-0.20129465441379357,0.041312750113625625,1.0378816653238996,0.39228239668008685,-0.9185676953184344,1.0011931955456856,15,8,7,0.5957772493011484,False
real_vs_rest_in_positive,68,1.269736825149223,0.2971485782033326,-0.1242046016481473,0.9117930693445676,0.23542395818392364,-0.6291387731779444,0.38072956988164985,-0.6664324981299588,0.719187305582136,0.25427111036020505,-1.267688132167125,-0.06517686409279266,-0.5434538887237697,0.8251352241486853,0.3118718001567084,-1.3065766925651379,0.21966891511759856,15,8,7,0.5957772493011484,False
real_vs_rest_in_positive,22,1.267015727936843,0.2978886246505742,-1.2923801295976531,1.5112433513241057,0.39020135544966306,-2.1292788023735736,-0.4554814568217326,-0.3862513015788669,1.2454488201907568,0.4403326531888346,-1.4274725720773798,0.654969968919646,-0.6211567477877161,1.2949313206860529,0.4894380342062466,-1.8187684740880825,0.5764549785126502,15,8,7,0.5957772493011484,False
real_vs_rest_in_positive,128,1.252693100027586,0.3018166665568557,1.2809789079784317,1.0711101163347696,0.2765594428345901,0.687817896568838,1.8741399193880255,1.5853586700208648,1.5597609897881486,0.5514587864547206,0.28136584981610624,2.889351490225623,0.5693887704067307,1.3394950111635604,0.506281525992924,-0.6694374955611194,1.8082150363745808,15,8,7,0.5969999997827915,False
real_vs_rest_in_positive,158,1.2076959873138151,0.31452355575637314,-0.31335166715955753,1.3079538601795055,0.33771223453886196,-1.037672372145484,0.41096903782636873,-0.8504637040438242,1.5148413094815703,0.5355772811779639,-2.116902731719365,0.41597532363171663,-1.1752260382203303,0.8315536184486639,0.31429772517586524,-1.9442848667410626,-0.4061672096995982,15,8,7,0.61041111074067,False
real_vs_rest_in_positive,36,1.1973410318404087,0.3175283154252363,0.09072561494491276,1.1442108121659305,0.29543396133794075,-0.5429172124915258,0.7243684423813512,0.268778093642973,0.9799219863660045,0.34645474079659666,-0.5504571885239513,1.0880133758098973,-0.5091632901300752,0.7435828114835845,0.2810478854811126,-1.1968626918530463,0.17853611159289595,15,8,7,0.61041111074067,False
real_vs_rest_in_positive,71,1.1930918101368029,0.3187702467201277,0.045066035436520956,1.096730036496492,0.2831744777757577,-0.5622828148550002,0.6524148857280422,-0.6249290942771631,1.1164977911172782,0.3947415796394144,-1.558344606604567,0.3084864180502406,-0.4860181395735092,1.027080714871514,0.38820002113435215,-1.4359093719018865,0.46387309275486815,15,8,7,0.61041111074067,False
real_vs_rest_in_positive,119,1.1708566597026608,0.32535461945501243,-0.09418653763205323,0.7813039313087088,0.20173180761900084,-0.5268582331428816,0.3384851578787752,-0.5836259071815286,1.2182083494232263,0.43070169238761724,-1.6020735742033436,0.43482175984028637,-0.6756403032960805,0.9949532648266909,0.3760569864090303,-1.595818600046203,0.2445379934540418,15,8,7,0.6164613842305499,False
real_vs_rest_in_positive,101,1.1492443923981854,0.33189472172191814,0.3831764079470206,1.075504192060647,0.2776939883084766,-0.2124179614918022,0.9787707773858434,0.908923397359845,0.9738444864476291,0.3443060200941247,0.09476903227588529,1.7230777624438045,0.1497422066551303,0.9159350678101296,0.3461909152155264,-0.6973564465444678,0.9968408598547284,15,8,7,0.6223026032285965,False
real_vs_rest_in_positive,52,1.07451655512285,0.3556188255293483,-0.11183938642585059,1.060661277788523,0.27386156432280184,-0.6992140239177413,0.4755352510660402,-0.10709844757706408,0.6500551070758003,0.2298291871791228,-0.6505581173046752,0.43636122215054696,-0.7019845157519582,0.9043670908227359,0.3418186308897033,-1.5383845746181244,0.1344155431142079,15,8,7,0.653745291726773,False
real_vs_rest_in_positive,61,1.0735784196232228,0.35592799216235416,-0.2500424370680143,1.3073965155579914,0.33756832877638043,-0.9740544948902556,0.473969620754227,-0.742325061074276,1.2278868653839292,0.43412356452143486,-1.7688641699295655,0.28421404778101356,-0.9979197723958138,0.8016377725021226,0.3029905982280556,-1.7393110579855495,-0.25652848680607787,15,8,7,0.653745291726773,False
real_vs_rest_in_positive,60,1.0404951479185895,0.3670174649438786,-1.0045843515364714,1.3041743845713833,0.3367363781330183,-1.726812052693825,-0.28235665037911784,-0.3210760545415671,0.7577018229057013,0.2678880485470149,-0.9545306308477037,0.31237852176456943,-0.6379086687644204,0.9084652007558675,0.34336757085091324,-1.4780988471783831,0.20228150964954228,15,8,7,0.6673044817161429,False
real_vs_rest_in_positive,172,1.016909453636439,0.3751497026365986,0.27948007391786006,0.9122483220816117,0.23554150393518278,-0.22570620817445902,0.7846663560101792,-0.31453852086140655,0.9923842871080196,0.35086082947852915,-1.144192547180297,0.5151155054574839,0.09866033343977569,0.9952449569198645,0.3761672356573076,-0.8217877335025362,1.0191084003820876,15,8,7,0.6696659631270577,False
real_vs_rest_in_positive,159,1.009101148048714,0.3778844423077578,0.08623803125797105,1.4388146602251475,0.3715003478220719,-0.7105509693076427,0.8830270318235848,-0.7263415455884907,1.7679509923389756,0.6250650677441877,-2.2043855635998835,0.751702472422902,-0.723510731185644,1.590279506016746,0.6010691554289936,-2.1942739709625516,0.7472525085912637,15,8,7,0.6696659631270577,False
real_vs_rest_in_positive,116,1.0045808731021948,0.3794773791053327,-0.6734689496901383,1.3984387599993957,0.3610753352112407,-1.447898521986666,0.1009606226063895,-0.28777404735591683,1.2223037840194781,0.43214964717507504,-1.3096455833833645,0.7340974886715307,-1.2246739406444613,1.0383484551007556,0.3924588266321023,-2.184986094617005,-0.2643617866719177,15,8,7,0.6696659631270577,False
real_vs_rest_in_positive,91,0.9768848526858903,0.3893962398124101,-0.28432991279562353,0.8657674086203553,0.2235401836850525,-0.7637759229780248,0.1951160973867777,0.2044851522495283,0.6523780659933986,0.23065047718064857,-0.34091655973328133,0.749886864232338,-0.17644886477111618,0.8207101711622516,0.3101992873366531,-0.9354791771718991,0.5825814476296667,15,8,7,0.6779609856444483,False
real_vs_rest_in_positive,55,0.9705310507666906,0.3917107917056812,-0.17999321928432993,1.0001949814080153,0.258249233730232,-0.733882737953905,0.3738962993852452,-0.08840621971491741,0.8885732838549019,0.3141580972975,-0.8312720754188314,0.6544596359889965,-0.6837718672509353,0.644691958658249,0.2436706564075516,-1.2800124841908493,-0.08753125031102127,15,8,7,0.6779609856444483,False
real_vs_rest_in_positive,41,0.9461741582293158,0.4007213207724853,-0.3328881026650748,1.1176386241885379,0.2885730519040251,-0.9518157428806413,0.2860395375504918,-0.09043902143679627,0.8212883269208243,0.2903692726375345,-0.7770532454328672,0.5961752025592747,-0.7664701858191918,0.6715137199103522,0.25380832926438207,-1.3875167946155151,-0.14542357702286846,15,8,7,0.6869508356099747,False
real_vs_rest_in_positive,39,0.9256014549165709,0.40850542321837763,0.3362656665983805,0.9736432768026664,0.25139361308023633,-0.20292000816366956,0.8754513413604306,0.1710121028792802,0.9537126645416582,0.3371883462004487,-0.6263116379007643,0.9683358436593248,-0.2494046190144254,0.8442484139351887,0.3190959068618895,-1.030204175166637,0.5313949371377862,15,8,7,0.6936884545217733,False
real_vs_rest_in_positive,86,0.9035009210754138,0.4170489199826029,-0.8939881907185794,1.4189253494371312,0.3663649498587699,-1.6797628580953428,-0.108213523341816,-0.3648880550732795,0.8334165979644943,0.2946572639870582,-1.0616417674050544,0.3318656572584955,-0.2224115068306162,1.1427669394301112,0.4319253040340695,-1.279294652080979,0.8344716384197465,15,8,7,0.7015776224006404,False
real_vs_rest_in_positive,163,0.8922049322657852,0.42148959787203755,-1.0854889470517315,0.9834375101843701,0.2539224732653168,-1.6300984874743474,-0.5408794066291156,-1.3313966112708688,0.8502771775709692,0.30061837907429523,-2.0422461209044602,-0.6205471016372777,-1.6889580102907638,1.1515460187127582,0.43524348410864133,-2.7539604496898296,-0.6239555708916982,15,8,7,0.7024826631200626,False
real_vs_rest_in_positive,31,0.8329015103875641,0.44565142614835884,-0.13499134945340638,0.8985215421666041,0.2319972646013242,-0.6325759942036708,0.36259329529685813,-0.39096728205033165,1.1466626552063544,0.4054064696148926,-1.3496012518543197,0.5676666877536565,-0.7569081048417667,1.2737710506950617,0.4814402039103686,-1.9349498454077028,0.4211336357241693,15,8,7,0.7315663780661663,False
real_vs_rest_in_positive,117,0.8250106479937067,0.4489769062221142,-0.6683880192948537,1.239280340602524,0.3199808080290553,-1.3546785967447539,0.01790255815504649,-0.03711092648435679,1.0430590473314225,0.3687770627730144,-0.9091301125485811,0.8349082595798676,-0.5357265747070873,0.9633924608594725,0.3641281237698131,-1.4267159960946285,0.35526284668045394,15,8,7,0.7315663780661663,False
real_vs_rest_in_positive,133,0.8199289757619984,0.4511325998074693,-0.19998188378136136,0.7362274997796268,0.19009312304442794,-0.6076910835517715,0.20772731598904878,0.0325531176133565,0.5942137221669606,0.21008627620917844,-0.464221986037687,0.5293282212643999,0.2232986312283726,0.9077596721389295,0.34310090609901933,-0.6162390420438982,1.0628363045006435,15,8,7,0.7315663780661663,False
real_vs_rest_in_positive,77,0.7855351600307523,0.46601825571901606,0.2405631549613861,0.8124149085938024,0.20976462741296115,-0.209337225509971,0.6904635354327432,0.6859456832061466,0.612789495099229,0.21665380371227272,0.17364084474828378,1.1982505216640094,0.4477630124007215,1.014042150269084,0.38327190693559793,-0.49006955889092835,1.3855955836923715,15,8,7,0.74895791097699,False
real_vs_rest_in_positive,136,0.7638451207277699,0.47567637065893875,-0.6224369058594504,0.9506212165445612,0.24544934268190133,-1.1488733886017677,-0.0960004231171332,-0.10144777859058364,0.6152872139208565,0.21753688067040775,-0.6158407622396753,0.41294520505850807,-0.48072084063670356,1.2829096677779253,0.4848942765001263,-1.6672143923572327,0.7057727110838254,15,8,7,0.7577145727310529,False
real_vs_rest_in_positive,25,0.7072628962793094,0.501897747809851,-0.1675466726278835,1.4767253296607517,0.3812888405799166,-0.9853299021553023,0.6502365568995353,0.4817677414214492,1.0087127202701252,0.35663380238606723,-0.3615371966383939,1.3250726794812921,0.12854046942474523,0.8981427722083167,0.33946605958476284,-0.7021030548346985,0.9591839936841888,15,8,7,0.7924701281208174,False
real_vs_rest_in_positive,21,0.6882879933377699,0.5110353464276458,-0.9359008026860812,1.5387467102802928,0.3973026921964682,-1.788030327982971,-0.08377127738919155,-0.38531811669921046,1.7934939412423514,0.634095863934727,-1.884716574393944,1.1140803409955233,-0.21849420795736138,0.8630223704936849,0.32619179545881966,-1.0166567780118059,0.5796683620970832,15,8,7,0.7998814117997936,False
real_vs_rest_in_positive,26,0.6642731001766229,0.5228570110341474,-0.24486324621241426,1.092555438194627,0.2820966011290758,-0.8499002810209146,0.36017378859608606,-0.05177501502051757,1.2076191992441916,0.4269578624383181,-1.0613699309503803,0.9578199009093451,0.35816026004013896,1.1798053631633174,0.44592451234148317,-0.7329777139242815,1.4492982340045595,15,8,7,0.8113298447081597,False
real_vs_rest_in_positive,34,0.650855846905525,0.5295894583972436,-0.4224120282844481,0.970874512894837,0.25067872131326274,-0.9600644127013911,0.11524035613249484,0.08096090831535055,1.127340389888603,0.39857501719785876,-0.8615192434297173,1.0234410600604185,-0.18095539476095218,0.9847701278123244,0.3722081223938145,-1.0917158605387975,0.7298050710168933,15,8,7,0.8137837496681043,False
real_vs_rest_in_positive,35,0.6431846610960618,0.5334804581157573,-0.2703030762141251,1.1932962754918874,0.3081077734714278,-0.9311285271996378,0.3905223747713876,-0.7043136086798085,1.2119791707138292,0.42849934513429844,-1.717553551975997,0.30892633461637997,-0.7793797263350434,0.8996519922979903,0.34003649116061124,-1.6114190463776978,0.052659593707610974,15,8,7,0.8137837496681043,False
real_vs_rest_in_positive,89,0.6189958866080376,0.5459519439710236,-0.32825290735788387,0.923045968373597,0.23832944421965593,-0.8394187266590507,0.18291291194328302,-0.013788284820799662,1.1366425375216598,0.4018638230333252,-0.9640452266031911,0.9364686569615919,0.1597893216447017,1.0849704713868298,0.41008029244829597,-0.8436410058680324,1.1632196491574358,15,8,7,0.8202824523208405,False
real_vs_rest_in_positive,161,0.6172675452152545,0.5468549682138937,-0.1450300328705975,1.2705888190055983,0.32806462239240214,-0.8486586677546026,0.5585986020134077,-0.6424076139702668,1.2367700821102943,0.4372642559144161,-1.6763732778601685,0.39155804991963494,-0.6114656786385219,0.9152277335854436,0.3459235680080516,-1.4579101567877792,0.23497879951073553,15,8,7,0.8202824523208405,False
real_vs_rest_in_positive,122,0.60234328706583,0.5547196669162631,0.006744732573979206,0.723948270227619,0.186922639607149,-0.39416445652589116,0.4076539216738496,-0.33819362223609406,0.9313603625857232,0.32928561405636325,-1.1168303709343923,0.4404431264622042,-0.2927249039649169,0.854283694647259,0.3228888864477268,-1.0828055468168647,0.497355738887031,15,8,7,0.8252028102886557,False
real_vs_rest_in_positive,148,0.5884556734996169,0.5621472766542996,-0.7813784514049877,1.434050197027987,0.3702701687143239,-1.575528980196549,0.012772077386573488,-0.2601122105660766,0.6052705952939395,0.2139954711925815,-0.7661310914790798,0.2459066703469266,-0.8078877813248676,1.0396353451259353,0.39294522534229015,-1.7693901100657516,0.15361454741601632,15,8,7,0.8293976212932289,False
real_vs_rest_in_positive,23,0.571822551073651,0.5711841540572399,0.38340144460066417,1.4750762256007246,0.38086304374254004,-0.4334685415381919,1.2002714307395204,-0.2791741001174417,1.4008458687228957,0.4952738065855598,-1.4503105543483303,0.8919623541134469,0.034031134176827696,1.3945133569026045,0.5270765060460213,-1.2556786149272696,1.3237408832809252,15,8,7,0.8358792498398632,False
real_vs_rest_in_positive,112,0.5563674303494223,0.5797209713464136,-0.773025372357359,0.8639053719346736,0.22305940788014103,-1.2514402209935132,-0.29461052372120483,-0.29596999870094887,1.0894231271158863,0.3851692403825486,-1.206750525477094,0.6148105280751963,-0.5169583099940324,1.3609249549956273,0.5143812834200285,-1.7756039684016645,0.7416873484135996,15,8,7,0.8364135180980239,False
real_vs_rest_in_positive,40,0.554354794074784,0.5808427209014054,-0.20558219183530976,1.0119080879519347,0.2612735448353622,-0.7659582127032901,0.35479382903267054,-0.1811998911672717,0.8131800938446507,0.2875025793417328,-0.8610354626742116,0.49863568033966815,-0.6114943015160357,0.769631517894062,0.29089337107212077,-1.323284738611922,0.10029613557985051,15,8,7,0.8364135180980239,False
real_vs_rest_in_positive,27,0.4670153963694512,0.63183999684396,-0.6567081720737526,1.0079222005685693,0.26024439313832004,-1.214876882082069,-0.0985394620654364,-1.0881821262941966,0.8901967349088625,0.31473207392209,-1.8324052210444635,-0.3439590315439298,-0.9732970472045671,1.4496732305169608,0.5479249786079271,-2.3140211708986627,0.36742707648952855,15,8,7,0.8964305267443048,False
real_vs_rest_in_positive,54,0.4633375815392861,0.6340903805276065,-0.28160207517484287,1.1465526014389846,0.29603860872826515,-0.9165417422849333,0.35333759193524766,-0.434142747423081,0.7839898954015644,0.2771822857100891,-1.0895747023250777,0.22128920747891567,-0.7775130186802238,1.3842458546025624,0.5231957549500649,-2.0577269119362818,0.502700874575834,15,8,7,0.8964305267443048,False
real_vs_rest_in_positive,137,0.45492484843887226,0.6392704022599469,-0.45222781705528375,0.8195763736237484,0.21161370973265634,-0.9060940846707872,0.001638450560219773,-0.07992580984837044,0.9196212090191259,0.3251351965101977,-0.8487483805627694,0.6888967608660286,-0.4689096307168186,1.2609281382745172,0.47658603928543386,-1.635073658334593,0.6972543969009559,15,8,7,0.8964305267443048,False
real_vs_rest_in_positive,121,0.4498101998948071,0.6424418775000851,-0.024632144122363458,0.7361892485317152,0.19008324661468573,-0.4323201610577384,0.38305587281301146,-0.5019186284026111,2.036174620095191,0.7198964407746259,-2.2042032108936196,1.2003659540883975,-0.4768872926894462,1.429361004391395,0.5402476787647332,-1.7988257404124375,0.845051155033545,15,8,7,0.8964305267443048,False
real_vs_rest_in_positive,87,0.4399221233481762,0.6486212649570292,-0.06199095772104282,1.2536981277312937,0.3237034646583146,-0.7562658395530673,0.6322839241109817,-0.2996294439449465,1.0566283881837484,0.37357454923947003,-1.1829928828544398,0.5837339949645469,-0.5633110527756848,1.1610408576472748,0.4388321959028334,-1.6370947535943028,0.5104726480429331,15,8,7,0.8980909822481943,False
real_vs_rest_in_positive,50,0.4276036049925653,0.656408966120292,-0.84497091336856,0.7290914044532196,0.1882505911540197,-1.2487282752683586,-0.44121355146876146,-0.5686628532166238,0.8632029956851651,0.3051883458947612,-1.2903186172228631,0.15299291078961552,-0.5646813824980205,0.9717282134576609,0.36727874210772266,-1.4633800892350273,0.33401732423898634,15,8,7,0.9001720964247769,False
real_vs_rest_in_positive,17,0.4217789414467204,0.6601262040448364,-0.23081510948260833,0.9471389989734429,0.24455023797118053,-0.7553232044103274,0.2936929854451108,-0.48992696554632426,1.1863269884601682,0.41942992912239996,-1.4817211477929937,0.5018672167003453,-0.7021768937765315,1.5147482953980438,0.5725210412117469,-2.1030854145474174,0.6987316269943545,15,8,7,0.9001720964247769,False
real_vs_rest_in_positive,138,0.3920838246892672,0.6794320662251571,-1.0066771309498916,1.0986668868180556,0.2836745703783919,-1.6150985731982688,-0.3982556887015145,-0.6085560313537176,0.7983018411039695,0.28224232263916127,-1.2759530722921535,0.05884100958471816,-0.7865478523359111,1.179360742564463,0.4457564615511481,-1.8772746208298663,0.30417891615804415,15,8,7,0.9160234425296684,False
real_vs_rest_in_positive,135,0.38831016354991205,0.6819285627720865,-0.29332715412684085,0.7313865792488687,0.18884320273803198,-0.6983555414631348,0.11170123320945313,-0.38924373417445984,0.4848487567069132,0.17141992185866242,-0.7945874386075931,0.016099970258673324,-0.5874390863964418,0.9327142832223504,0.35253286252631477,-1.4500559256301448,0.2751777528372613,15,8,7,0.9160234425296684,False
real_vs_rest_in_positive,33,0.3690015110408622,0.6948574780918001,-0.013861910069332484,1.3012170369226101,0.3359727942535087,-0.7344518866868052,0.7067280665481402,-0.25397370518293594,1.1453849303421693,0.4049547256569146,-1.2115394702683788,0.703592059902507,-0.4793517902932138,1.0617560310148135,0.4013060587268827,-1.4613123413283058,0.5026087607418781,15,8,7,0.9230874703967794,False
real_vs_rest_in_positive,49,0.36411448923392004,0.698171372555952,0.20461618627315764,1.001341556074405,0.25854527803610605,-0.34990828428269,0.7591406568290053,0.06707515058356384,1.234082731221238,0.43631413389587637,-0.9646438317393267,1.0987941329064543,-0.2455806795240109,1.3646414941019511,0.5157860031647684,-1.507663563322584,1.0165022042745622,15,8,7,0.9230874703967794,False
real_vs_rest_in_positive,37,0.34418187374743925,0.7118645689832931,-0.24606373066076717,1.2287900110676016,0.31727221659005655,-0.9265449572492946,0.43441749592776036,-0.5330965710631013,0.8689964416087109,0.3072366383442496,-1.2595957770697552,0.1934026349435527,-0.6195383287943547,1.0162639383849656,0.38411166390995527,-1.5594257113786412,0.32034905378993184,15,8,7,0.9230874703967794,False
real_vs_rest_in_positive,3,0.3414973689753355,0.7137306855145457,-0.07968124974645513,0.7584899065772993,0.19584125176268663,-0.49971895947222456,0.3403564599793143,0.13409556983738813,1.3144522761093846,0.46472905899151895,-0.9648140334738512,1.2330051731486273,0.27802643213659967,1.0255390147724162,0.38761731326885834,-0.6704389654099456,1.2264918296831449,15,8,7,0.9230874703967794,False
real_vs_rest_in_positive,118,0.33734267562123194,0.716629160632853,-0.287498711965637,0.5870390215447776,0.15157282360112137,-0.6125900862754357,0.03759266234416164,-0.42073517770964564,0.5224027292991062,0.18469725619887917,-0.857474788920161,0.01600443350086972,-0.48073541448472745,0.5173204369055419,0.1955287463119063,-0.959177021074851,-0.002293807894603872,15,8,7,0.9230874703967794,False
real_vs_rest_in_positive,59,0.3354454783187602,0.7179569214197173,-1.0464531856178854,1.3007700801152544,0.3358573905020845,-1.7667956458055678,-0.32611072543020303,-0.6824425592678207,0.7705191617085982,0.2724196621391619,-1.3266126989727955,-0.03827241956284588,-1.0612684023760885,0.8464036122234246,0.319910495247133,-1.8440611845019577,-0.27847562025021944,15,8,7,0.9230874703967794,False
real_vs_rest_in_positive,154,0.3090871216073667,0.736679840226537,-0.7426799657166779,1.163258676986283,0.3003520988866098,-1.3868711490968506,-0.09848878233650538,-1.0275481171375593,1.5680271564090633,0.5543813176907539,-2.3384516255790797,0.28335539130396104,-1.1701538204426403,1.1265474301238108,0.42579490574664536,-2.2120364214712662,-0.12827121941401454,15,8,7,0.9378528917645897,False
real_vs_rest_in_positive,130,0.3046792248284112,0.7398617257253985,0.4736969126173857,1.0171393669044895,0.26262425525286953,-0.08957609397329619,1.0369699192080677,0.4949203476841609,0.7599274825056395,0.2686749380448795,-0.1403949266119499,1.1302356219802716,0.16010072416599486,1.0063628233656974,0.38036939418949384,-0.7706296542891136,1.0908311026211033,15,8,7,0.9378528917645897,False
real_vs_rest_in_positive,44,0.2818808027017706,0.7565563261553484,-0.9046414727857232,1.4579156862082112,0.3764322115239307,-1.7120082689657088,-0.09727467660573763,-0.6830860735466452,0.39833959437803634,0.1408343141999041,-1.0161063083601765,-0.3500658387331139,-0.5146154596400826,1.0465804951033615,0.3955702452934781,-1.4825409808090204,0.4533100615288552,15,8,7,0.9412854154293087,False
real_vs_rest_in_positive,93,0.2684120026182663,0.7666088983559335,0.2267288633102809,1.266321972239767,0.3269629272947432,-0.4745368705941211,0.9279945972146828,0.15122223338124313,0.6786993257092895,0.23995644779788794,-0.41618460240770055,0.7186290691701869,-0.11034817695754971,0.5623505554261942,0.2125485313281077,-0.6304356972077562,0.4097393432926567,15,8,7,0.9412854154293087,False
real_vs_rest_in_positive,140,0.25703342349948355,0.7752132319073433,-0.23991541160099886,1.441626394015651,0.37222633436504454,-1.0382614984395877,0.55843067523759,-0.06718078451278639,1.063580114310527,0.3760323555820685,-0.9563560119057067,0.8219944428801339,-0.5627709095984195,1.4431160754878478,0.5454466069629086,-1.8974306763427777,0.7718888571459388,15,8,7,0.9412854154293087,False
real_vs_rest_in_positive,162,0.2507222375094268,0.7800303425762952,-0.8940583144086015,0.8532081801798311,0.2202974048456282,-1.366549255704344,-0.421567373112859,-0.8665445064140238,0.6772568248001186,0.2394464467105167,-1.4327453812634308,-0.30034363156461685,-0.6225957235644233,1.0511812268825027,0.39730915845583803,-1.5947762119584517,0.349584764829605,15,8,7,0.9412854154293087,False
real_vs_rest_in_positive,28,0.24046525596217705,0.7879278614456174,-0.24874731366592287,1.3596074205111872,0.35104912646799014,-1.0016728069196417,0.504178179587796,-0.09331321226925182,1.1006418680580685,0.3891356642808448,-1.0134728411874052,0.8268464166489016,0.16005139748111713,1.331087181308974,0.503103665012784,-1.0709989227931376,1.3911017177553717,15,8,7,0.9412854154293087,False
real_vs_rest_in_positive,110,0.22551178215328202,0.7995957758184907,-0.3462054615069269,0.8683683627634274,0.224211747157077,-0.8270918320842182,0.1346809090703644,-0.15953312676770462,0.4564138719559997,0.161366671943848,-0.5411046726449444,0.22203841910953523,-0.38428559557617087,0.6161209479838483,0.23287182941466072,-0.9541024347687159,0.18553124361637424,15,8,7,0.9412854154293087,False
real_vs_rest_in_positive,170,0.22332733253242867,0.8013157383336381,-0.3118074247078943,1.0215404015218157,0.26376059750480196,-0.8775176430334395,0.25390279361765083,-0.07068654878436947,1.424176731329018,0.5035225121654201,-1.2613280922736445,1.1199549947049054,-0.0021184917252219976,1.0060019298066767,0.38023298924564614,-0.9325150993066748,0.9282781158562307,15,8,7,0.9412854154293087,False
real_vs_rest_in_positive,30,0.21883661900464224,0.8048640701434002,-0.1380323821518079,1.1431462340050833,0.29515908843876093,-0.7710856658532161,0.4950209015496003,-0.4723060487148144,1.3902872782375375,0.49154078111957555,-1.6346153003970234,0.6900032029673945,-0.2809200844532512,0.8537772176209856,0.32269745612540013,-1.0705323141808294,0.5086921452743272,15,8,7,0.9412854154293087,False
real_vs_rest_in_positive,47,0.217316175151287,0.8060692682249754,-0.07165745750546915,1.4267978499029104,0.3683976207385681,-0.8617917703261418,0.7184768553152036,0.017830504405892844,1.1223146479870294,0.39679814910831074,-0.9204480219627483,0.956109030774534,-0.3974558961389286,1.1364818567378374,0.4295497660664648,-1.4485263093835146,0.6536145171056572,15,8,7,0.9412854154293087,False
real_vs_rest_in_positive,160,0.2158484733178244,0.8072344985213272,-0.13520717103499502,1.0633517118417182,0.27455623140827484,-0.7240717212443429,0.4536573791743529,-0.31577773690410166,1.587857488301182,0.5613923987678023,-1.6432598176902942,1.0117043438820907,-0.5026792202690235,1.1772960809244861,0.44497609280245193,-1.5914964952235309,0.5861380546854839,15,8,7,0.9412854154293087,False
real_vs_rest_in_positive,16,0.21524697502777487,0.807712559494562,-0.07697702808817843,1.3281895482772759,0.34293706673897606,-0.8125038836235138,0.658549827447157,-0.13279261614742324,1.3285269181334707,0.46970519640052116,-1.2434689146552473,0.9778836823604008,-0.4839295723640586,1.5555523485541096,0.5879435236595197,-1.9225755482104756,0.9547164034823583,15,8,7,0.9412854154293087,False
real_vs_rest_in_positive,6,0.2002784319524594,0.8197077913657392,-1.002774285555663,1.2114736087618583,0.31280114074029847,-1.6736660081809585,-0.33188256293036733,-0.7129904670580846,1.5317851671071512,0.5415678394912177,-1.9935949142017262,0.567613980085557,-0.7163066015130727,0.9157609524449056,0.3461251057932667,-1.5632442248574265,0.13063102183128117,15,8,7,0.9412854154293087,False
real_vs_rest_in_positive,32,0.1970447215883375,0.8223242146612638,-1.0379125662573283,1.1689860137253185,0.3018308908738369,-1.6852754430059051,-0.3905496895087516,-0.7211184411110613,0.7654569639788037,0.2706299049679394,-1.3610564776045013,-0.08118040461762122,-0.9005795955588721,1.4669566796375932,0.5544575083465887,-2.257288243688456,0.4561290525707117,15,8,7,0.9412854154293087,False
real_vs_rest_in_positive,19,0.19559992981536914,0.8234961061822991,-0.9271300984198003,1.2881514679961004,0.33259927886276885,-1.6404846041357284,-0.21377559270387225,-0.9525992151544639,1.042467321270048,0.368567856017713,-1.8241237058515054,-0.08107472445742225,-1.245061121564521,0.8924056371481307,0.33729762635515687,-2.0703986808560253,-0.4197235622730169,15,8,7,0.9412854154293087,False
real_vs_rest_in_positive,42,0.19238417989830467,0.8261108918569672,0.11307306472494245,1.3745177955119954,0.35489896873891263,-0.6481095189820342,0.8742556484319192,-0.03548284195652801,1.2901528897626497,0.4561379285592949,-1.1140776498991336,1.0431119659860775,-0.2436964065295346,0.9158677618321364,0.34616547594702385,-1.0907328120815492,0.60333999902248,15,8,7,0.9412854154293087,False
real_vs_rest_in_positive,48,0.19222639347997375,0.8262394202101709,-1.008661483032811,0.9092496063127306,0.23476723885299036,-1.5121871316839242,-0.5051358343816977,-0.7375820209713428,1.2068411976874485,0.4266827973500448,-1.746526511322708,0.2713624693800223,-0.9500972918748704,0.9692940333404048,0.3663587085024944,-1.8465447574797924,-0.053649826269948186,15,8,7,0.9412854154293087,False
real_vs_rest_in_positive,45,0.18238881497607431,0.8342954034777581,-0.33457391130617514,1.2217919671704587,0.31546532942541233,-1.0111797503574043,0.3420319277450539,-0.6351668824120428,1.0258207805835495,0.36268241511635263,-1.4927745168224116,0.22244075199832603,-0.48686611704483257,1.1205583552977283,0.42353124823619226,-1.5232097476841973,0.5494775135945322,15,8,7,0.9444853624276507,False
real_vs_rest_in_positive,177,0.161446645728663,0.8517272752654876,0.007725834972265756,0.8339343501657069,0.21532092333480582,-0.4540916150263958,0.4695432849709273,-0.1882960676309704,0.95247470166812,0.3367506602290807,-0.9845848455485362,0.6079927102865954,0.03706081436251789,0.9077736311366589,0.3431061821042399,-0.8024897688294539,0.8766113975544896,15,8,7,0.9535000274455186,False
real_vs_rest_in_positive,67,0.1586041251634985,0.8541233292100407,0.2985479084970216,0.7736023076066006,0.1997432569298661,-0.12985876996750084,0.7269545869615441,0.15733179323637353,0.5235445504770082,0.1851009509477776,-0.28036240436762766,0.5950259908403748,0.375087109853542,0.9807923550316958,0.37070466560103377,-0.5319945296803638,1.2821687493874476,15,8,7,0.9535000274455186,False
real_vs_rest_in_positive,142,0.15259226679390664,0.859214803950662,-0.48716951477535825,0.7553052505264078,0.19501897710611987,-0.9054436207639112,-0.06889540878680539,-0.2653284835134461,1.1542631061123465,0.4080936348027438,-1.2303165892886632,0.6996596222617708,-0.34072108888974034,1.1315602800083489,0.42768958491152914,-1.3872398028210375,0.705797625041557,15,8,7,0.9535000274455186,False
real_vs_rest_in_positive,38,0.14762377898307563,0.8634472470756641,-0.8815730988121786,1.2673639978856621,0.3272319771596014,-1.5834158872851145,-0.1797303103392427,-0.9316083370808784,0.7311832007205984,0.2585122997596098,-1.5428927904274752,-0.32032388373428167,-1.1626748076817406,1.2309873874663133,0.4652694991847105,-2.3011482592130976,-0.024201356150383546,15,8,7,0.9535000274455186,False
real_vs_rest_in_positive,157,0.12552078671511063,0.8825491100771463,-0.34571075289203473,1.454952109137106,0.3756670192144912,-1.1514363747930374,0.4600148690089679,-0.15017174150780138,1.2877219070250772,0.45527844636995246,-1.2267341970216756,0.9263907140060728,-0.5090773255081598,1.3609225803897906,0.5143803859033849,-1.7677207877716796,0.7495661367553601,15,8,7,0.9574258268185644,False
real_vs_rest_in_positive,152,0.11775783356288731,0.8893653045452574,0.1410715404631625,0.9152368498043325,0.2363131384751679,-0.3657697331184543,0.6479128140447793,-0.09660525152781108,1.3524753238930527,0.4781722364561249,-1.2273029182903232,1.034092415234701,-0.025765687812368814,1.5064067323075705,0.5693682267141829,-1.4189595494247038,1.367428173799966,15,8,7,0.9574258268185644,False
real_vs_rest_in_positive,46,0.10391153049981258,0.9016637063782608,-0.49120191807099933,0.9820931470372171,0.2535753601933049,-1.0350669749975618,0.052663138855563174,-0.5593948095700187,0.881309574753141,0.31158998831628926,-1.2961880524962286,0.1773984333561911,-0.32891236727469203,1.1786748338277728,0.4454972124169526,-1.4190047759897852,0.7611800414404011,15,8,7,0.9574258268185644,False
real_vs_rest_in_positive,7,0.09771403418849627,0.9072274390943984,-1.120722821559006,1.376403740089631,0.35538591753498283,-1.8829498065614916,-0.3584958365565203,-1.2025009839702259,1.4421640445541117,0.5098819877438153,-2.4081802976395865,0.0031783296991345633,-1.3932071217810975,1.1471892370551802,0.4335967754254186,-2.4541802101878023,-0.33223403337439295,15,8,7,0.9574258268185644,False
real_vs_rest_in_positive,20,0.09614541182132498,0.9086414922462559,-0.4765201391322941,1.566131039440561,0.40437329558212026,-1.3438146004462768,0.3907743221816887,-0.6074555173402723,1.8951680148358376,0.6700430773891342,-2.191855627746479,0.9769445930659348,-0.7944404203954356,1.2236810849088637,0.4625079763889381,-1.9261566690706102,0.337275828279739,15,8,7,0.9574258268185644,False
real_vs_rest_in_positive,62,0.0958918540113496,0.9088702870968423,-0.43535647334370814,1.13742458457546,0.2936817649085097,-1.065241213203686,0.1945282665162696,-0.46280903356674463,1.1495933224046821,0.40644261693956185,-1.4238931024628687,0.49827503532937945,-0.2358687030263562,1.0169018322030432,0.3843527651107408,-1.17634603899617,0.7046086329434577,15,8,7,0.9574258268185644,False
real_vs_rest_in_positive,96,0.0887517305784994,0.9153385638455824,-0.6151894421481156,1.255024006693841,0.3240458051343834,-1.3101985712759479,0.07981968697971675,-0.44149458292228966,0.7960008266564531,0.28142879117943775,-1.1069679276416295,0.22397876179705029,-0.4769170224102425,0.6331254111334224,0.2392989123677943,-1.062460367049102,0.10862632222861712,15,8,7,0.9574258268185644,False
real_vs_rest_in_positive,18,0.08750588686836795,0.9164722379907753,-0.7989143682973754,1.3177374382150486,0.3402383435253939,-1.5286530382098449,-0.06917569838490578,-0.6491801932099506,0.7609923159627844,0.2690514135240703,-1.285385690554286,-0.012974695865615171,-0.8862699889481017,0.9815045903902572,0.370973865262991,-1.794010336325175,0.02147035842897138,15,8,7,0.9574258268185644,False
real_vs_rest_in_positive,156,0.0868028857868232,0.9171126098660066,0.2205049273339998,1.562283889385727,0.40337996570927137,-0.6446590532919856,1.0856689079599853,-0.04328444451416985,1.5238817721952465,0.5387735674229162,-1.3172814881595574,1.2307125991312178,0.17637211910393497,1.149669422502617,0.43453419741102417,-0.8868947582688718,1.2396389964767416,15,8,7,0.9574258268185644,False
real_vs_rest_in_positive,146,0.08132983616331098,0.9221145405453008,-1.1398519393759237,0.8495572251533463,0.219354732311273,-1.6103210491689155,-0.6693828295829319,-1.1871705492864169,0.6824802942178748,0.24129322203382467,-1.7577383538525608,-0.6166027447202728,-1.0205236672956666,0.9127929632277402,0.34500331131290374,-1.8647163584314712,-0.17633097615986193,15,8,7,0.9574258268185644,False
real_vs_rest_in_positive,13,0.07636605080066826,0.9266763880853229,-0.13278049543958792,1.1342145300972466,0.29285293240620713,-0.7608875663821134,0.49532657550293757,-0.3202661133533814,1.698683987007183,0.6005754831528901,-1.740401465728759,1.099869239021996,-0.3265433221201382,1.2838511559266037,0.48525012557208597,-1.5139076051520644,0.8608209609117881,15,8,7,0.9574258268185644,False
real_vs_rest_in_positive,180,0.07186852657233704,0.9308306649624931,-0.7518912841001275,1.3111585095928548,0.3385396714594176,-1.4779866647783533,-0.025795903421901745,-0.7971907897722051,1.2189888312670114,0.4309776343897839,-1.8162909559443765,0.2219093763999661,-0.5661003290190865,1.1896521436427874,0.4496462455362436,-1.6663450560445658,0.5341443980063929,15,8,7,0.9574258268185644,False
real_vs_rest_in_positive,153,0.058091873667314546,0.9436808586609826,0.219452253831186,1.123383756511041,0.29005643869114595,-0.4026569346184305,0.8415614422808024,0.08777350236637593,1.544459936866904,0.5460490473147674,-1.2034273174732588,1.3789743222060107,0.029685924786562116,1.443758949205787,0.545689590388921,-1.3055684009825375,1.3649402505556618,15,8,7,0.961120687360596,False
real_vs_rest_in_positive,1,0.05244634209307079,0.949001660719219,-1.248934164994121,0.975226818481643,0.25180248178361647,-1.788996775908287,-0.7088715540799551,-1.134182657592416,1.9313197124777994,0.6828246326661526,-2.7488063435797345,0.48044102839490255,-1.3536028649305936,1.0906039062238366,0.41220953067769706,-2.36224325070076,-0.3449624791604271,15,8,7,0.961120687360596,False
real_vs_rest_in_positive,4,0.050924400400267925,0.9504415686121449,-0.7471525090090407,0.7492772539349261,0.19346255507879961,-1.162088421752615,-0.3322165962654664,-0.9004052682594441,1.6714600336194414,0.5909503621273008,-2.2977808260331973,0.4969702895143091,-0.8052081005970637,0.9219949766844403,0.34848134547968923,-1.657911234754263,0.04749503356013551,15,8,7,0.961120687360596,False
real_vs_rest_in_positive,5,0.020376458927126494,0.9798447907925243,-0.580490660631805,0.9438607071684205,0.24370378666685655,-1.1031832980700393,-0.057798023193570636,-0.5264733053932229,1.5474187111503088,0.5470951319946654,-1.820147722436164,0.7672011116497182,-0.47736938748619023,1.0115663548030167,0.38233614420698714,-1.4129122298673427,0.45817345489496214,15,8,7,0.9853187840371752,False
real_vs_rest_in_positive,2,0.003970606723603757,0.9960378472001026,-0.14647154859917133,1.5392662177021834,0.39743682843601574,-0.9988887675170101,0.7059456703186674,-0.16013149576610652,1.0764259676565946,0.38057405058763466,-1.0600461253125264,0.7397831337803134,-0.10112055996605294,1.1424861117235625,0.4318191611379574,-1.157743982906004,0.9555028629738982,15,8,7,0.9960378472001026,False
fake_vs_rest_in_positive,107,5.98956606958293,0.00703358245140245,3.240368881547979,1.063443065088464,0.2745798187151594,2.6514537415968213,3.829284021499137,2.5935820172071606,0.7099846608102018,0.25101748409866226,2.000019986733658,3.1871440476806634,1.8711639662418615,0.48220954542256506,0.1822580767156588,1.4251945183594255,2.3171334141242976,15,8,7,0.7218902703100905,False
fake_vs_rest_in_positive,86,5.439522089538236,0.01035199749445416,-1.329595592978026,1.1334337222527966,0.29265132868766425,-1.957270266948786,-0.701920919007266,-0.09402182448093381,0.6164805229503513,0.2179587791238112,-0.6094124394446527,0.42136879048278514,-0.06524261723599119,1.1831887351350225,0.4472033067457629,-1.1595096883834217,1.0290244539114393,15,8,7,0.7218902703100905,False
fake_vs_rest_in_positive,125,5.2297634143798275,0.012031504505168175,4.357212508219397,1.0622149426517644,0.27426271886553,3.768977479804465,4.945447536634329,3.442126522685868,1.119179234579185,0.3956896130670557,2.5064692675241433,4.3777837778475925,3.023996380248724,0.40492672057809614,0.1530479145506547,2.649501624341703,3.398491136155745,15,8,7,0.7218902703100905,False
fake_vs_rest_in_positive,129,3.726295607559361,0.037231907314350214,2.1609473042405396,1.2582326164962057,0.32487426462298585,1.4641613062300736,2.8577333022510056,1.5329248303042045,1.266270406220055,0.4476941955270225,0.4742962782636855,2.591553382344723,0.7099231893659195,0.7752213840778616,0.2930061418984727,-0.007037011703720619,1.4268833904355596,15,8,7,0.9572644973206577,False
fake_vs_rest_in_positive,38,3.7242869893250834,0.0372905645728708,-1.5079397699619466,1.4144710650012169,0.3652148585627988,-2.291247736837221,-0.7246318030866722,-0.6703359823394469,0.8989778937705422,0.317836682410975,-1.421900309614232,0.08122834493533826,0.05829219493852562,1.3674605676492595,0.516851512812451,-1.2063978970444715,1.3229822869215226,15,8,7,0.9572644973206577,False
fake_vs_rest_in_positive,123,3.4507468573403046,0.04628673628845456,1.8265485576974105,1.0615395246619024,0.27408832669043237,1.2386875632981051,2.414409552096716,1.5873229263790902,0.789675688252514,0.2791925170507533,0.9271375296976471,2.2475083230605333,0.7206547510406328,0.7054199495225645,0.26662367947149174,0.06825010994595959,1.373059392135306,15,8,7,0.9572644973206577,False
fake_vs_rest_in_positive,64,3.351093450792213,0.050121804633217026,-0.6889219049313484,1.5637102574638078,0.4037482523634026,-1.5548757818704524,0.17703197200775556,0.8552529522597093,1.2185204961966212,0.43081205293771374,-0.16345567599528288,1.8739615805147016,0.37553783504324645,1.3846980431488007,0.5233666661556446,-0.9050942628672379,1.656169932953731,15,8,7,0.9572644973206577,False
fake_vs_rest_in_positive,45,3.26002811517124,0.05392583101915053,-1.4479881601893339,1.2174134025955032,0.3143347889134726,-2.122169231000403,-0.7738070893782649,-0.6545182213172007,1.4643215299498504,0.5177158418324996,-1.8787216563481033,0.5696852137137018,0.281740353671537,2.0334879366221523,0.7685861963360127,-1.5989223187694936,2.1624030261125675,15,8,7,0.9572644973206577,False
fake_vs_rest_in_positive,120,3.0311652094985466,0.06492456992031355,-0.3571776714336707,1.0543799152506983,0.27223972348943615,-0.9410738062962372,0.22671846342889584,0.5175147590388951,1.099639071346355,0.3887811221033427,-0.40180651084812447,1.4368360289259146,0.5758574939062093,0.7303023840327044,0.2760283557183034,-0.09955956095296914,1.2512745487653878,15,8,7,0.9572644973206577,False
fake_vs_rest_in_positive,84,2.765715209967189,0.0807826617395289,-1.1758425289986942,1.2245282383987044,0.3161718316185925,-1.8539636645488409,-0.4977213934485476,-0.4732955755683309,0.574720253064493,0.20319429411357584,-0.9537737312145692,0.007182580077907397,-0.14103531023072322,0.968872083078693,0.3661992262941904,-1.0370925369300994,0.755021916468653,15,8,7,0.9572644973206577,False
fake_vs_rest_in_positive,44,2.7369872121377505,0.08273367539370097,-1.1922627023252095,1.2883831766837068,0.3326591057886536,-1.9057455240353542,-0.4787798806150648,-0.3306009422076371,0.6456628035792097,0.2282762733853885,-0.870388554317951,0.20918666990267692,-0.2168548797171181,0.9160902248935363,0.3462495590807899,-1.0640970292856264,0.6303872698513902,15,8,7,0.9572644973206577,False
fake_vs_rest_in_positive,81,2.664595442585166,0.08787807539843996,1.2055008464696797,1.4675268719305512,0.3789138090065926,0.39281155304411064,2.018190139895249,0.4562313705401592,0.6332287558423189,0.22388017364921212,-0.07316111752157145,0.98562385860189,-0.041102577336194095,1.1772444988457174,0.44495659660923337,-1.1298721468244628,1.0476669921520745,15,8,7,0.9572644973206577,False
fake_vs_rest_in_positive,91,2.574808069814036,0.0947409260705419,-0.7674960047717668,0.8687304120504344,0.22430522788101598,-1.2485828715613394,-0.2864091379821943,0.14274122459803273,1.055895062597557,0.3733152794920633,-0.7400091387790384,1.0254915879751039,-0.144257093301028,1.075511959974935,0.40650531116704736,-1.1389397567490533,0.8504255701469974,15,8,7,0.9572644973206577,False
fake_vs_rest_in_positive,145,2.508913151891182,0.10014307408269692,0.005109974888306483,1.0477159247384136,0.2705190885378786,-0.5750957650353933,0.5853157148120062,-1.038426128431241,1.6069725038741933,0.5681505773348837,-2.3818887621537486,0.30503650529126647,-0.7943629678894781,0.6619596427888492,0.2501972275400637,-1.4065735290808767,-0.18215240669807953,15,8,7,0.9572644973206577,False
fake_vs_rest_in_positive,139,2.433424528592296,0.10674134041214199,1.4304142420794075,1.1985821566230033,0.3094725821108174,0.7666615676925768,2.0941669164662384,1.1195001240566615,0.9664310053977729,0.34168495873284904,0.31154358423248707,1.927456663880836,0.3649645503622034,0.7563692426853268,0.28588070221194783,-0.3345603278938603,1.0644894286182671,15,8,7,0.9572644973206577,False
fake_vs_rest_in_positive,75,2.4095461219120247,0.1089245338260424,1.1432640316832794,1.438376008763089,0.3713870885015825,0.34671794820053403,1.9398101151660248,0.9535938072246408,1.0156308242797156,0.35907972151513484,0.10450518947476983,1.802682424974512,-0.06696713110990409,0.8401251197186562,0.3175374481362758,-0.8439532761368913,0.7100190139170832,15,8,7,0.9572644973206577,False
fake_vs_rest_in_positive,27,2.397837674582138,0.11001251361450205,-1.2289340269415703,1.3322414624627514,0.34398326648301664,-1.966704757760827,-0.4911632961223137,-0.59715945482312,1.3211848293608879,0.4671093760209377,-1.7016976135086022,0.5073787038623621,0.18125998563582793,1.7066903488612324,0.6450683182972698,-1.3971653272039228,1.7596852984755786,15,8,7,0.9572644973206577,False
fake_vs_rest_in_positive,141,2.3578704531581853,0.11381517961980911,-1.0656041579949849,1.2081108923352473,0.31193289109241296,-1.7346336703337064,-0.39657464565626344,-0.10751932045692891,1.5079894114877164,0.5331547694102375,-1.3682300180567353,1.1531913771428774,0.3482565919482904,2.1193316772284803,0.8010320805154242,-1.6117982990122197,2.3083114829088003,15,8,7,0.9572644973206577,False
fake_vs_rest_in_positive,169,2.2217865053570005,0.12785870442473046,0.17065903705264454,1.0111288866181802,0.2610723559160973,-0.3892854764995398,0.7306035506048288,0.34440341957994547,0.5222934195198577,0.18465860935580086,-0.09224480636817939,0.7810516455280703,-0.5867454854078685,1.044416054394619,0.39475216360163856,-1.5526692327898393,0.3791782619741023,15,8,7,0.9572644973206577,False
fake_vs_rest_in_positive,116,2.1434465620031564,0.136778518253944,-1.6164951065073834,1.3227192240318444,0.3415246350922487,-2.348992597449224,-0.8839976155655428,-0.4252371477882102,1.3545452508765647,0.47890406615942605,-1.5576653168151842,0.7071910212387638,-0.6469698605603248,1.812571167229386,0.6850875060135747,-2.3233185980962974,1.029378876975648,15,8,7,0.9572644973206577,False
fake_vs_rest_in_positive,71,2.0979278488736375,0.14226649396710508,0.08845621982403233,1.187877323586955,0.30670860610598105,-0.5693683156219012,0.7462807552699657,1.1096054121268808,1.0936598071324373,0.386667132967259,0.19528293221864845,2.023927892035113,0.08240768443919257,1.3776500726540148,0.5207027837017983,-1.1917061279249181,1.3565214968033033,15,8,7,0.9572644973206577,False
fake_vs_rest_in_positive,37,2.0329626146296027,0.15051260264936747,-1.0548249458031205,1.2549696697939206,0.32403177540715167,-1.749803984158751,-0.3598459074474899,-0.38417919422052427,0.8457084159787761,0.29900307792256303,-1.0912091235771038,0.3228507351360552,0.08230315831375187,1.7147178088771562,0.6481024129917912,-1.5035463167915193,1.668152633419023,15,8,7,0.9572644973206577,False
fake_vs_rest_in_positive,29,2.0279102219541194,0.15117508467774105,-1.2224131294297003,1.464267445228736,0.37807222865097173,-2.0332974125117205,-0.41152884634767994,-1.0845877158502188,1.6301217129174204,0.5763350586816691,-2.447403572652044,0.2782281409516063,0.13551716618924267,1.4916927458902758,0.5638068625921052,-1.244068527644248,1.5151028600227334,15,8,7,0.9572644973206577,False
fake_vs_rest_in_positive,175,2.001006376822767,0.154755927755255,4.107813424974295,1.0248006326754069,0.26460238556897836,3.5402977508146565,4.675329099133934,3.5114927303832664,0.9025874642574413,0.31911285829520364,2.756910726663336,4.266074734103197,3.3865144172665587,0.5279847922893777,0.1995594937745409,2.898209926941142,3.8748189075919752,15,8,7,0.9572644973206577,False
fake_vs_rest_in_positive,143,1.9214868024985212,0.16588287218547357,-0.9908058391583515,1.2472167883311498,0.3220299900211229,-1.6814914748659593,-0.30012020345074386,-0.25717729486776925,1.851028392257596,0.6544373641670894,-1.8046757573257273,1.2903211675901887,0.3918975869406964,1.9106010318151385,0.7221393121208945,-1.375113654065603,2.1589088279469957,15,8,7,0.9572644973206577,False
fake_vs_rest_in_positive,22,1.8695878996940092,0.17360645284201143,-0.7824423537032682,1.174006383527616,0.30312714478291025,-1.432585418580187,-0.13229928882634956,0.17181118975281856,1.1988146010984815,0.4238449669110911,-0.8304228979206885,1.1740452774263255,-0.01604157600684188,1.429758238899525,0.5403978192962597,-1.3383474043757626,1.3062642523620787,15,8,7,0.9572644973206577,False
fake_vs_rest_in_positive,117,1.7820588681417455,0.1875213205188927,-1.1672044609396615,1.0082913126993875,0.2603396974806895,-1.7255775784327927,-0.6088313434465303,-0.3925951978083617,1.5659638606569943,0.5536518324818132,-1.7017737478336425,0.9165833522169191,-0.06312642703637487,1.8546597588038503,0.7009954983477177,-1.7784006195426856,1.6521477654699357,15,8,7,0.9572644973206577,False
fake_vs_rest_in_positive,133,1.7562762738094304,0.19184501616746732,0.6721141843391465,0.806952346473709,0.20835419993837814,0.22523886993954856,1.1189894987387445,-0.01752424980896196,1.1163459775872981,0.394687905451152,-0.9508128428491157,0.9157643432311918,0.12070074971579171,0.9343072903347718,0.35313496262006105,-0.7433893753728747,0.9847908748044581,15,8,7,0.9572644973206577,False
fake_vs_rest_in_positive,130,1.727565234275876,0.1967861583518494,0.9773344177974669,1.285575070948329,0.3319340560054864,0.26540667321033684,1.689262162384597,0.5608636146889503,1.0342708439678308,0.3656699636765933,-0.3038084494997747,1.4255356788776754,-0.05446629223753258,1.2541047822988556,0.4740070531399386,-1.2143197680919557,1.1053871836168907,15,8,7,0.9572644973206577,False
fake_vs_rest_in_positive,79,1.6502257750869747,0.21078900710764678,1.2704619763128384,1.6767695328303123,0.43294003173865264,0.3418979595730647,2.1990259930526124,0.5686900907996655,0.6825609894661794,0.2413217521124675,-0.0019451766823372907,1.1393253582816683,0.24721011344950589,0.9174317887883245,0.34675662257129175,-0.6012727757831942,1.095693002682206,15,8,7,0.9572644973206577,False
fake_vs_rest_in_positive,43,1.6474023350897784,0.21132004821635866,-0.2691286115222506,0.9975702180770675,0.2575715227523322,-0.8215645847081705,0.28330736166366927,0.1662266760194087,0.5349414661111177,0.1891303691125225,-0.28099558149675685,0.6134489335355742,-0.6349953519883356,0.8100090680715087,0.30615465054634305,-1.3841287946933318,0.1141380907166607,15,8,7,0.9572644973206577,False
fake_vs_rest_in_positive,55,1.639580327555555,0.21279875397971149,-0.28576080102231116,1.223795120026357,0.31598254126879916,-0.9634759491500697,0.3919543471054474,0.41247000980728477,0.6607592818772594,0.23361368447368175,-0.1399385740031277,0.9648785936176972,-0.5083284052906515,1.040214129862608,0.3931639854102725,-1.4703660206344387,0.4537092100531357,15,8,7,0.9572644973206577,False
fake_vs_rest_in_positive,46,1.60664768575925,0.21914749659500743,-1.1645549415298804,1.0804310834189663,0.2789661061870995,-1.762877732460236,-0.5662321505995248,-0.7520841715227419,1.6886907032389658,0.5970423237934762,-2.163864929592107,0.6596965865466234,0.07416560268479852,2.0513325302532923,0.7753308187638702,-1.823000566306455,1.9713317716760521,15,8,7,0.9572644973206577,False
fake_vs_rest_in_positive,127,1.605361320037521,0.21939957450480033,-0.6741029885618092,1.0532711153298802,0.27195343258092913,-1.257385090494938,-0.09082088662868038,-0.07733030258154017,1.508824146317384,0.5334498927395128,-1.3387388559629616,1.1840782507998813,0.32709545055436057,1.4481606909308917,0.5473532923803729,-1.0122298073343963,1.6664207084431175,15,8,7,0.9572644973206577,False
fake_vs_rest_in_positive,110,1.5497029303680951,0.2306103819762293,0.4071971852260297,1.0153235394238904,0.26215541061340647,-0.1550702496232303,0.9694646200752897,-0.057294134004335945,0.6444593581588137,0.22785079117661355,-0.5960756405651595,0.48148737255648766,-0.187612387091731,0.4549178208022512,0.17194277440202893,-0.608341199494803,0.23311642531134102,15,8,7,0.9572644973206577,False
fake_vs_rest_in_positive,26,1.5328982865541778,0.23411496104290136,0.2840915344017317,1.2242682628846069,0.31610470622949105,-0.3938856315074489,0.9620687003109123,0.6554612752991478,0.9385042412503214,0.3318113565802189,-0.12914790542433863,1.4400704560226343,-0.39667231334583664,1.3033593545880429,0.49262353159851613,-1.6020786709671384,0.8087340442754652,15,8,7,0.9572644973206577,False
fake_vs_rest_in_positive,96,1.5242040617074588,0.23595054271090626,-0.9755959927821297,1.1419449652922922,0.29484892219083025,-1.6079840360439348,-0.34320794952032463,-0.3527872660303444,1.1114866091984723,0.39296985928114087,-1.2820133254315338,0.576438793370845,-0.12165459886642764,1.3119162309021624,0.4958577268451874,-1.3349747471657263,1.0916655494328709,15,8,7,0.9572644973206577,False
fake_vs_rest_in_positive,69,1.4981752996295414,0.2415389268357463,0.20726964042660215,1.1230688983215609,0.2899751426561944,-0.4146651853694697,0.829204466222674,1.0110449898580915,1.3884712224866351,0.4908987084513376,-0.14974600122151682,2.1718359809376997,-0.07480387043583539,1.553232640825359,0.5870667565502871,-1.5113044744519768,1.361696733580306,15,8,7,0.9572644973206577,False
fake_vs_rest_in_positive,180,1.4850653025659402,0.24440733548160992,-0.7914820544236023,1.3379255774765113,0.3454508986687646,-1.5324005432176109,-0.05056356562959374,0.2689748824736793,1.2552702131672242,0.4438050399760136,-0.7804572780327075,1.318407042980066,-0.3757725374366032,1.7006588904936657,0.6427886413138953,-1.9486196816489525,1.197074606775746,15,8,7,0.9572644973206577,False
fake_vs_rest_in_positive,138,1.4839989737868426,0.24464224714236213,-1.1472919489112503,0.8199463794528814,0.21170924482693845,-1.6013631189251991,-0.6932207788973015,-0.3527329460379613,2.233051820848108,0.7895030426313322,-2.219610987350301,1.5141450952743785,0.01181101122099304,1.986981069320771,0.7510082527451359,-1.8258399827287635,1.8494620051707495,15,8,7,0.9572644973206577,False
fake_vs_rest_in_positive,83,1.479844407852698,0.2455598114935251,0.4579499442349058,1.1961131954865265,0.3088350990865502,-0.204435465047703,1.1203353535175147,-0.20598937758518007,0.626617161566669,0.22154262207582906,-0.7298544345071404,0.3178756793367802,-0.28559506352981867,1.3581550007401735,0.5133343391196062,-1.5416789415212584,0.9704888144616212,15,8,7,0.9572644973206577,False
fake_vs_rest_in_positive,128,1.4195691254408522,0.2592961578471197,1.5743029802384925,1.0211224795119545,0.26365269050585494,1.008824199407822,2.139781761069163,1.4690867510416932,1.2828864523575585,0.4535688549771911,0.3965668367954567,2.5416066652879294,0.7813657077483583,0.7774480789690473,0.29384775345957204,0.062346157375803624,1.5003852581209132,15,8,7,0.9572644973206577,False
fake_vs_rest_in_positive,25,1.392926400894152,0.2656288795779861,0.07978374652414034,1.3518569062270402,0.3490479522848539,-0.6688496549813832,0.8284171480296638,0.3369035313981687,0.7828535833670733,0.27678053873752284,-0.3175784428694938,0.9913855056658312,-0.552352820482895,0.30243787552270407,0.1143107722399691,-0.8320612037904098,-0.27264443717538017,15,8,7,0.9572644973206577,False
fake_vs_rest_in_positive,118,1.3525472670919847,0.27554538527186917,-0.38613565463076915,0.9001667824272673,0.23242206380999478,-0.8846314030688283,0.11236009380729,0.0315272175648251,0.7123626513556324,0.251858230718798,-0.5640228627560953,0.6270772978857455,0.20320707080800945,0.889826087932526,0.3363226483952795,-0.6197448033588656,1.0261589449748845,15,8,7,0.9572644973206577,False
fake_vs_rest_in_positive,157,1.3157233422787302,0.2849359640033589,-0.9340300838474576,0.9694460859501493,0.25030990306205947,-1.4708914317889588,-0.39716873590595647,0.12520483151628214,1.9487560744204346,0.6889893175505828,-1.5039960178521876,1.754405680884752,-0.056905748047869506,2.4003833582370624,0.9072596310161903,-2.276890091246806,2.163078595151067,15,8,7,0.9572644973206577,False
fake_vs_rest_in_positive,1,1.2906647624502072,0.2915224531942698,-0.3085963442599873,1.392391355524165,0.3595139020898841,-1.0796769755837554,0.46248428706378086,-1.1544463379167482,0.7985458809170115,0.282328603742502,-1.8220474012445977,-0.4868452745888987,-0.9560519435577112,1.5514962221791646,0.5864104519917548,-2.3909466281716196,0.4788427410561972,15,8,7,0.9572644973206577,False
fake_vs_rest_in_positive,155,1.2814196148637624,0.29399361928974405,-0.4518000749150776,1.0675145034994837,0.2756310595925586,-1.0429699023058763,0.13936975247572098,0.12759266087993104,1.5544636116980253,0.5495858804697029,-1.1719714404117014,1.4271567621715637,0.5047493470190108,1.7230598811364979,0.6512554199370981,-1.0888152581474744,2.098313952185496,15,8,7,0.9572644973206577,False
fake_vs_rest_in_positive,65,1.263251765809042,0.29891555991093693,0.21673627748537092,1.4096369693223725,0.3639667004255896,-0.5638946564328009,0.9973672114035428,1.1615842355237995,1.5388640404735152,0.5440705991714762,-0.12493829785568988,2.4481067689032887,0.6113067890630263,0.9686434448347155,0.3661128091607957,-0.2845389825285046,1.507152560654557,15,8,7,0.9572644973206577,False
fake_vs_rest_in_positive,61,1.256906351820257,0.3006554204694106,-0.2233804466459078,1.3470391578654548,0.34780401500681135,-0.9693458680368809,0.5225849747450653,0.7065549816644403,1.235310231086319,0.43674812063512863,-0.32619021622695565,1.7393001795558363,0.034775205867339655,1.4503657782887374,0.5481867370615203,-1.3065894176889907,1.37613982942367,15,8,7,0.9572644973206577,False
fake_vs_rest_in_positive,73,1.25671541026741,0.3007079433669575,0.637977804373535,1.2473288550828907,0.322058925532,-0.05276989183260994,1.3287255005796799,0.3255945652345915,1.0070948758816036,0.3560618080170531,-0.5163578210685063,1.1675469515376893,-0.2602997285600844,1.4452852901283355,0.5462664930313443,-1.5969656842418867,1.076366227121718,15,8,7,0.9572644973206577,False
fake_vs_rest_in_positive,136,1.2558637555778376,0.30094233075677335,-0.4656438839083786,0.7702630132633055,0.19888105483788832,-0.8922013228037322,-0.03908644501302494,-0.07457661795799611,1.551900896889918,0.548679823960173,-1.3719982360538807,1.2228450001378885,0.3546479898942815,1.3180609651111823,0.4981802180722814,-0.8643550897127737,1.5736510695013366,15,8,7,0.9572644973206577,False
fake_vs_rest_in_positive,18,1.2329041331310426,0.3073356750347604,-0.6172706529945713,1.1448563942701107,0.29560064992048074,-1.2512709918838696,0.016729685894726898,0.11572645205848492,1.922191401039325,0.6795972872066885,-1.4912657745871174,1.7227186787040871,0.3380742542765054,1.5972579495310004,0.6037067591542834,-1.139142969314438,1.8152914778674487,15,8,7,0.9572644973206577,False
fake_vs_rest_in_positive,12,1.2236878895812655,0.30994293219753327,1.3340322529407018,1.2802824316465873,0.3305675024139445,0.6250354743050371,2.0430290315763666,1.281729970467767,0.7766815441616143,0.2745983933495582,0.632407950104987,1.931051990830547,0.6159210410892478,0.5761166479882582,0.2177516252487245,0.08310200866206374,1.148740073516432,15,8,7,0.9572644973206577,False
fake_vs_rest_in_positive,178,1.2100935003610374,0.3138322182038631,1.2579293752401557,1.1452617640118807,0.29570531593774285,0.6237045500703564,1.892154200409955,0.8292127807414126,0.6691316130120049,0.23657375053354063,0.2698047529395411,1.388620808543284,0.6597346462134687,0.4610618472760784,0.17426499813036378,0.23332355704852398,1.0861457353784134,15,8,7,0.9572644973206577,False
fake_vs_rest_in_positive,62,1.1313046624488556,0.33743074559303593,-0.29999468387849043,1.4014938567608468,0.3618641578031175,-1.0761161123692042,0.47612674461222343,0.6896112284500814,1.5090540645125483,0.5335311810969723,-0.5719895413527608,1.9512119982529237,-0.29064071384181395,2.0295242230576243,0.7670880534274362,-2.1676375626451403,1.5863561349615123,15,8,7,0.9572644973206577,False
fake_vs_rest_in_positive,70,1.1099070579946366,0.3441638546627888,0.7358880346090504,1.178573711865393,0.30430642388883505,0.08321566760440458,1.388560401613696,1.1080135052676818,1.5194556588862917,0.5372087000553852,-0.16228321504991583,2.3783102255852793,0.0866249729922148,1.4583865303109842,0.5512182963727466,-1.2621576089702038,1.4354075549546335,15,8,7,0.9572644973206577,False
fake_vs_rest_in_positive,87,1.0934802059180426,0.3494307207114166,-0.16019789065418386,1.3101297557106044,0.3382740483491975,-0.8857235664216062,0.5653277851132384,0.6870949922006349,1.2339343594431125,0.4362616765506518,-0.3444999482115634,1.718689932612833,0.1301766065610423,1.3877828728852477,0.524532622201304,-1.1533084830154803,1.413661696137565,15,8,7,0.9572644973206577,False
fake_vs_rest_in_positive,58,1.05522905076974,0.3620335161751254,-0.4850846947843348,0.7483566448068695,0.1932248548240443,-0.8995107911857954,-0.0706585983828743,-0.41434767332984,0.6586839367165404,0.23287993915545818,-0.9650212251662884,0.13632587850660838,-0.043753279218813966,0.4795279678702471,0.18124453566926357,-0.48724268150320377,0.3997361230655759,15,8,7,0.9572644973206577,False
fake_vs_rest_in_positive,60,1.053959090977575,0.36246022166711944,-0.9715749090863874,1.1944148785041815,0.30839659552727,-1.6330198217724474,-0.31012999640032735,-0.38698356840165526,0.7768839863976655,0.2746699674885134,-1.0364748347091957,0.262507697905885,-1.0425949571673099,0.7974045877631559,0.3013906047890413,-1.7800711998493677,-0.3051187144852522,15,8,7,0.9572644973206577,False
fake_vs_rest_in_positive,135,1.0274534236908857,0.37149052070400757,-0.29919067632675095,0.6150226707382931,0.1587981707539611,-0.639778879025545,0.041397526372043136,0.026716317475280416,1.102346079123034,0.3897381938811499,-0.8948680675480569,0.9483007024986179,0.21632418569457437,0.9022063901632437,0.3410019628036076,-0.6180775583532723,1.050725929742421,15,8,7,0.9572644973206577,False
fake_vs_rest_in_positive,106,1.016481930145232,0.37529888480712165,-0.5612615267241661,1.314176474026885,0.33931890652558067,-1.289028200399057,0.16650514695072494,-0.4391458487730737,0.4552011085661928,0.16093789533539435,-0.8197034990834484,-0.05858819846269908,0.11994681486390216,0.8643792728318741,0.3267046563359983,-0.6794706805488996,0.9193643102767038,15,8,7,0.9572644973206577,False
fake_vs_rest_in_positive,163,1.007312342076017,0.3785139539596138,-0.9847698910518539,1.0021076019644612,0.25874307023441395,-1.5397185836816063,-0.4298211984221014,-0.31492842528223547,1.6584491370120567,0.5863503155171014,-1.7014266012830541,1.071569750718583,-0.28210479031151803,1.5235773362371894,0.5758581049796915,-1.6911788119642144,1.126969231341178,15,8,7,0.9572644973206577,False
fake_vs_rest_in_positive,85,1.0053759311255357,0.3791966801953785,-0.5557804137969472,1.064537090563776,0.2748622948782401,-1.1453014048623347,0.03374057726844015,0.11942082475124398,0.8277682010443352,0.2926602541045194,-0.5726107095816092,0.8114523590840971,-0.32981491011303404,1.3713268269703518,0.5183128214792647,-1.5980806955910385,0.9384508753649703,15,8,7,0.9572644973206577,False
fake_vs_rest_in_positive,31,1.0038406668253226,0.3797389129729118,-0.5555853641139004,1.1978522748267608,0.30928412744138095,-1.2189338434344479,0.10776311520664705,-0.2535909980853347,1.6410561264185075,0.5802009576491274,-1.6255482533398191,1.1183662571691495,0.3886296289320241,1.7456959555853186,0.6598110518871443,-1.2258698534470636,2.003129111311112,15,8,7,0.9572644973206577,False
fake_vs_rest_in_positive,162,1.0016369676282646,0.3805186832504841,-0.8385266126881282,1.5097301363478333,0.38981064502284074,-1.6745872949417695,-0.0024659304344868405,-0.6156054227858733,1.5154517402502876,0.5357931010459663,-1.8825547833552685,0.6513439377835218,0.11647169202505461,1.366203568444739,0.5163764117705414,-1.1470558695880024,1.3799992536381116,15,8,7,0.9572644973206577,False
fake_vs_rest_in_positive,148,0.9803723752196405,0.38813205901038456,-1.1367781874598504,1.4959525272872234,0.3862532816600208,-1.965209084128829,-0.30834729079087164,-0.6107115984581095,0.6699514881545408,0.23686362017004736,-1.1708050590322652,-0.05061813788395386,-0.3821543950290983,1.2622532661802424,0.4770868905559911,-1.5495439615564606,0.7852351714982638,15,8,7,0.9572644973206577,False
fake_vs_rest_in_positive,24,0.9604210257065707,0.39542417067536195,3.2424589937890698,0.6795790171657647,0.1754665477276674,2.8661206780478747,3.618797309530265,2.8817537271687272,0.9080443740234168,0.3210421672451258,2.1226096327169963,3.640897821620458,2.888913789760813,0.45252826668837487,0.17103960784065064,2.470394946320335,3.3074326332012904,15,8,7,0.9572644973206577,False
fake_vs_rest_in_positive,74,0.9434940509423989,0.40172630643342483,0.38816438952435633,1.2972221574874556,0.334941320818678,-0.3302132966011507,1.1065420756498634,0.4427479531686252,0.8877786314714943,0.31387714525300325,-0.2994535565173371,1.1849494628545876,-0.30754215087382863,1.3146003261413544,0.4968722194877752,-1.5233446732431748,0.9082603714955174,15,8,7,0.9572644973206577,False
fake_vs_rest_in_positive,171,0.9420102768297445,0.40228385547329065,0.7158070502371175,1.3640026403330634,0.3521839673461933,-0.039552434625076294,1.4711665350993113,0.42824363937266846,1.009056865423127,0.3567554760717672,-0.4153490112351615,1.2718362899804985,-0.07396752752403432,1.2648558895678346,0.4780705897331239,-1.2437641192258841,1.0958290641778154,15,8,7,0.9572644973206577,False
fake_vs_rest_in_positive,166,0.9404808326719651,0.40285943567891574,-0.10668737418928646,0.7994423170250016,0.20641511867275342,-0.5494037729035817,0.33602902452500877,-0.11776583372125636,0.7832357406443964,0.27691565173866034,-0.7725672994681141,0.5370356320256013,-0.615224169390159,1.0318845771510394,0.3900157104092419,-1.569558233323261,0.33910989454294294,15,8,7,0.9572644973206577,False
fake_vs_rest_in_positive,54,0.9211957234240274,0.4101934439276106,-0.17437606768174796,1.33647023633661,0.34507513120223876,-0.9144886154157993,0.5657364800523034,0.1195261061902598,0.7782440975804755,0.2751508394087797,-0.5311022415218521,0.7701544539023718,-0.7276340331944461,1.3632413111131643,0.5152567837392951,-1.9884219637089724,0.5331538973200803,15,8,7,0.9572644973206577,False
fake_vs_rest_in_positive,179,0.9210613708144217,0.4102450376250775,-0.8364327272301837,1.2472418521924558,0.32203646148228493,-1.527132242841543,-0.14573321161882435,-0.05806402341645234,1.0883956371676724,0.3848059678275571,-0.9679855470991264,0.8518575002662218,-0.5831579372296422,1.64741867322749,0.6226657306519886,-2.10676609286384,0.9404502184045559,15,8,7,0.9572644973206577,False
fake_vs_rest_in_positive,142,0.8892297988223634,0.4226676129065256,-0.8257953461894036,1.178192622555635,0.304208027052161,-1.4782566729686177,-0.17333401941018955,-0.6597230962670879,1.162447073747813,0.4109871043087686,-1.6315531702074955,0.3121069776733195,-0.032180967752669556,1.703348346761537,0.6438051602348627,-1.607515444159647,1.5431535086543078,15,8,7,0.9572644973206577,False
fake_vs_rest_in_positive,97,0.8881060833327112,0.423113471845613,0.013345765845166972,1.1653158052911674,0.3008832471309984,-0.6319846172188811,0.6586761489092151,-0.5812238716323079,0.8931990798162199,0.3157935631438167,-1.3279569895390742,0.16550924627445818,-0.08517643401620292,0.8560784138294338,0.3235672265376171,-0.8769169152732101,0.7065640472408043,15,8,7,0.9572644973206577,False
fake_vs_rest_in_positive,122,0.8824974508652992,0.42534638627770804,-0.3638283961035995,0.9256820134361537,0.23901006812813158,-0.8764540085031435,0.14879721629594445,-0.020846501015634927,1.1856561392322877,0.419192748103306,-1.0120798392725372,0.9703868372412674,0.2622487562364465,1.1997568177820706,0.4534654533722277,-0.8473412357048881,1.371838748177781,15,8,7,0.9572644973206577,False
fake_vs_rest_in_positive,59,0.8801057926085541,0.4263024020403426,-0.9617801250525135,1.252029442727587,0.3232726120430198,-1.6551309199307993,-0.2684293301742279,-0.3713857581384951,0.5885454232919428,0.2080822299230199,-0.8634220453399737,0.1206505290629834,-0.5778610859960486,1.012394904107088,0.38264930640806266,-1.5141702086783433,0.35844803668624614,15,8,7,0.9572644973206577,False
fake_vs_rest_in_positive,32,0.873295237734042,0.4290374457817903,-0.979560052792857,1.3493339517485827,0.3483965282396335,-1.7267962886780022,-0.23232381690771176,-0.25350744078222964,1.0845414874462525,0.383443320125695,-1.1602068146627036,0.6531919330982442,-0.4717322207489472,1.5384130911141893,0.5814654932534709,-1.8945270272227255,0.9510625857248312,15,8,7,0.9572644973206577,False
fake_vs_rest_in_positive,147,0.8621424128454797,0.4335570830655992,-1.2740697240015388,1.59168653762833,0.41097169684113777,-2.1555163484974025,-0.3926230995056752,-0.4989050991417848,1.0591548707968712,0.3744677957336146,-1.3843807303739828,0.38657053209041314,-0.7566056355897661,1.3497551223082984,0.510159483494761,-2.004920921727098,0.49170965054756577,15,8,7,0.9572644973206577,False
fake_vs_rest_in_positive,2,0.8303760075750054,0.4467128717928308,-0.6774064894829667,1.1129429720601043,0.28736063973782466,-1.2937337642241968,-0.06107921474173639,0.19516988245289016,1.6198555997708421,0.5727054395704823,-1.1590632889745778,1.5494030538803583,-0.17970739191624663,2.3153456193829154,0.8751183868642863,-2.321044943889345,1.9616301600568518,15,8,7,0.9572644973206577,False
fake_vs_rest_in_positive,68,0.8196184113102102,0.451264704166384,-0.06260835266729992,1.2842971352987695,0.33160409443960187,-0.7738284000803962,0.6486116947457964,0.6229810347299214,1.3148040417491984,0.4648534269261693,-0.4762226520157127,1.7221847214755555,0.39751263512065693,1.2611409497820976,0.4766664744747468,-0.7688482103150965,1.5638734805564103,15,8,7,0.9572644973206577,False
fake_vs_rest_in_positive,21,0.8109423513473147,0.4549720724671157,-0.558433450747432,1.2599153593015715,0.32530874694706136,-1.2561513206627106,0.13928441916784673,0.16762829210409497,1.4194218443242703,0.5018414057430037,-1.0190380663692258,1.3542946505774158,0.20785771856269572,2.346655848155828,0.8869525409822386,-1.9624369653698963,2.378152402495288,15,8,7,0.9572644973206577,False
fake_vs_rest_in_positive,89,0.808697575093547,0.4559366060222851,-0.125155235662,1.2987291658274902,0.33533042869891466,-0.8443674751892025,0.5940570038652024,0.4637249191409562,1.1135168851738966,0.3936876702360922,-0.46719849345237,1.3946483317342824,0.5133749932316669,1.5685196165509667,0.5928446902743213,-0.9372637052889441,1.964013691752278,15,8,7,0.9572644973206577,False
fake_vs_rest_in_positive,72,0.7992430701332939,0.46002318134653486,0.19477807844920952,0.9626496964827725,0.2485550828472935,-0.33831955445597245,0.7278757113543914,0.7942971617363019,1.6319598560636035,0.576984940423398,-0.5700554211926825,2.1586497446652864,0.1759064794305179,0.8893395554861588,0.3361387564155864,-0.6465954272719157,0.9984083861329514,15,8,7,0.9572644973206577,False
fake_vs_rest_in_positive,47,0.799112021753816,0.4600801008297641,-0.9166577317149487,1.4227274618754784,0.367346651069045,-1.704537938779023,-0.12877752465087444,-0.043894958282842456,1.4418558886451542,0.5097730381773721,-1.2493166471651906,1.1615267305995056,-0.3118216322660821,2.3265310281091884,0.879346073978905,-2.463503961942874,1.8398606974107097,15,8,7,0.9572644973206577,False
fake_vs_rest_in_positive,124,0.7988027488327184,0.4602144602587846,3.7102253766888302,1.0114863853394098,0.2611646616890048,3.1500828869436956,4.270367866433965,3.2908107508506803,0.9114792345666032,0.32225657383638445,2.528795041121965,4.0528264605793956,3.290989493588569,0.5984579919152809,0.22619585953241952,2.7375081642187666,3.844470822958371,15,8,7,0.9572644973206577,False
fake_vs_rest_in_positive,140,0.7960860816647343,0.4613964921136371,-0.4582081811648771,1.3716180494080896,0.35415025751433554,-1.217784939004286,0.30136857667453193,0.25343730238033413,0.9458250801485357,0.3343996639946697,-0.5372922528259402,1.0441668575866085,-0.31368318517161853,1.4817033067162448,0.5600312094790348,-1.684030188656925,1.0566638183136878,15,8,7,0.9572644973206577,False
fake_vs_rest_in_positive,48,0.793149586239761,0.4626778403716512,-1.187159612705689,0.8812173441695645,0.22752933989052354,-1.6751615120136092,-0.6991577133977687,-0.7303432833821988,1.938473286145121,0.6853538028910928,-2.3509475066198178,0.89026093985542,-0.32528829319155167,2.1014663043757893,0.7942796042800435,-2.268820470027134,1.6182438836440305,15,8,7,0.9572644973206577,False
fake_vs_rest_in_positive,15,0.7723553667117794,0.47186155109988226,-0.9982723862908832,1.6325301904064315,0.42151748264166217,-1.9023374717853443,-0.09420730079642226,-1.5257850036953484,1.207988345307697,0.4270883752806946,-2.535688533457439,-0.5158814739332578,-0.6317745445632782,1.0184631299816247,0.38494288020283285,-1.5736958401454717,0.3101467510189152,15,8,7,0.958787068767541,False
fake_vs_rest_in_positive,9,0.750461783417153,0.48174277987437214,0.3848755975196619,1.0323504561739945,0.26655174161410067,-0.1868210295355674,0.9565722245748911,0.5376992847994039,0.6388446627202702,0.2258656965671679,0.003611781093781685,1.071786788505026,-0.019573745135774843,0.8784958272713606,0.33204021239542486,-0.8320468759028357,0.792899385631286,15,8,7,0.958787068767541,False
fake_vs_rest_in_positive,11,0.745472810435266,0.4840254024288649,-0.7079801300577853,1.234904947625237,0.31885108642011234,-1.3918476956397714,-0.024112564475799014,-0.1179066721133254,0.6853456971490163,0.24230629495554565,-0.690870013478803,0.45505666925215216,-0.6094457231267814,1.2494487502311422,0.4722472384331512,-1.7649930875193474,0.5461016412657846,15,8,7,0.958787068767541,False
fake_vs_rest_in_positive,98,0.7399719553185351,0.4865557013100931,-0.3190062115559441,1.167161247387902,0.30135973823146794,-0.9653585663891906,0.3273461432773024,0.23115712546259656,1.0448959198664647,0.36942649528586624,-0.6423977244712901,1.1047119753964831,0.13158727372041198,1.20250118638665,0.45450272720560064,-0.9805408358566854,1.2437153832975094,15,8,7,0.958787068767541,False
fake_vs_rest_in_positive,170,0.732432723515032,0.49004672403674315,-0.2640546251716934,1.2938199795053515,0.3340628822409765,-0.9805482479295928,0.452438997586206,0.3885864267189177,1.2192517908239133,0.4310706046327155,-0.6307335791443662,1.4079064325822015,0.20430134816257553,1.4652124857110669,0.5537982650083233,-1.1507941896298182,1.5593968859549692,15,8,7,0.958787068767541,False
fake_vs_rest_in_positive,63,0.6809176927132804,0.5146326478348336,0.4741968723593834,1.307419815316501,0.337574344748159,-0.24982808843904342,1.1982218331578103,0.12970959574938312,1.0021814751498588,0.3543246585290013,-0.7081350847456254,0.9675542762443916,-0.20381671959358516,1.5527477844518318,0.5868834980665817,-1.639868906254125,1.2322354670669546,15,8,7,0.9671750161658161,False
fake_vs_rest_in_positive,49,0.663829920844937,0.5230779134328638,-0.6187398376378846,1.133210779466042,0.29259376510764706,-1.246291050008515,0.008811374732745625,0.17687169422083765,1.5867004767114803,0.5609833333973077,-1.1496431006697962,1.5033864891114717,-0.1889875713723607,2.3845736668242203,0.901284129332897,-2.39435038868591,2.0163752459411888,15,8,7,0.9671750161658161,False
fake_vs_rest_in_positive,10,0.6589681491767344,0.5255078523455005,-0.5589743568939143,0.9720874704696193,0.250991905612382,-1.0972984548264733,-0.020650258961355417,-0.07902716499686008,0.8998002912843173,0.3181274438403857,-0.8312790337990577,0.6732247038053374,-0.40125472468707013,0.9775588654821724,0.36948252142746735,-1.3053458851588684,0.5028364357847283,15,8,7,0.9671750161658161,False
fake_vs_rest_in_positive,41,0.6489941467546314,0.530530945659836,-0.475020551719581,1.401055157750649,0.36175088620575124,-1.2508990367961446,0.3008579333569825,-0.005843207859544897,0.7029114016133361,0.24851670932706532,-0.5934918456603582,0.5818054299412685,-0.6291258265019682,0.835598067256414,0.3158263831380993,-1.401925146306838,0.14367349330290158,15,8,7,0.9671750161658161,False
fake_vs_rest_in_positive,126,0.6398570156394718,0.5351778542479901,-0.20427642730083764,1.0733249104967604,0.2771313002282346,-0.7986639508357075,0.3901110962340323,0.22672661043426973,1.1969070287449082,0.42317053823768325,-0.7739127068421277,1.2273659277106672,0.3807415257554779,1.619056720872109,0.6119459202764741,-1.116636198828847,1.8781192503398025,15,8,7,0.9671750161658161,False
fake_vs_rest_in_positive,150,0.6370517971197343,0.5366132723986841,-0.13162128585888414,1.238354502123051,0.31974175756157025,-0.8173991510483818,0.5541565793306136,0.4856501735698363,1.3927083110700604,0.4923967454862517,-0.6786831122123141,1.6499834593519869,0.08143285039459149,1.0863520412414773,0.41060247677033324,-0.9232752161242176,1.0861409169134006,15,8,7,0.9671750161658161,False
fake_vs_rest_in_positive,174,0.6232405658813818,0.5437409726994606,3.2831039416760173,0.7763710548528402,0.20045814439483567,2.853163982093269,3.7130439012587657,2.9543329154074405,0.949808557947074,0.3358080360766959,2.1602730894207407,3.7483927413941402,2.9550005742699783,0.6798728413769041,0.2569677802043075,2.3262230675256403,3.5837780810143163,15,8,7,0.9671750161658161,False
fake_vs_rest_in_positive,4,0.6196046562361259,0.5456342553937594,-0.23019524696665694,1.3600300656199649,0.3511582529658336,-0.9833547932802496,0.5229642993469357,-0.7819268707092986,0.8232013024628859,0.2910456116265524,-1.470140382281099,-0.09371335913749801,-0.7381044645580764,1.6145835372397763,0.610255215782206,-2.2313451842785925,0.7551362551624395,15,8,7,0.9671750161658161,False
fake_vs_rest_in_positive,90,0.5928511382208045,0.5597849311455072,-0.17632005913938498,1.142547145811695,0.2950044045323674,-0.8090415788575253,0.4564014605787553,0.44127482619767616,1.6258872686052586,0.574837956537826,-0.9180009465677059,1.8005505989630584,0.000135490518539846,1.2052099215153498,0.4555265328510413,-1.1144977812256556,1.1147687622627351,15,8,7,0.9671750161658161,False
fake_vs_rest_in_positive,57,0.5643985828249534,0.5752678949009414,-0.6756473417137038,1.2299748116458784,0.3175781307839394,-1.3567846889929163,0.0054900055655088265,-0.2184647303643686,0.7725345386343561,0.273132205484587,-0.8643197673442466,0.4273903066155094,-0.40824191830418066,0.6103228150732193,0.23068034116465735,-0.9726963789261476,0.15621254231778625,15,8,7,0.9671750161658161,False
fake_vs_rest_in_positive,67,0.558667417030962,0.5784419142505782,0.3416210096634341,1.285462299181878,0.331904938460594,-0.3702442840010258,1.053486303327894,0.35095634839920553,1.2076931232708044,0.4269839985285734,-0.6587003695635167,1.3606130663619278,-0.26635597663736854,1.5872757718813597,0.5999338506394525,-1.7343412256700863,1.201629272395349,15,8,7,0.9671750161658161,False
fake_vs_rest_in_positive,149,0.5222345967261937,0.5990640894303603,-0.1704891787283719,1.2135618940771602,0.3133403336901847,-0.8425373552148027,0.5015589977580589,-0.1708010306978981,1.3113904276219466,0.46364653207730233,-1.2671508646147789,0.9255488032189826,-0.6945434604797018,0.9511223495761473,0.3594904576248465,-1.5741849216154704,0.18509800065606674,15,8,7,0.9671750161658161,False
fake_vs_rest_in_positive,144,0.5188147003821907,0.6010400168228713,-0.4171891745110347,1.145584909443651,0.2957887517294528,-1.0515929516561893,0.2172146026341199,-0.8651631363663953,1.0270123698743725,0.36310370555031773,-1.723766964353882,-0.006559308378908613,-0.4322109518658826,0.8422630988312094,0.31834552828485674,-1.2111743977851075,0.34675249405334235,15,8,7,0.9671750161658161,False
fake_vs_rest_in_positive,119,0.5107940718981897,0.6057016413444193,-0.16312900930502108,0.9329100697529656,0.24087634424416235,-0.6797573858742068,0.35349936726416464,0.08164768135316477,0.8644103249880625,0.30561520126336317,-0.6410174352095934,0.804312797915923,0.28524929369979696,1.262366869090233,0.477129828419998,-0.8822453379958664,1.4527439253954604,15,8,7,0.9671750161658161,False
fake_vs_rest_in_positive,132,0.49159757634161205,0.6170171702659744,0.6669286597116731,0.9565783648907626,0.24698747177094968,0.13719321817486585,1.1966641012484804,0.9975880669114834,1.4146430380728499,0.5001518425898257,-0.18508310955523521,2.180259243378202,0.4528310821002267,0.8952693187473217,0.3383799962616613,-0.37515494094282587,1.2808171051432793,15,8,7,0.9671750161658161,False
fake_vs_rest_in_positive,34,0.47745766985622007,0.6254971970117771,0.16264475669092213,1.4262058872276586,0.36824477663304633,-0.6271617381269008,0.9524512515087451,0.1414237790702084,1.3999206760434462,0.49494670157678833,-1.0289391947241218,1.3117867528645386,-0.41111579492642836,1.044628175700726,0.3948323379193153,-1.37723572179648,0.5550041319436232,15,8,7,0.9671750161658161,False
fake_vs_rest_in_positive,105,0.47690442810684586,0.6258315233027767,0.16723710673322625,1.40145749178956,0.36185476840790554,-0.6088641835076295,0.943338396974082,0.6532865061277068,0.5632847257769819,0.19915122466785434,0.1823686905436953,1.1242043217117184,0.11150475159296237,1.463428308057212,0.5531239092416291,-1.2419406970820195,1.4649502002679442,15,8,7,0.9671750161658161,False
fake_vs_rest_in_positive,95,0.47343354098632706,0.6279333790094213,-1.203594214648728,1.1354397193339065,0.2931692749068429,-1.8323797727754396,-0.5748086565220162,-1.4807643781160633,1.6098237141016378,0.569158632378091,-2.8266106832406788,-0.13491807299144765,-0.8471712525033629,1.0503373527791497,0.3969902040250781,-1.8185712875207896,0.12422878251406377,15,8,7,0.9671750161658161,False
fake_vs_rest_in_positive,177,0.46893943636946256,0.6306661330269173,0.573232125319333,1.0922077226583717,0.28200682136366684,-0.03161235104347382,1.1780766016821398,0.692717740958678,1.4726126781499667,0.5206472053905621,-0.5384172674318544,1.9238527493492104,0.10274209576435922,1.3398988336388227,0.5064341565419758,-1.1364576437028127,1.341941835231531,15,8,7,0.9671750161658161,False
fake_vs_rest_in_positive,56,0.467817955107065,0.6313500677950021,-0.07584919953745693,1.277097614773363,0.32974518623323,-0.7830822853754658,0.6313838863005519,0.3900447269068419,0.8934497724272357,0.315882196366438,-0.35689797526763134,1.1369874290813151,-0.10713659268523837,1.2940619717812023,0.4891094512055636,-1.3039443053471484,1.0896711199766718,15,8,7,0.9671750161658161,False
fake_vs_rest_in_positive,94,0.46700295034125233,0.6318475978461422,0.3673160050699406,1.0124261822924574,0.2614073162188694,-0.19334692688061034,0.9279789370204916,0.6577376486032066,1.328164615978377,0.46957710324516855,-0.45263575772300746,1.7681110549294208,0.10808228651341667,1.0129758833594606,0.38286889592501494,-0.8287641523602958,1.044928725387129,15,8,7,0.9671750161658161,False
fake_vs_rest_in_positive,93,0.44594060118126716,0.6448525545295507,-0.18611164028803176,1.0247359813615575,0.26458569267152177,-0.7535915117434229,0.3813682311673594,0.11470987589633978,0.9806971200840807,0.34672879195078565,-0.7051734342759569,0.9345931860686364,0.3181768729995928,1.7705589194207425,0.6692083689106477,-1.3193170157732719,1.9556707617724576,15,8,7,0.9671750161658161,False
fake_vs_rest_in_positive,50,0.43375366437543184,0.6525084526941335,-0.8771343826963657,0.960221087608934,0.24792801873243828,-1.4088870968355351,-0.3453816685571961,-0.7454540653782629,1.928358824648456,0.6817778007349218,-2.3576023871936513,0.8666942564371258,-0.2403152896665157,1.9244604860727348,0.7273776934455625,-2.0201443880169614,1.5395138086839302,15,8,7,0.9671750161658161,False
fake_vs_rest_in_positive,40,0.4183452489645862,0.6623281379847095,-0.3482983895049131,1.364126921170057,0.3522160565203219,-1.1037266988006045,0.40712991979077817,0.09333010715384943,0.4993015535356842,0.17652975718103012,-0.3240964378041998,0.5107566521118987,-0.3521405387552231,1.247244512886829,0.47141411502692065,-1.5056493236116175,0.8013682461011712,15,8,7,0.9671750161658161,False
fake_vs_rest_in_positive,164,0.41537307166331233,0.6642404848812112,0.4736403690735304,0.836530078325833,0.21599113746383583,0.010385452732870892,0.9368952854141899,0.33828011044808315,0.8834863112459868,0.312359580883763,-0.4003329297270206,1.076893150623187,0.11857168000099594,0.8554770881063877,0.32333994677759903,-0.6726126677176978,0.9097560277196897,15,8,7,0.9671750161658161,False
fake_vs_rest_in_positive,167,0.40140376589633175,0.6733083450456296,-0.10691655096279645,1.5037486644899918,0.38826623563009216,-0.9396648045101754,0.7258317025845826,-0.04216635080416395,0.32867722105822844,0.11620494591591161,-0.31694738407195644,0.2326146824636285,0.3551156552972561,0.7288444095308989,0.2754772931540676,-0.31895299804277144,1.0291843086372836,15,8,7,0.9671750161658161,False
fake_vs_rest_in_positive,113,0.39248007098208837,0.6791704962927663,-0.43887296729290276,1.381480927459032,0.3566968416768005,-1.203911604943629,0.32616567035782346,-0.18243599753558237,1.0776421567215702,0.3810040383551592,-1.083367386584979,0.7184953915138144,-0.7487757648440774,1.0292009627658016,0.3890013995123655,-1.7006278994228672,0.20307636973471233,15,8,7,0.9671750161658161,False
fake_vs_rest_in_positive,28,0.38853038809000967,0.6817826010332277,-0.12358608606558708,1.2083638440705424,0.31199820294962577,-0.7927556784062217,0.5455835062750476,0.284223471879179,1.317706610371623,0.46587963990405723,-0.8174068229612681,1.385853766719626,-0.11975172050383702,0.4290754451059208,0.16217527449065897,-0.5165803216177204,0.2770768806100463,15,8,7,0.9671750161658161,False
fake_vs_rest_in_positive,101,0.38678140045083087,0.6829427311867444,0.3946449626131374,1.3270771653416593,0.3426498507000262,-0.34026587578530176,1.1295558010115765,0.3074540533075394,0.481985247285949,0.17040751839388477,-0.09549569734038393,0.7104038039554628,-0.03386448987768606,0.8945201879188681,0.3380968514228699,-0.8611576824591094,0.7934287027037372,15,8,7,0.9671750161658161,False
fake_vs_rest_in_positive,80,0.37884442630986076,0.6882341557260075,0.015733544100670686,1.162131426772157,0.3000610441328552,-0.6278333889181938,0.6593004771195353,-0.32762643103674616,1.068289331391634,0.3776973152481336,-1.220738662433968,0.5654858003604756,0.1501832743245904,1.1067323599145653,0.418305513177367,-0.8733734432683911,1.1737399919175717,15,8,7,0.9671750161658161,False
fake_vs_rest_in_positive,76,0.37061687650354175,0.693765815479659,1.0029701640429942,1.330972573257364,0.3436556406989735,0.265902120643972,1.7400382074420164,0.731040693240375,1.440194850557509,0.5091857725295805,-0.47299233304907795,1.935073719529828,0.4605493727207685,1.5242050954543511,0.5760953756613827,-0.9491052293748872,1.8702039748164243,15,8,7,0.9671750161658161,False
fake_vs_rest_in_positive,108,0.36655715458762617,0.6965128818319173,-0.9330245723186574,1.3637543297485846,0.3521198538289684,-1.6882465473625916,-0.17780259727472314,-0.5026702635339402,0.8535304635824804,0.30176858937423473,-1.2162395883372001,0.2108990612693198,-0.8763198507776971,1.0131830808407989,0.3829472092118578,-1.8133579153610877,0.06071821380569331,15,8,7,0.9671750161658161,False
fake_vs_rest_in_positive,176,0.36024584057324516,0.7008067445983969,0.49574655132439627,1.0223869168521038,0.26397916682323636,-0.07043245156571432,1.0619255542145067,0.6709835018150905,1.0722315953116985,0.37909111602368595,-0.2254245446978912,1.567391548328072,0.22962745407598564,0.8978210928674957,0.33934447622223146,-0.6007185664127779,1.059973474564749,15,8,7,0.9671750161658161,False
fake_vs_rest_in_positive,131,0.3555893735503217,0.7039929663501924,0.2196479078395915,0.8200471512470122,0.21173526399230086,-0.23447906773385732,0.6737748834130404,0.5255086713520886,1.0686595351249506,0.377828202033258,-0.36791305811145136,1.4189304008156285,0.18795559340863519,0.9134278320814809,0.3452432691846378,-0.656824253487291,1.0327354403045614,15,8,7,0.9671750161658161,False
fake_vs_rest_in_positive,23,0.3404419578491853,0.714465786224137,-0.2912682121462783,1.2631952301569214,0.32615560596042675,-0.9908024139999664,0.4082659897074098,0.16688255490218726,1.4390373324539365,0.5087765280793893,-1.0361827620355137,1.3699478718398883,0.19585302672064867,2.2156373345129903,0.8374321975187712,-1.853269741918415,2.2449757953597125,15,8,7,0.9671750161658161,False
fake_vs_rest_in_positive,52,0.3370235972538999,0.7168522842374344,-0.683383996818197,1.4711020244695587,0.3798369094228411,-1.4980531437281472,0.13128515009175334,-0.16777642709105087,1.237193964609129,0.43741412100909227,-1.202096465618291,0.8665436114361893,-0.3410801098121438,1.8374247212938437,0.6944812664779538,-2.040414551155223,1.3582543315309352,15,8,7,0.9671750161658161,False
fake_vs_rest_in_positive,100,0.3353225695873436,0.7180430306516964,1.373584504448824,1.3295263962426827,0.3432822393994049,0.6373173271863677,2.1098516817112802,1.3661419623983506,0.5815309682291372,0.2056022455524008,0.879969906383209,1.8523140184134923,0.9847972255199158,0.9240055612544826,0.34924127501714575,0.13023461077147913,1.8393598402683524,15,8,7,0.9671750161658161,False
fake_vs_rest_in_positive,78,0.33504979473504404,0.7182341749552383,-0.41773159980982405,1.1316788278223944,0.2921982168941109,-1.0444344456376322,0.20897124601798417,-0.03385994238562574,0.9900802830234544,0.3500462410224904,-0.8615877730862993,0.7938678883150478,-0.22495519887972856,1.0759061373623868,0.40665429621556776,-1.2200024156086218,0.7700920178491647,15,8,7,0.9671750161658161,False
fake_vs_rest_in_positive,77,0.33282509192615317,0.7197951556896532,0.7636914931788493,1.3195975217717986,0.34071861503458367,0.032922743326883386,1.4944602430308151,0.7845313888484114,1.296460333865869,0.4583679468079656,-0.2993365743264952,1.8683993520233182,0.2787732801553523,1.6671442652363642,0.6301213036404177,-1.2630780053813093,1.8206245656920141,15,8,7,0.9671750161658161,False
fake_vs_rest_in_positive,146,0.330330712893089,0.7215496912689273,-0.9507695748221281,0.7355985464746311,0.18993072799937524,-1.3581304718617253,-0.5434086777825308,-0.7246262186367006,2.015731279373903,0.7126686283475608,-2.4098197405767077,0.9605673033033063,-0.45214577525197647,1.5038541676557744,0.5684034479607448,-1.842978908298791,0.9386873577948383,15,8,7,0.9671750161658161,False
fake_vs_rest_in_positive,137,0.32995623838660804,0.7218134913730695,-0.34920021800031065,0.7421963407616806,0.19163427115907158,-0.7602148517311181,0.06181441573049684,-0.08148768536410092,1.1922230349966776,0.42151449636647864,-1.0782110858701948,0.915235715141993,-0.013680730930794058,1.325353340760152,0.5009364769914296,-1.239428133151937,1.212066671290349,15,8,7,0.9671750161658161,False
fake_vs_rest_in_positive,13,0.3125503250375212,0.7341902020148098,0.13643609723470984,1.7258377775925642,0.44560939805810806,-0.819301007731386,1.0921732022008057,-0.2042712560639805,1.433143335275915,0.5066926853929526,-1.4024090680488293,0.9938665559208681,-0.5166747394082561,2.4607771159290155,0.9300863258152764,-2.7925139926335456,1.7591645138170335,15,8,7,0.9671750161658161,False
fake_vs_rest_in_positive,88,0.30325305212803166,0.7408943812408195,0.485928120108372,0.9223016485364799,0.23813726166409552,-0.02482550860597882,0.9966817488227229,0.8651547978927259,1.601135222914733,0.5660867868598211,-0.4734277468222423,2.203737342607694,0.4715558541045909,1.201395472215955,0.4540848065317751,-0.6395496404228843,1.5826613486320662,15,8,7,0.9671750161658161,False
fake_vs_rest_in_positive,173,0.29520383851560494,0.7467517129010598,2.828501312557241,0.6702386155500767,0.17305486640070417,2.4573355388216167,3.1996670862928656,2.6713108370906578,0.8302743957834168,0.2935463277520087,1.9771840715222542,3.3654376026590613,2.6065392035650485,0.5242569344752916,0.19815049596038656,2.1216824066893234,3.0913960004407737,15,8,7,0.9671750161658161,False
fake_vs_rest_in_positive,159,0.27785629546918433,0.7595451417395924,-0.4904885948519775,1.394958292403741,0.36017668234224165,-1.262990748438017,0.282013558734062,-0.09493907243483019,1.871472124317983,0.6616653149534196,-1.6595289226114638,1.4696507777418033,0.04416994622232281,2.1989997835536386,0.8311437943382557,-1.9895656541495597,2.0779055465942053,15,8,7,0.9671750161658161,False
fake_vs_rest_in_positive,111,0.26881327022116025,0.7663073436509694,-0.02472766492162816,1.2474697681718203,0.3220953091351125,-0.7155533961953872,0.6660980663521309,0.04890778198257842,1.0782492802047525,0.38121868892114713,-0.8525311750007715,0.9503467389659283,-0.3983167530598996,1.5517034207138394,0.5864887656767215,-1.8334030643576598,1.0367695582378604,15,8,7,0.9671750161658161,False
fake_vs_rest_in_positive,42,0.2590204327194222,0.7737032374237285,-0.6865780066006041,1.483267235405739,0.3829779533801029,-1.5079840227762542,0.13482800957504593,-0.33700197187944303,1.2304292724026409,0.4350224411431685,-1.3656665861936739,0.6916626424347878,-0.2477097866670175,1.8252049488386815,0.6898626266216458,-1.935742823409526,1.440323250075491,15,8,7,0.9671750161658161,False
fake_vs_rest_in_positive,82,0.24830343930200474,0.7818850414127833,0.36327207796848426,1.2185697497254446,0.3146333564585858,-0.3115493565387878,1.0380935124757564,0.20462273175468093,0.3888296703872541,0.13747204832867874,-0.12044700763944804,0.5296924711488099,0.046790502586239166,0.9322530162710704,0.35235852000615764,-0.8153997358687329,0.9089807410412113,15,8,7,0.9671750161658161,False
fake_vs_rest_in_positive,112,0.24429378207384742,0.7849700296770286,-0.15403826297554044,1.2313457655314703,0.3179321095550938,-0.8359348192109305,0.5278582932598496,0.19830342111200935,0.9859451713143461,0.3485842582572532,-0.6259673696865737,1.0225742119105925,-0.12910997966757518,1.3284272709391547,0.5020983133916035,-1.3577002931453952,1.0994803338102448,15,8,7,0.9671750161658161,False
fake_vs_rest_in_positive,35,0.23734735985374864,0.7903455210007676,0.014927114797497892,1.5525141754597815,0.40085743642044486,-0.8448265785899297,0.8746808081849254,0.30699071654095905,1.5324535785252384,0.5418041586143937,-0.9741725365324596,1.5881539696143778,-0.24998236000100924,1.6397007258205738,0.6197486207276205,-1.7664526047901783,1.26648788478816,15,8,7,0.9671750161658161,False
fake_vs_rest_in_positive,36,0.23729140354375758,0.7903889830078171,0.1597928878316656,1.6267033389388075,0.420012996062,-0.741045394874585,1.0606311705379161,0.14761981307127123,0.9011866280828457,0.31861758791600964,-0.6057910622989211,0.9010306884414636,0.597051382795425,1.674542459099664,0.6329175580851799,-0.9516420908809421,2.1457448564717923,15,8,7,0.9671750161658161,False
fake_vs_rest_in_positive,7,0.237017136301985,0.7906020471371358,-1.0108102262075167,1.457100000070917,0.3762216022688991,-1.817725310460958,-0.2038951419540752,-0.7037716712811587,1.6671962195116903,0.589442876192646,-2.097582591254892,0.6900392486925749,-0.5385229263881406,1.810503274912307,0.6843059161837101,-2.212959182506683,1.135913329730402,15,8,7,0.9671750161658161,False
fake_vs_rest_in_positive,115,0.2329154064725286,0.7937958411067284,-0.9174914772563805,1.335670147152032,0.344868549063082,-1.6571609503684068,-0.17782200414435412,-0.6230165623347593,0.7872001686504351,0.2783172887019582,-1.28113237283696,0.035099248167441366,-0.9920623031093415,1.0530878272082078,0.39802978564318237,-1.9660061027083398,-0.018118503510343165,15,8,7,0.9671750161658161,False
fake_vs_rest_in_positive,114,0.22810767988370184,0.7975570070805252,-1.031300809199395,1.3666173084167872,0.3528590717424681,-1.788108248983674,-0.27449336941511604,-0.7428662813881952,1.0397610282121845,0.36761103693116637,-1.6121282544688018,0.12639569169241138,-0.7107142423417275,1.1092792315698097,0.4192681401803636,-1.7366264233565736,0.3151979386731184,15,8,7,0.9671750161658161,False
fake_vs_rest_in_positive,104,0.22053050140780753,0.8035236727044178,1.5813480156228958,0.7574485506098411,0.19557237480805734,1.1618869896101032,2.0008090416356885,1.5581260174350338,0.7727385134780922,0.27320432148218565,0.9121004532183061,2.2041515816517614,1.3538027625757212,0.7941471356594851,0.3001594036213246,0.619339160622093,2.0882663645293493,15,8,7,0.9671750161658161,False
fake_vs_rest_in_positive,165,0.20875107591149217,0.8128948124586074,0.6156611915747517,1.483788671761318,0.3831125876681872,-0.2060335864297187,1.4373559695792222,0.9817830276265396,1.148682072147239,0.4061204413213639,0.02146078301047838,1.9421052722426007,0.651745076032471,1.1590089420591563,0.438064203998371,-0.4201594162935345,1.7236495683584765,15,8,7,0.9671750161658161,False
fake_vs_rest_in_positive,92,0.2084069493050313,0.8131703415906326,-0.22116870734410884,0.7767267927209405,0.20054999551742017,-0.6513056679918469,0.2089682533036292,0.02637613518344263,0.7759314054489004,0.2743331792642629,-0.6223187535213841,0.6750710238882693,-0.10069520517672671,1.1874385368727027,0.4488095808199389,-1.1988926873924453,0.9975022770389919,15,8,7,0.9671750161658161,False
fake_vs_rest_in_positive,102,0.19430524336203908,0.8245477690853578,0.5910693758737807,1.2985738949539218,0.3352903379317492,-0.12805687750969696,1.3101956292572585,0.36464481727032994,0.6086278480661257,0.2151824392932666,-0.14418079719942034,0.8734704317400802,0.3488277855563079,0.6257138937369545,0.2364976221008396,-0.22986104872984314,0.9275166198424589,15,8,7,0.9671750161658161,False
fake_vs_rest_in_positive,172,0.19120605007056524,0.8270710817829564,0.37387918706698053,1.1646902936196601,0.30072174071189134,-0.2711047991793535,1.0188631733133144,0.035370385351396,1.4893460061942936,0.5265633302565433,-1.2097540353726868,1.2804948060754788,0.3449103736183621,1.3341014781859644,0.504242962143389,-0.8889277063067453,1.5787484535434695,15,8,7,0.9671750161658161,False
fake_vs_rest_in_positive,154,0.18692629158684318,0.8305692353549091,-0.7096538282120668,1.4404703785223565,0.37192785244814536,-1.507359735008706,0.08805207858457254,-0.30924895402583086,1.3718506604527383,0.48502245239068753,-1.456144807515857,0.8376468994641953,-0.5540425205241766,1.7460060551754222,0.6599282585152981,-2.1688287971907267,1.0607437561423736,15,8,7,0.9671750161658161,False
fake_vs_rest_in_positive,5,0.17856946673261204,0.8374457639464677,-0.2736127809717666,1.3931249567908692,0.35970331712246423,-1.045099667135904,0.4978741051923709,-0.5435411346549625,0.9849232668830231,0.3482229604806967,-1.3669575919690535,0.2798753226591285,-0.6066437162720522,1.7311252453207282,0.6543038410606182,-2.2076675392129594,0.9943801066688551,15,8,7,0.9671750161658161,False
fake_vs_rest_in_positive,156,0.17832632720591376,0.8376467478673739,0.030665232268193687,1.1815473415859288,0.30507421178119654,-0.6236538759871335,0.684984340523521,0.4262749107493893,1.319800273198114,0.4666198614951222,-0.6771057300168426,1.5296555515156212,0.29912270433410043,2.484465121502348,0.9390395503584406,-1.9986243001318198,2.5968697088000208,15,8,7,0.9671750161658161,False
fake_vs_rest_in_positive,121,0.17732464181726348,0.8384753072869557,0.05330127347532308,1.286474021570755,0.33216616405813437,-0.6591242933732848,0.765726840323931,-0.23461754654795053,1.0272405326022316,0.3631843732563593,-1.0934121233494634,0.6241770302535624,0.17648195831434155,1.947139081294485,0.7359493967371409,-1.624321342404766,1.977285259033449,15,8,7,0.9671750161658161,False
fake_vs_rest_in_positive,168,0.1711314864547584,0.8436176566365994,-0.08512015688699948,1.2867433331365998,0.33223570000543157,-0.7976948635097022,0.6274545497357032,0.011111108481286207,0.4472542598343987,0.15812826002173672,-0.36280281002828213,0.38502502699085456,0.1885784314936063,0.7813291841278556,0.2953146733256144,-0.5340305424838474,0.91118740547106,15,8,7,0.9671750161658161,False
fake_vs_rest_in_positive,33,0.16506909586327476,0.8486842503894936,0.22317619627608162,1.4985340429496743,0.3869198261379306,-0.606684296116023,1.0530366886681863,0.35703842853226525,1.6854588648492876,0.5958996963729559,-1.052040445028003,1.7661173020925334,-0.08078038631076297,1.306865550468426,0.4939487490767122,-1.2894294342848074,1.1278686616632814,15,8,7,0.9671750161658161,False
fake_vs_rest_in_positive,109,0.16473461900626094,0.8489647364122164,-0.5872634000100301,1.1667780922345015,0.30126080799625904,-1.233403570591768,0.058876770571707815,-0.33328802989423295,0.7208844442159583,0.25487113947849976,-0.9359625073361806,0.2693864475477146,-0.4757929635045571,0.9235657667457603,0.34907504831742414,-1.3299488361714682,0.3783629091623541,15,8,7,0.9671750161658161,False
fake_vs_rest_in_positive,103,0.15610636260487287,0.8562347516968285,0.8775867983744079,1.1047291968767667,0.28523985210485414,0.26580816071627356,1.4893654360325423,1.0366535865614004,0.5589566633591528,0.1976210235253316,0.5693541217088132,1.5039530514139876,1.0865087311324857,0.7178846527876366,0.2713348944722911,0.42257616221906447,1.750441300045907,15,8,7,0.969322360411504,False
fake_vs_rest_in_positive,99,0.13833528123212918,0.8714199064498774,0.6935365007374353,1.3161014067468384,0.33981592201671057,-0.03529616514652012,1.4223691666213907,0.8372192345874673,1.0112020136289241,0.35751390049325193,-0.008166804800405658,1.6826052739753403,0.5186411682376465,0.9650194863684125,0.36474308160887214,-0.37385300077424277,1.4111353372495357,15,8,7,0.9779401156065449,False
fake_vs_rest_in_positive,161,0.1284592545203868,0.8799836712112723,0.09137314465406844,1.5820255874358655,0.40847725022754083,-0.7847234239512308,0.9674697132593677,0.24305254619822048,1.6444315742451678,0.5813943586730138,-1.1317266540592215,1.6178317464556624,-0.17723633786584267,1.677982350769394,0.6342177149273382,-1.729111180727634,1.3746385049959489,15,8,7,0.9779401156065449,False
fake_vs_rest_in_positive,3,0.12827293036844475,0.8801461040458904,-0.4109889251763362,1.5172489320633227,0.3917519897288158,-1.2512133777120125,0.4292355273593402,-0.07649725344800701,1.1869478092090873,0.41964942240313097,-1.0688104548293547,0.9158159479333405,-0.39557761424443616,2.045299948890083,0.7730507173280395,-2.287164576010543,1.4960093475216705,15,8,7,0.9779401156065449,False
fake_vs_rest_in_positive,30,0.09791107763856759,0.9070499791180197,-0.02009877329581835,1.7279465652239847,0.4461538846832534,-0.9770036859272752,0.9368061393356385,-0.030378456980054702,1.6135607497416615,0.5704798739993893,-1.3793490020846062,1.3185920881244968,-0.3438360202690504,1.6277790309372597,0.615242643603672,-1.8492805362326419,1.161608495694541,15,8,7,0.9893709024670687,False
fake_vs_rest_in_positive,160,0.0857200791700805,0.9180998914185642,-0.16802880631938585,1.5007430360177694,0.38749018569557186,-0.9991125982980462,0.6630549856592745,0.09115732017168965,1.0862480074406105,0.38404666605581544,-0.8169687401272467,0.999283380470626,0.01510619645196755,1.945734551352863,0.73541853431793,-1.7843981307222454,1.8146105236261807,15,8,7,0.9893709024670687,False
fake_vs_rest_in_positive,17,0.08498041122585931,0.9187749621520593,-0.3900376924361508,0.9796850100926686,0.2529535819078634,-0.9325691675732619,0.15249378270096042,-0.13231419915660175,1.951938566545141,0.690114498431809,-1.7641756785242477,1.4995472802110443,-0.4176435388171405,2.10812885287473,0.796797810912344,-2.367337545304931,1.53205046767065,15,8,7,0.9893709024670687,False
fake_vs_rest_in_positive,20,0.0742132498389995,0.9286623988848025,-0.419834095892417,1.478585409306927,0.38176911107940037,-1.2386474031937282,0.3989792114088943,-0.1848116131132086,1.7941598122215987,0.6343312848771375,-1.684766752877699,1.3151435266512816,-0.15555531565798456,2.3025171618266005,0.8702696856644926,-2.285028523202647,1.9739178918866778,15,8,7,0.9893709024670687,False
fake_vs_rest_in_positive,19,0.06766946538840059,0.9347273171661689,-0.5061359615712404,1.266248167015349,0.32694387086774096,-1.2073608235046889,0.19508890036220794,-0.4888767088768159,1.8162650284837307,0.6421466590364119,-2.007312271913598,1.029558854159966,-0.7506633259662141,1.9135748603811993,0.7232633136676855,-2.5204248996780616,1.0190982477456334,15,8,7,0.9893709024670687,False
fake_vs_rest_in_positive,66,0.05936515677933588,0.9424852483120337,0.7974961291844193,1.1705687271265055,0.30223954571681133,0.14925677496867784,1.4457354834001608,0.7009786345473863,0.8941138353561173,0.3161169780665114,-0.04651923812891079,1.4484765072236834,0.6474049197153539,0.6883286086923088,0.2601637598415631,0.010807132520597063,1.2840027069101105,15,8,7,0.9893709024670687,False
fake_vs_rest_in_positive,16,0.05692378623061415,0.9447791232963306,0.007421727603265094,1.1474516117781872,0.2962707321997185,-0.6280157948383518,0.642859250044882,0.10124558613189383,1.7973504271055216,0.6354593375874259,-1.4013769744284192,1.6038681466922071,-0.20494777674863376,2.776253662220927,1.0493252523812697,-2.7725541725060583,2.362658619008791,15,8,7,0.9893709024670687,False
fake_vs_rest_in_positive,39,0.05454086501227988,0.9470238639751717,-0.05039070045567508,1.4609759420909865,0.37722236619520544,-0.8594522098560067,0.7586708089446565,0.014882939504114026,1.1568415375953218,0.40900524799596216,-0.9522607889358591,0.9820266679440871,0.1649595305603546,1.6099147912860683,0.6084905956781989,-1.3239633193148976,1.6538823804356069,15,8,7,0.9893709024670687,False
fake_vs_rest_in_positive,51,0.05374692384281686,0.9477730378892852,-0.02667276326612411,1.3967083431874645,0.36062854351160023,-0.8001440626729908,0.7467985361407425,0.15909905407248814,1.0140265872512866,0.3585125380744185,-0.6886483879583633,1.0068464961033396,0.003146593709411953,1.434679510491332,0.5422578851199923,-1.3237106517675095,1.3300038391863334,15,8,7,0.9893709024670687,False
fake_vs_rest_in_positive,6,0.05362320707305417,0.9478898360648224,-0.6930863664813229,1.2438146249216033,0.3211515552060396,-1.3818879468913363,-0.004284786071309443,-0.555932410802129,1.2642236689995399,0.4469705646430559,-1.612849847705219,0.5009850261009611,-0.5064266250850994,1.7296006340500698,0.6537275921651599,-2.1060404177745005,1.0931871676043015,15,8,7,0.9893709024670687,False
fake_vs_rest_in_positive,151,0.0504452612056248,0.9508953673711272,0.15282451548208656,1.2608756832174415,0.32555670151593663,-0.5454251640917243,0.8510741950558973,0.07513750866920008,1.4830580367707658,0.5243401973469083,-1.1647300380622456,1.3150050554006458,-0.027142291039419137,0.8533724874789933,0.32254448251057105,-0.8163802078159597,0.7620956257371214,15,8,7,0.9893709024670687,False
fake_vs_rest_in_positive,14,0.029432759422828834,0.9710272752154927,-0.46064118857179165,1.2366283119976078,0.3192960571876883,-1.1454631215325872,0.22418074438900398,-0.5608520556070018,0.8698418386414796,0.3075355313315824,-1.288058031220134,0.16635392000613036,-0.5529400799608195,0.9529111174764292,0.3601665483416124,-1.4342358754838918,0.3283557155622526,15,8,7,0.9939023087116178,False
fake_vs_rest_in_positive,158,0.026086239805134814,0.9742755899299389,-0.39527893039519646,1.4582129964836963,0.37650897670697137,-1.202810371517863,0.41225251072747027,-0.23227649196645012,1.8266274189923881,0.6458103173353993,-1.759375230266567,1.2948222463336667,-0.4156661498897137,2.419285225433854,0.9144038652901161,-2.6531318046008754,1.821799504821448,15,8,7,0.9939023087116178,False
fake_vs_rest_in_positive,153,0.018430942653856405,0.9817502090136259,0.1408177060607628,1.4651814927912432,0.37830823471678715,-0.6705727596894863,0.9522081718110119,0.24846069682652244,0.9470100599028228,0.33481861760458226,-0.5432595262460433,1.0401809198990883,0.10944276997789257,2.1040928592292216,0.7952723487010508,-1.8365185649466105,2.0554041049023954,15,8,7,0.9939023087116178,False
fake_vs_rest_in_positive,53,0.01565049615104372,0.9844802605058791,0.4865775780453457,1.0139581235202382,0.26180286174304035,-0.07493371467991256,1.048088870770604,0.4260798587450242,0.701174159779274,0.2479025015863522,-0.16011640853658282,1.0122761260266313,0.4235092456317159,1.0655627495204187,0.40274486308074825,-0.5619719328283288,1.4089904240917606,15,8,7,0.9939023087116178,False
fake_vs_rest_in_positive,8,0.009032184356790304,0.9910114762854115,0.4824358121919026,1.1743163733432478,0.3032071838091393,-0.167878919322986,1.1327505437067913,0.5094599157489725,0.5357074120516977,0.1894011718968257,0.061597311401644816,0.9573225200963003,0.4359466071106029,1.2539954671894917,0.4739657359122359,-0.7238057691296984,1.595698983350904,15,8,7,0.9939023087116178,False
fake_vs_rest_in_positive,134,0.006915193269772887,0.9931104199635528,0.19020337890077935,0.6012904462867281,0.15525252564680822,-0.14278017137211238,0.523186929173671,0.15017545159579038,1.0176462678651779,0.3597922884283245,-0.7005981191578915,1.0009490223494724,0.17861098265581518,0.8231594285022844,0.31112501959644256,-0.5826845149824338,0.9399064802940642,15,8,7,0.9939023087116178,False
fake_vs_rest_in_positive,152,0.00611774388846305,0.9939023087116178,-0.06148479116738936,1.4782478149625393,0.3816819445944945,-0.880111144952242,0.7571415626174632,0.016775822887044156,1.7022521180657584,0.6018370079867306,-1.406342561704419,1.4398942074785075,-0.0740711560990338,2.529975289736969,0.9562407771118003,-2.413908046161982,2.2657657339639146,15,8,7,0.9939023087116178,False
real_vs_rest_in_negative,81,5.4153229462873265,0.010532224499123099,-0.4795280942481479,1.11032217774727,0.2866839535559952,-1.0944040214746922,0.13534783297839648,0.7516162218022149,1.3098568949472622,0.4631043464005821,-0.3434515467146271,1.8466839903190568,1.2590517086119344,1.495350812902037,0.5651894819624379,-0.12391713294444595,2.642020550168315,15,8,7,0.4088258031297901,False
real_vs_rest_in_negative,92,5.339604161982736,0.011118262691649693,-0.7734659006485585,0.8306395376428188,0.21447020639947106,-1.2334587442891278,-0.3134730570079891,0.3536323770593685,1.2607119555384259,0.445728986442087,-0.7003491939194617,1.4076139480381988,0.21939818772808217,0.3808174816838956,0.14393547877735463,-0.13279924109245345,0.5715956165486178,15,8,7,0.4088258031297901,False
real_vs_rest_in_negative,80,5.339041889750375,0.011122743326354493,-2.1452729034973443,1.0842870966838798,0.27996172453095053,-2.745731083397838,-1.5448147235968503,-0.8042001229548996,1.0052444086372567,0.3554075690486325,-1.644605479926933,0.036205234017133714,-0.7630203155760231,1.3888731996586205,0.5249447269856097,-2.047513789233177,0.5214731580811305,15,8,7,0.4088258031297901,False
real_vs_rest_in_negative,37,5.299108242229573,0.011445980986733037,0.1712072045598897,1.3636941987733042,0.3521043280779116,-0.5839814710598581,0.9263958801796375,-0.33405797733515363,0.7891245031502084,0.2789976436889887,-0.9937825717393788,0.3256666170690715,-1.6492164540942607,1.2898105829825957,0.4875025772787409,-2.8420922879013326,-0.4563406202871887,15,8,7,0.4088258031297901,False
real_vs_rest_in_negative,82,5.022652954119654,0.013980181613733886,-0.629011774384576,0.7748762253052749,0.20007218106529304,-1.058123924956097,-0.19989962381305498,0.3164260805650063,0.6044089730445297,0.21369084172489206,-0.18887246612094866,0.8217246272509613,-0.2917169989932797,0.5119680485602198,0.19350573367162593,-0.7652084719788851,0.1817744739923257,15,8,7,0.4088258031297901,False
real_vs_rest_in_negative,38,4.788927017625233,0.016594524481281885,-0.4984039615989033,1.176748888245301,0.3038352564561429,-1.1500657749661305,0.15325785176832396,-0.88743334019766,0.7554555172128916,0.2670938595530131,-1.519009957948232,-0.2558567224470881,-2.15325291738241,1.5152800068681358,0.5727220092573332,-3.5546531892457427,-0.7518526455190775,15,8,7,0.4088258031297901,False
real_vs_rest_in_negative,79,4.490094665545637,0.020727852899923734,-0.5122615331460363,1.0873071915343455,0.2807415096682719,-1.1143921858284933,0.08986911953642074,0.874509096233415,1.4685446001618865,0.5192089226246784,-0.35322491384826105,2.102243106315091,1.0284000665190558,1.662925147991013,0.6285266272142144,-0.5095491863715873,2.566349319409699,15,8,7,0.4088258031297901,False
real_vs_rest_in_negative,145,4.446022314454008,0.02142570536513136,-1.2911317292681752,1.136246472694791,0.29337757772892303,-1.92036405251474,-0.6618994060216103,-0.5552697134984254,0.8339544055976091,0.29484740769923296,-1.2524730442632965,0.14193361726644582,0.09248573675299433,1.029327249160397,0.389049131282947,-0.8594831932609073,1.044454666766896,15,8,7,0.4088258031297901,False
real_vs_rest_in_negative,11,4.3845611622027825,0.02244135023130944,-2.380234945994467,1.1671271181977556,0.30135092611246417,-3.026568400712182,-1.733901491276752,-1.0593532168808744,0.7413292560816995,0.2620994720336742,-1.679119984781365,-0.4395864489803838,-1.2651704567832878,1.4267070598814697,0.5392445820266437,-2.584654415210003,0.0543135016434273,15,8,7,0.4088258031297901,False
real_vs_rest_in_negative,83,4.368654757941225,0.022712544618321673,-0.9558109990148209,0.9987288571044869,0.25787068206282965,-1.5088886051074624,-0.40273339292217947,-0.010058113317472028,0.9350566872679432,0.33059246218049576,-0.7917850667832427,0.7716688401482985,0.18464173951969937,0.9360589255262632,0.35379701849211753,-0.6810683779284221,1.050351856967821,15,8,7,0.4088258031297901,False
real_vs_rest_in_negative,45,4.005335419846459,0.029971258484605606,0.02237133620630245,1.608821884695926,0.4153960244294233,-0.8685645272039034,0.9133071996165084,-0.0029478592234353507,0.8788095912919649,0.3107061106871633,-0.7376510636723735,0.7317553452255029,-1.7578647673745174,1.5879467511760568,0.6001874569749728,-3.226470568755145,-0.28925896599388956,15,8,7,0.49043877520263723,False
real_vs_rest_in_negative,137,3.5786214610496976,0.0418208545666418,-0.4583982286085592,1.0426912278672678,0.26922171738443273,-1.0358213841530597,0.1190249269359413,0.19307394351495055,0.9622965947516963,0.3402232238308237,-0.6114261425104952,0.9975740295403963,-1.2719835529701398,1.1941122357186185,0.45133200188725775,-2.3763531771890585,-0.16761392875122105,15,8,7,0.6044131684469044,False
real_vs_rest_in_negative,49,3.5244917869114976,0.04365206216560976,0.2891822292896197,1.5480763361447012,0.3997115912364148,-0.5681138706006855,1.1464783291799248,0.8028203444121365,0.9162513344876401,0.32394376594371693,0.036815059309326825,1.568825629514946,-1.1310029110457165,1.7507990868009249,0.6617398541877478,-2.7502220026326665,0.4882161805412337,15,8,7,0.6044131684469044,False
real_vs_rest_in_negative,27,3.4160953377426124,0.04758326066195897,-0.34605460273403493,1.3719048029133527,0.35422429695102553,-1.1057901593716377,0.4136809539035678,-0.8771444602936069,0.8933507083236085,0.3158471719167145,-1.6240043428048654,-0.13028457778234848,-1.9890576192833767,1.778600454091165,0.6722477833245394,-3.6339886872061338,-0.34412655136061954,15,8,7,0.6117847799394724,False
real_vs_rest_in_negative,48,3.20469224854588,0.05638796324058517,-1.6412398347449861,1.3125274839959413,0.3388931391303868,-2.368093328178516,-0.9143863413114562,-0.40138628066468673,1.1811687555148505,0.41760621837511297,-1.388868072250431,0.5860955109210575,-2.0468923276268063,1.6194956988670053,0.6121118383629778,-3.544676039143316,-0.5491086161102965,15,8,7,0.6378778389425916,False
real_vs_rest_in_negative,157,3.197859641175828,0.05670025235045259,-0.6340133263784596,1.3047696959172301,0.33689008686156985,-1.3565706999706273,0.08854404721370801,0.6681914895082923,1.7159500604786893,0.6066799619709737,-0.7663786615236601,2.102761640540245,-1.3266732566568382,1.9424115560612165,0.7341625601537107,-3.123104325763891,0.46975781245021486,15,8,7,0.6378778389425916,False
real_vs_rest_in_negative,113,3.0798511089192515,0.06239753330103543,-0.28077073477959286,1.354158818772449,0.34964230354837345,-1.0306788929630601,0.4691374234038745,-0.13195672226347904,1.0533472890615796,0.37241450551995464,-1.0125770936608984,0.7486636491339405,-1.5633545633632242,1.2214018349729514,0.4616465008880547,-2.692962857425816,-0.4337462693006322,15,8,7,0.6602930884534849,False
real_vs_rest_in_negative,12,2.8704921362150833,0.0740751338466845,0.5682389968201769,1.1657257753683459,0.30098910094975545,-0.07731842010520662,1.2137964137455604,1.5467217177674577,1.2054205443060937,0.426180520530209,0.5389649233652891,2.5544785121696263,1.834283662839459,1.6291749557958835,0.6157702536072222,0.3275481317053981,3.34101919397352,15,8,7,0.6602930884534849,False
real_vs_rest_in_negative,44,2.8572165351258736,0.07489088039062741,-1.1061155139811198,1.113157553243454,0.28741604436112617,-1.7225616198208562,-0.4896694081413835,-0.8190122951693614,0.8122806800620586,0.287184588549351,-1.4980959379368521,-0.13992865240187058,-2.0378280429338704,1.0839044946328686,0.40967739110624496,-3.0402725063778977,-1.0353835794898432,15,8,7,0.6602930884534849,False
real_vs_rest_in_negative,95,2.6181920761182984,0.09135566060350739,-2.3361246456576037,1.6598402949170619,0.42856892130518587,-3.2553135629282592,-1.4169357283869481,-1.0481856295685648,0.9013454760437197,0.3186737491511655,-1.801729305157406,-0.2946419539797235,-1.2994374267199327,1.2882333539918,0.48690644075441997,-2.4908545670007434,-0.10802028643912198,15,8,7,0.6602930884534849,False
real_vs_rest_in_negative,64,2.6048848642912175,0.09237999747274862,0.24274388423543916,1.149138036767415,0.296706165259579,-0.39362754923644583,0.8791153177073241,-0.6484330418251727,1.3685585735634154,0.48385852390883977,-1.792576641799902,0.49571055814955667,-1.0565508642793726,1.688143462990394,0.6380582543531361,-2.6178231685769386,0.5047214400181932,15,8,7,0.6602930884534849,False
real_vs_rest_in_negative,148,2.563729453266234,0.09562682351180408,-0.8706217923015243,1.1360390086200212,0.29332401073515507,-1.4997392257729438,-0.24150435883010468,-0.69174835097396,0.9128600745148389,0.32274477448194977,-1.4549184717888224,0.07142176984090232,-1.9379052639551522,1.4736830061958939,0.5569998208194847,-3.300834726603979,-0.5749758013063253,15,8,7,0.6602930884534849,False
real_vs_rest_in_negative,150,2.551495148170458,0.0966154842206993,0.4313539994546095,1.3054117764049147,0.3370558713306183,-0.2915589464598368,1.1542669453690557,-0.8113094703311003,0.6626657495152035,0.23428772257113326,-1.3653119009732442,-0.2573070396889565,-0.5299476999502847,1.9851706054181921,0.7503239617102955,-2.365924294057258,1.3060288941566882,15,8,7,0.6602930884534849,False
real_vs_rest_in_negative,23,2.5471641588584744,0.09696810023866245,0.14557535455920836,1.3365793914949278,0.34510331494292656,-0.5945976412866859,0.8857483504051026,1.0108433179661191,1.917520389416039,0.6779458352097752,-0.5922438452372405,2.613930481169479,-0.7907290720375569,1.499806034658381,0.5668733975057137,-2.1778183064931063,0.5963601624179923,15,8,7,0.6602930884534849,False
real_vs_rest_in_negative,57,2.542807099927337,0.09732423392608983,-0.5554673463858438,1.1706475907296803,0.3022599082115925,-1.2037503738093247,0.09281568103763704,-0.6894616345903197,0.8215871454129032,0.29047492092858096,-1.3763256770975385,-0.0025975920831008414,-1.6441904178686795,1.1202020459567936,0.4233965759639176,-2.6802045173289946,-0.6081763184083644,15,8,7,0.6602930884534849,False
real_vs_rest_in_negative,42,2.471373822779214,0.1033677741891312,0.3962122500208026,1.4928975294644369,0.38546448461399735,-0.430526845244396,1.2229513452860012,0.23382798019879697,1.0712612444910985,0.37874804520099786,-0.6617688327268425,1.1294247931244366,-0.975293140905432,1.4266016273741882,0.539204732284591,-2.2946795905260533,0.3440933087151892,15,8,7,0.6602930884534849,False
real_vs_rest_in_negative,141,2.4310117828232967,0.10695978724601293,-0.296076329722881,1.8614233265639255,0.48061743626827286,-1.326898209012256,0.7347455495664941,-0.4747372479511541,1.2688719464293148,0.448613978888771,-1.5355407420350753,0.5860662461327673,-2.001667528168305,1.899122487088456,0.7178008300123612,-3.758062885887254,-0.24527217044935612,15,8,7,0.6602930884534849,False
real_vs_rest_in_negative,78,2.3971597872062658,0.11007586113365656,-1.4678608211254545,1.1070664798718581,0.28584333597921163,-2.080933802963684,-0.8547878392872251,-0.49299132628524,1.092897459123197,0.3863976022437801,-1.4066764673081846,0.42069381473770473,-1.6576185033592938,1.3452208989580456,0.5084457081556766,-2.90174033230922,-0.41349667440936777,15,8,7,0.6602930884534849,False
real_vs_rest_in_negative,21,2.394062838686314,0.11036576491577901,-1.0879591438441856,1.4652777232401009,0.37833308131184207,-1.8994029002407484,-0.2765153874476226,0.31524476815400604,1.9342403988855617,0.6838572512484766,-1.3018206727757216,1.9323102090837336,-0.1798939079719387,1.0816048844132198,0.40880822014144874,-1.1802115866815348,0.8204237707376575,15,8,7,0.6602930884534849,False
real_vs_rest_in_negative,2,2.359524228664782,0.11365506265965315,-0.5717300535381806,1.4917698374469677,0.38517331578711006,-1.3978446537795348,0.25438454670317356,0.684005432121285,1.795972416719593,0.634972137343208,-0.8174650829261687,2.1854759471687384,-1.0404108923244062,1.756494526529728,0.6638925280634007,-2.6648973871293418,0.5840756024805294,15,8,7,0.6602930884534849,False
real_vs_rest_in_negative,84,2.3588827319986763,0.11371714301143351,-0.9573773452328916,1.107930342899509,0.28606638445384475,-1.5709287184702745,-0.3438259719955088,-0.7391852357172695,1.192902283973415,0.4217546471452611,-1.7364765025789113,0.25810603114437236,-1.8885429089004309,0.9507979127407363,0.3593678320273256,-2.767884316008372,-1.0092015017924898,15,8,7,0.6602930884534849,False
real_vs_rest_in_negative,156,2.269012712806322,0.122784933732016,0.09147172513171499,1.0929429875658478,0.2821966659464472,-0.5137799273650124,0.6967233776284424,1.2117933738728006,2.0344676981632883,0.7192929527381237,-0.4890641861715488,2.91265093391715,-0.16489113305149372,1.048123446035279,0.39615342592933944,-1.1342436458296787,0.8044613797266914,15,8,7,0.6767455188025475,False
real_vs_rest_in_negative,144,2.2413347570088495,0.12573172826658088,-1.353370134688396,1.159574046123159,0.29940073128862305,-1.99552083750909,-0.7112194318677018,-0.4321483756517228,0.8598815706014381,0.3040140447948079,-1.1510273587983406,0.286730607494895,-0.7982533042194019,0.8611260690730366,0.32547506089169764,-1.5946620879674303,-0.001844520471373401,15,8,7,0.6767455188025475,False
real_vs_rest_in_negative,166,2.21641160288394,0.12845027937025183,-0.18250362323838532,0.9566341125526983,0.24700186575536745,-0.7122699368013579,0.34726269032458723,0.7080551452040516,1.1220334885323486,0.396698744229811,-0.22998832597816254,1.6460986163862656,0.46368987073825807,1.1014115157040927,0.4162944230993916,-0.5549458867092051,1.4823256281857211,15,8,7,0.6767455188025475,False
real_vs_rest_in_negative,22,2.0933885929698284,0.1428266008036153,-1.3534475490301208,1.6068500643698538,0.41488690261045064,-2.243291454740466,-0.4636036433197759,-0.15807835014391391,1.908901284677088,0.6748985215054405,-1.7539597614597926,1.4378030611719645,-0.18240492372780048,1.0135952446636642,0.38310299249396057,-1.1198241762703782,0.7550143288147774,15,8,7,0.6767455188025475,False
real_vs_rest_in_negative,46,2.066104979932875,0.14624346934779436,-0.48261522423463415,1.8592539591316546,0.48005730800580687,-1.5122357478831459,0.5470052994138774,0.024468177458100232,1.1019938047043425,0.38961364606600224,-0.8968216987810561,0.9457580536972566,-1.722228060300651,1.9225758059551419,0.7266653513181255,-3.5003141202574017,0.0558579996560995,15,8,7,0.6767455188025475,False
real_vs_rest_in_negative,140,2.0462311232256485,0.14878760554070375,-0.10503260292894186,1.6085936877903897,0.4153371042417701,-0.9958420951050196,0.7857768892471358,0.10436241580037046,1.3229803714076611,0.46774419599952716,-1.0016768536018799,1.2104016852026207,-1.336987424636385,1.48940393877757,0.5629417748179315,-2.7144563249429696,0.04048147567019944,15,8,7,0.6767455188025475,False
real_vs_rest_in_negative,154,2.0279418031548597,0.15117093395989756,-0.8852938257411457,1.5345670952616166,0.3962235202390754,-1.7351087573898452,-0.0354788940924462,-0.19709803280585825,1.4988378749203781,0.5299192126277168,-1.4501578543703104,1.055961788758594,-1.6490597110970968,0.7859104836564743,0.2970462417876462,-2.3759056804653653,-0.9222137417288285,15,8,7,0.6767455188025475,False
real_vs_rest_in_negative,159,2.005617878916093,0.154135734131292,0.005308183280705399,1.5980790469030406,0.4126222356385665,-0.8796784948557753,0.8902948614171861,0.5121095070377994,1.8693772099970274,0.6609246508922433,-1.0507289509374933,2.0749479650130924,-1.1243539023845304,1.3173321455733675,0.49790475017975244,-2.342682936340746,0.09397513157168569,15,8,7,0.6767455188025475,False
real_vs_rest_in_negative,147,1.9588822517078395,0.16054680606673094,-1.450936905374091,1.4247844452773704,0.3678777618996419,-2.2399562318774384,-0.6619175788707437,-0.47109831034425975,1.2442518711446566,0.4399094677952185,-1.5113189063981083,0.5691222857095887,-1.8508501668613966,1.6102310206741322,0.6086101191522084,-3.3400654801416927,-0.36163485358110026,15,8,7,0.6767455188025475,False
real_vs_rest_in_negative,107,1.950141007508908,0.1617773937239032,3.552471254528746,0.9867549272918457,0.25477902667929525,3.0060245897463385,4.098917919311154,3.9092562703383043,1.3419673327662291,0.47445710056491236,2.7873435040021164,5.031169036674492,2.8554918027067546,0.7534481428749386,0.28477663026150707,2.158668491190741,3.5523151142227682,15,8,7,0.6767455188025475,False
real_vs_rest_in_negative,153,1.9335093445935283,0.16414685645142116,0.15930037757014925,1.360871028411048,0.35137538862480994,-0.594324878414288,0.9129256335545866,0.9185962880146397,1.5597815160095616,0.5514660435698971,-0.38541369254066193,2.2226062685699413,-0.45492464468182575,1.0763574938947544,0.40682489294946333,-1.4503892965806549,0.5405400072170032,15,8,7,0.6767455188025475,False
real_vs_rest_in_negative,143,1.9266737949759718,0.16513148082521378,-0.1515655835714761,1.726043471719261,0.4456625080532487,-1.107416598148145,0.8042854310051928,-0.17493337325469507,1.14631204600979,0.40528251054467407,-1.1332742264350395,0.7834074799256494,-1.5359848496312642,1.8412229500821347,0.6959168620202887,-3.2388320667203336,0.16686236745780492,15,8,7,0.6767455188025475,False
real_vs_rest_in_negative,127,1.9246329469996333,0.16542668237395605,-0.21834513509987685,1.3531290729300625,0.34937642431514754,-0.9676830390433274,0.5309927688435737,-0.05088873397539165,0.8151067231223738,0.28818374565528804,-0.7323350078667323,0.6305575399159491,-1.1201474589905152,0.9519957746242977,0.35982058126288374,-2.00059670356854,-0.23969821441249006,15,8,7,0.6767455188025475,False
real_vs_rest_in_negative,160,1.8587492780466541,0.17526770017157586,-0.2593019902359298,1.4904085682865085,0.38482183760123245,-1.0846627447431203,0.5660587642712606,0.5539182887221257,1.4954584894835148,0.5287244194483922,-0.6963162959148579,1.8041528733591092,-0.7713527710043045,0.6995545161816632,0.2644067540498272,-1.4183327910116024,-0.12437275099700673,15,8,7,0.7010708006863035,False
real_vs_rest_in_negative,60,1.7951046412191667,0.18537354926643929,-1.4452628335791382,1.0474234368196222,0.2704435684819822,-2.0253065990922807,-0.8652190680659958,-1.1991809394792106,0.6620474983334391,0.23406913776958216,-1.752666499198577,-0.6456953797598441,-2.0794586440503924,0.8998922653576674,0.34012730584099043,-2.9117201796107244,-1.2471971084900602,15,8,7,0.7147581124782553,False
real_vs_rest_in_negative,69,1.7085034474265086,0.200142069980741,0.6226221600688948,1.199329715480325,0.30966560097779855,-0.04154449861435405,1.2867888187521437,-0.38790846809995716,0.9350547320783013,0.33059177091656855,-1.1696337869862812,0.39381685078636686,-0.05934813140609037,1.847183602228084,0.6981697767674238,-1.7677080322895438,1.649011769477363,15,8,7,0.7147581124782553,False
real_vs_rest_in_negative,55,1.6622198584018548,0.20854904835220953,-0.01354945399748157,1.227739325056377,0.3170009306284855,-0.6934488300670125,0.6663499220720495,-0.37963860099933316,1.016839253450707,0.35950696574583063,-1.2297374908184606,0.47046028881979424,-1.0204699342427976,1.3576858345616556,0.513157010972189,-2.2761199058887804,0.23518003740318538,15,8,7,0.7147581124782553,False
real_vs_rest_in_negative,16,1.6340056998498862,0.21385938644369296,-0.028571662848613403,1.196765474084399,0.3090035166963267,-0.6913182919786818,0.6341749662814549,0.6096586629895002,1.823261020944086,0.6446201158913355,-0.9146256961117027,2.133943022090703,-0.7756131359065895,1.6264776104407976,0.6147507528915632,-2.2798540386572537,0.7286277668440747,15,8,7,0.7147581124782553,False
real_vs_rest_in_negative,74,1.616528343393128,0.21722160999601176,-0.7007543197616023,0.9417378909543167,0.24315567787723766,-1.2222713807643313,-0.1792372587588733,0.03732563292353325,1.2267999161033822,0.4337392699178946,-0.9883047635924689,1.0629560294395353,0.23174985719451804,1.8820338844940292,0.7113419453382945,-1.5088411790702785,1.9723408934593145,15,8,7,0.7147581124782553,False
real_vs_rest_in_negative,117,1.610865515545361,0.21832314496829958,-1.273405166992459,1.2135071673628925,0.3133262033133213,-1.9454230368346979,-0.6013872971502203,-0.376991899815762,0.8829404738293725,0.3121665982144063,-1.1151486084907678,0.36116480885924385,-1.3647208942785978,1.6517872562880496,0.6243168998462699,-2.8923693153825285,0.16292752682533274,15,8,7,0.7147581124782553,False
real_vs_rest_in_negative,134,1.608018658253793,0.2188791814324346,0.006687980057244499,0.7113792983147681,0.18367734501398764,-0.3872607444008418,0.40063670451533084,-0.20004081955753847,0.6769257756795501,0.2393294031714868,-0.7659649304160632,0.3658832913009862,-0.5769972955329123,0.7505963119455695,0.2836987394871767,-1.271183103338977,0.1171885122731523,15,8,7,0.7147581124782553,False
real_vs_rest_in_negative,29,1.6052741679790559,0.21941666419725558,-0.7102241777427936,1.403205580991655,0.3623061230990655,-1.4872935275167785,0.06684517203119134,-0.7523914243339473,0.7247586458869608,0.25624087661512485,-1.358304815427466,-0.14647803324042885,-1.7147193700562338,1.475030482925818,0.5575091191516027,-3.0788950408296882,-0.35054369928277906,15,8,7,0.7147581124782553,False
real_vs_rest_in_negative,53,1.6040646640250338,0.21965398412326462,0.7938239703431577,1.364651914653448,0.3523516092548579,0.03810492934692267,1.5495430113393927,-0.002267405258259858,0.3744861489186077,0.1324008476803914,-0.31534566061475555,0.31081085009823584,0.19033505573208398,0.9654440885945097,0.3649035661654975,-0.7025518048433377,1.0832219163075056,15,8,7,0.7147581124782553,False
real_vs_rest_in_negative,90,1.5945112375208683,0.22153820434670105,-0.31648301959257213,1.0736917807384794,0.27722602571732774,-0.9110737090954555,0.27810766991031116,0.4736487142839845,0.9852409489335812,0.3483352780468021,-0.3500333318707992,1.297330760438768,-0.0644320833088654,0.8819499574418279,0.33334575088501084,-0.8800997516782202,0.7512355850604894,15,8,7,0.7147581124782553,False
real_vs_rest_in_negative,73,1.5733099271247173,0.22578203571222102,-0.5248681663253937,0.9893385017800849,0.2554461027437377,-1.0727455669706458,0.023009234319858574,-0.31166736722291255,0.7534880588923666,0.26639825799294053,-0.941599148655091,0.3182644142092659,0.3859169818530127,1.6628191256794902,0.6284865545471124,-1.1519342167535918,1.923768180459617,15,8,7,0.7147581124782553,False
real_vs_rest_in_negative,114,1.5705539874997803,0.22634006895144748,-0.9663421443525493,1.5020142328759858,0.3878184073130134,-1.7981299016869852,-0.1345543870181134,-1.1369993350675776,0.6373416795723564,0.22533431177921845,-1.669830313416687,-0.604168356718468,-2.0085817719880494,1.3809617283894409,0.5219544719166266,-3.285758355078962,-0.7314051888971369,15,8,7,0.7147581124782553,False
real_vs_rest_in_negative,41,1.5461347118551774,0.2313497879225571,-0.36382146604739485,1.338553097226933,0.34561292357161794,-1.1050874636961545,0.3774445316013647,-0.5453258092077291,0.9696403601418945,0.34281963698424983,-1.3559654367429208,0.2653138183274626,-1.308165444392996,1.0183879159909328,0.38491445198647806,-2.2500171786356837,-0.366313710150308,15,8,7,0.7179821004493151,False
real_vs_rest_in_negative,86,1.4986698777605685,0.24143142557419164,-0.6554211097995883,1.167123076047124,0.3013498824336589,-1.3017523260488952,-0.009089893550281447,-0.768811763995676,1.1369158540157847,0.4019604550065281,-1.7192972040853824,0.1816736760940305,-1.523790795942281,0.9749625761591393,0.3685012163017076,-2.4254807892722683,-0.6221008026122934,15,8,7,0.7365704509043135,False
real_vs_rest_in_negative,138,1.4737398287286059,0.24691476196749057,-1.3487560033736832,1.074635422194093,0.27746967289348656,-1.9438692640965407,-0.7536427426508256,-0.4213975874371758,1.4461270086756555,0.5112831071457866,-1.6303900220238148,0.7875948471494632,-1.1997576748225265,1.4009519739311838,0.5295100745381365,-2.495422151510554,0.09590680186550071,15,8,7,0.7366238814506239,False
real_vs_rest_in_negative,174,1.456769487979669,0.25072380447517906,4.738024026440672,0.8900209304549387,0.22980241609520047,4.245146863548338,5.230901189333006,4.015450451998243,1.4044015743467735,0.49653093836483336,2.841341353474636,5.1895595505218495,4.812258441784304,0.9677421715557484,0.3657721598808736,3.917246208952899,5.707270674615709,15,8,7,0.7366238814506239,False
real_vs_rest_in_negative,9,1.4320577542608945,0.2563837236764389,0.8054623471874952,1.4856612173190398,0.38359607685219194,-0.017269411982580918,1.6281941063575713,-0.035302798450610295,0.49852105338832464,0.17625380870757262,-0.45207682895613194,0.38147123205491135,0.1771896258485009,1.1426058644093093,0.4318644233987171,-0.8795445498537129,1.2339238015507146,15,8,7,0.7366238814506239,False
real_vs_rest_in_negative,161,1.4258870490032765,0.25781835850771834,0.43322248022548127,1.3952719070456245,0.3602576572945844,-0.3394533473603977,1.2058983078113603,-0.6450389397220434,1.0664048254220537,0.37703104177299523,-1.53657568470176,0.24649780525767317,-0.09122268526766979,1.9727337465295314,0.7456232708945527,-1.9156971033090338,1.733251732773694,15,8,7,0.7366238814506239,False
real_vs_rest_in_negative,158,1.3543437249757306,0.27509585158514055,-0.6127238311316137,1.6698283424397506,0.431147824086286,-1.5374439447566068,0.31199628249337963,0.04961353910482885,1.6666964600730458,0.5892661845486322,-1.343779571522416,1.4430066497320737,-1.2807287019900728,1.1186391429014644,0.4228058541342456,-2.3152973572046336,-0.24616004677551206,15,8,7,0.7404027059390661,False
real_vs_rest_in_negative,152,1.3459704478998273,0.27719786850349143,0.565500928837027,1.500270239206193,0.3873681100837469,-0.26532103699447174,1.3963228946685255,0.8024655171539259,1.935970818931165,0.6844690471227503,-0.8160465911371335,2.4209776254449853,-0.46261123942262766,1.3889912000290534,0.5249893269334353,-1.747213845220676,0.8219913663754208,15,8,7,0.7404027059390661,False
real_vs_rest_in_negative,111,1.3090522209605724,0.28667366778370323,-1.184732900021971,0.9123105593780845,0.2355575735360329,-1.6899536479802735,-0.6795121520636686,-0.3625218594395649,1.126018330257434,0.39810759853269245,-1.3038967416733334,0.5788530227942035,-0.40973807736344237,2.2015680118108802,0.8321144933780714,-2.445848892719745,1.6263727379928605,15,8,7,0.7404027059390661,False
real_vs_rest_in_negative,124,1.2966701650389436,0.2899292081285335,5.181636832716323,0.9099636145370181,0.23495159498377177,4.6777157794900734,5.685557885942572,4.579457383729867,1.3243908050572075,0.4682428595985311,3.472238962288025,5.686675805171709,5.332818025515445,0.7180643099353203,0.2714027984914377,4.668719301452834,5.996916749578057,15,8,7,0.7404027059390661,False
real_vs_rest_in_negative,59,1.2891440776767549,0.291927384222861,-0.9998672005101458,1.2387573129356528,0.3198457628661622,-1.685868134892405,-0.3138662661278865,-1.034818697637783,0.8372591343062028,0.29601580573914715,-1.7347848507433485,-0.33485254453221713,-1.7417791186158953,0.7751733310247646,0.2929879795515824,-2.458694878023685,-1.0248633592081058,15,8,7,0.7404027059390661,False
real_vs_rest_in_negative,116,1.2594497951380688,0.29995672648109184,-1.4162604710338134,1.3464846585823644,0.3476608439075518,-2.161918820957,-0.6706021211106267,-0.6603779639365623,1.0385021128723015,0.36716594314428086,-1.5285874574544662,0.20783152958134143,-1.6911272759264997,1.6154658376697417,0.6105886939992538,-3.1851839874484087,-0.19707056440459092,15,8,7,0.7404027059390661,False
real_vs_rest_in_negative,6,1.2316729184157544,0.307682615806955,-1.4100639021029124,1.4094245754312176,0.36391186055870434,-2.1905772162046215,-0.6295505880012032,-0.4642779423041121,1.6405100482149024,0.5800078898487138,-1.8357786647555367,0.9072227801473125,-1.02625309941498,0.88327706317512,0.3338473497041221,-1.8431481358793387,-0.20935806295062165,15,8,7,0.7404027059390661,False
real_vs_rest_in_negative,91,1.224782848262133,0.309631930681595,-0.5845795863891238,0.4739050434401027,0.12236175606181468,-0.8470194519007496,-0.322139720877498,-0.16054580521804268,1.087402893077172,0.3844549797883693,-1.0696373740712344,0.7485457636351489,-0.6684074929081756,0.589358119545586,0.22275643106775656,-1.2134728440066285,-0.12334214180972258,15,8,7,0.7404027059390661,False
real_vs_rest_in_negative,32,1.2205188099257507,0.3108449393588711,-0.5499345151264358,1.0015198465250899,0.2585913124325254,-1.10455771964291,0.004688689390038414,-1.2372978327399142,1.5251195145820664,0.5392111754404574,-2.512329654916271,0.03773398943644257,-1.2461669063792526,1.2480983201655957,0.47173682384509114,-2.400465331267297,-0.09186848149120808,15,8,7,0.7404027059390661,False
real_vs_rest_in_negative,30,1.2090530383371012,0.3141320411215254,0.33612400028504386,1.427517873987132,0.3685835301577053,-0.45440904858295283,1.1266570491530405,-0.5546031439805084,0.7538954593032652,0.2665422957895428,-1.1848755206796784,0.07566923271866177,-0.19731873557384688,1.6687793481968956,0.6307393069099213,-1.7406822206347032,1.3460447494870096,15,8,7,0.7404027059390661,False
real_vs_rest_in_negative,47,1.2052956022682304,0.3152173604268959,-0.2630703307391842,1.3332445015309904,0.344242250056809,-1.0013965260798998,0.4752558646015316,0.15877817070212474,1.2971698813162404,0.4586188097148313,-0.9256829889861817,1.2432393303904312,-0.9678572849642519,1.6990029244902265,0.6421627449960843,-2.5391729160589613,0.6034583461304575,15,8,7,0.7404027059390661,False
real_vs_rest_in_negative,7,1.1990941592130522,0.31701743951936895,-1.7975034061923614,1.7043839254644424,0.44007003725782723,-2.741359763854441,-0.8536470485302815,-0.7906180108408938,1.4721863357570066,0.5204964705919775,-2.021396588071134,0.4401605663893464,-1.6106720841637243,0.942019273313373,0.3560498182024242,-2.4818946039212513,-0.7394495644061975,15,8,7,0.7404027059390661,False
real_vs_rest_in_negative,175,1.1753935515946852,0.3239993661766006,4.912430782075627,0.8993466263021201,0.23221030040906243,4.414389220960876,5.410472343190378,4.6869863349132395,1.4055567799218318,0.4969393652127275,3.5119114603601007,5.862061209466378,5.475979880232393,0.7411189184089941,0.2801166214336239,4.790559199543767,6.161400560921019,15,8,7,0.7404027059390661,False
real_vs_rest_in_negative,155,1.173683944175875,0.32450934416537064,0.01597522465349934,1.5246799082964604,0.3936706595419495,-0.828364365355896,0.8603148146628946,0.05676777591485929,0.7701917946216748,0.27230392039561147,-0.5871286780563946,0.7006642298861131,-0.8227192193854638,1.1764688621801798,0.4446634335056968,-1.9107714446013704,0.26533300583044284,15,8,7,0.7404027059390661,False
real_vs_rest_in_negative,142,1.1574659797385143,0.32939029121078783,-0.1986562665017405,1.6237810791883271,0.41925847183887316,-1.097876255698517,0.7005637226950361,0.023113686972507597,1.1796455241478279,0.4170676747606441,-0.9630946513219231,1.0093220252669384,-1.032225767413507,1.172812636680648,0.44328151016156336,-2.1168965480212796,0.052445013194265755,15,8,7,0.7404027059390661,False
real_vs_rest_in_negative,10,1.15415941096314,0.3303950776701836,-1.3009165854034366,1.0755209928573448,0.2776983262555308,-1.8965202588133543,-0.7053129119935189,-0.5605324395490009,0.7235576890539084,0.255816274254843,-1.1654418056041134,0.04437692650611158,-1.0952301430282765,1.5145153464099124,0.5724329947702097,-2.495923221917914,0.3054629358613612,15,8,7,0.7404027059390661,False
real_vs_rest_in_negative,24,1.1505153156777421,0.3315062449151477,4.523543363475952,0.945679256711165,0.24417333413974338,3.9998436468685243,5.047243080083379,3.8717300163392467,1.5008552200240344,0.5306324518291112,2.6169836520619905,5.126476380616503,4.640743540901872,0.9282628501204031,0.3508503789598014,3.782243590646427,5.499243491157317,15,8,7,0.7404027059390661,False
real_vs_rest_in_negative,65,1.1404108518590923,0.33460837338630595,0.5496978487795434,1.1415588597404531,0.2947492301660202,-0.08247637635455751,1.1818720739136443,-0.3113399115776408,1.36037460065461,0.4809650525384081,-1.448641538978558,0.8259617158232766,-0.08054457423643878,1.894788679391878,0.7161628046702008,-1.8329318283331795,1.6718426798603019,15,8,7,0.7404027059390661,False
real_vs_rest_in_negative,43,1.1160189371254776,0.34222605005116785,-1.2362761152238564,0.9185032059120548,0.23715650799570068,-1.7449262365261076,-0.7276259939216053,-0.6102280034982391,0.7591019906284839,0.268383082592804,-1.2448531493144128,0.02439714231793444,-1.0198612756988272,1.2173386924039273,0.4601107773481921,-2.145711789631647,0.10598923823399264,15,8,7,0.7404027059390661,False
real_vs_rest_in_negative,39,1.109703640405161,0.3442285516290367,0.626364443554278,1.5426001487099867,0.39829764572072424,-0.227899044816533,1.480627931925089,0.4138127222085216,0.903744797244709,0.3195220372968976,-0.3417368361020565,1.1693622805190997,-0.2461473475132597,0.9549563541842848,0.36093957515607616,-1.1293346715098962,0.6370399764833767,15,8,7,0.7404027059390661,False
real_vs_rest_in_negative,99,1.1056477356199301,0.3455212627715642,1.306627215447939,1.2329986328393394,0.31835887805888496,0.6238153318067952,1.989439099089083,0.9309132879952435,0.7444477043660603,0.2632020099979997,0.3085394320860071,1.55328714390448,0.5238660337363735,1.3959301000170006,0.5276119846106434,-0.7671539842135319,1.8148860516862788,15,8,7,0.7404027059390661,False
real_vs_rest_in_negative,146,1.0771244053747788,0.35476091150590244,-1.7218699876422305,1.3343799519968003,0.344535422106444,-2.460824974492273,-0.982915000792188,-0.876936959841842,1.1869912704130718,0.419664788259159,-1.8692864956989999,0.11541257601531607,-1.5151462806914295,1.437834295343937,0.5434502817142647,-2.844921215526141,-0.1853713458567181,15,8,7,0.7510496870022778,False
real_vs_rest_in_negative,97,1.0648004132529196,0.3588348504566439,-0.9566505694103797,0.9237965161853852,0.2385232348313618,-1.4682320282357768,-0.44506911058498266,-0.42676837309532356,1.07981432866131,0.3817720171094058,-1.3295157433317197,0.4759789971410726,-0.3862698764264135,1.1975615111779092,0.4526357054684922,-1.4938295483886352,0.7212897955358081,15,8,7,0.7510496870022778,False
real_vs_rest_in_negative,102,1.0227251681568506,0.37312665238609316,0.9912353062214401,1.8413631896328146,0.475437931184484,-0.02847763951422211,2.0109482519571023,0.03730861844164324,0.9166484364073955,0.32408416267385753,-0.7290286521741012,0.8036458890573877,0.6920771033378669,1.2513261645357303,0.47295683434140484,-0.4652065796921291,1.8493607863678627,15,8,7,0.7653046413132876,False
real_vs_rest_in_negative,35,1.0197821624227459,0.3741489357531628,0.27387983455164905,1.5951229563056006,0.4118589763283155,-0.6094698151767759,1.157229484280074,-0.7401687499665017,1.3059334587325573,0.46171720222409673,-1.8319564437231706,0.3516189437901671,0.0654423144884662,2.0388499722767963,0.7706128553164768,-1.8201794138300917,1.951064042807024,15,8,7,0.7653046413132876,False
real_vs_rest_in_negative,61,1.004410660167883,0.37953750256815694,0.13543229097801995,1.2631306256881465,0.3261389251583164,-0.5640661341133579,0.834930716069398,-0.8518004521965942,1.7520821657547965,0.6194545903006146,-2.3165777991818994,0.6129768947887112,-0.36897334736851095,2.0972587851449105,0.7926893114912682,-2.3086142179324485,1.5706675231954268,15,8,7,0.7658877709365803,False
real_vs_rest_in_negative,20,0.9865703520871699,0.3858962397321396,-0.808307989845816,1.5528231272447184,0.40093720742830097,-1.6682327750289752,0.0516167953373432,0.10061259629728403,1.9572014389678731,0.6919752048211258,-1.535648754523634,1.7368739471182022,-0.8608011055185163,1.182396212060165,0.4469037611794267,-1.9543352150697206,0.23273300403268804,15,8,7,0.7658877709365803,False
real_vs_rest_in_negative,63,0.9820817334675004,0.38751404968507835,-0.8651599729290542,0.8092906600771173,0.20895794991465885,-1.3133302022406097,-0.4169897436174987,-0.315978217673442,0.9133221352950729,0.32290813763746173,-1.0795346309676446,0.4475781956207607,-0.2584554995286017,1.7967404932197644,0.6791040736541473,-1.920163305513767,1.4032523064565636,15,8,7,0.7658877709365803,False
real_vs_rest_in_negative,50,0.9712346778414329,0.3914537495898077,-1.385880040224335,1.373927085768247,0.354746448138914,-2.146735499778801,-0.6250245806698687,-0.7021473482210249,1.179972832996266,0.41718339591378056,-1.6886293235605843,0.28433462711853463,-1.6784179110598065,1.7659399672530296,0.6674625690887233,-3.3116399815586774,-0.04519584056093562,15,8,7,0.7658877709365803,False
real_vs_rest_in_negative,169,0.9420086320502967,0.4022844739833278,-0.8978571060256321,0.95800492081735,0.24735580692735676,-1.4283825479025933,-0.3673316641486708,-0.20520032495602963,1.4629761577997271,0.5172401809472138,-1.4282790007220514,1.017878350809992,-0.11036634492926531,2.2736863019725426,0.8593726449133507,-2.2131754543175486,1.9924427644590181,15,8,7,0.7669389624125573,False
real_vs_rest_in_negative,13,0.9388828073458455,0.40346177027528346,-0.13536902134622866,1.634497609838302,0.4220254681546381,-1.0405236274065757,0.7697855847141183,0.06990791841326127,1.7322477869238058,0.6124420784146063,-1.3782874729018064,1.5181033097283287,-1.0319784864001205,1.6863361209110976,0.6373751432565875,-2.5915792780598927,0.527622305259652,15,8,7,0.7669389624125573,False
real_vs_rest_in_negative,75,0.9327665255604498,0.40577609704746387,0.5521355585503139,1.0522607825874974,0.2716925657885707,-0.030587039759244705,1.1348581568598726,0.6620763453244882,1.0533089891133194,0.3724009644433877,-0.21851200651488845,1.542664697163865,1.2510600035746628,1.3873914682449369,0.5243846851526955,-0.03206309708439625,2.5341831042337217,15,8,7,0.7669389624125573,False
real_vs_rest_in_negative,17,0.9121347420540931,0.4136886813844374,-0.20430018746665438,1.4362110291255663,0.37082809316284887,-0.9996473451882758,0.5910469702549671,0.24347100525965673,1.6282813604242472,0.575684395817821,-1.1178062783547025,1.6047482888740159,-0.8391181668472072,1.7169782881987385,0.6489567938673213,-2.4270582366422047,0.7488219029477903,15,8,7,0.7669389624125573,False
real_vs_rest_in_negative,19,0.9105948201870866,0.4142858737722125,-1.297979953662368,1.681362676407804,0.43412597631081035,-2.2290875685331137,-0.36687233879162207,-0.5061551232832809,1.4625820712485098,0.5171008503108437,-1.7289043344475519,0.7165940878809901,-1.4704024156909614,1.284725498949344,0.4855805961719053,-2.6585753311500406,-0.2822295002318824,15,8,7,0.7669389624125573,False
real_vs_rest_in_negative,178,0.893965603608501,0.42079411494246466,0.8336165915057502,0.9749953787667993,0.2517427243062004,0.29368214763364975,1.3735510353778506,1.2566886298341746,0.971091541725997,0.3433327071536758,0.4448357841335895,2.0685414755347598,0.6846650177721912,0.4652139682695743,0.175834352353541,0.25441385715990983,1.1149161783844725,15,8,7,0.7669389624125573,False
real_vs_rest_in_negative,93,0.8778111487812208,0.4272218079797066,-0.3442796648858003,0.9311851427076021,0.24043096999615465,-0.8599528086967178,0.17139347892511714,0.0768287740951715,1.1239456964467087,0.3973748118214523,-0.8628133429099535,1.0164708911002964,0.1584232301039723,0.7874438656655346,0.29762580571062247,-0.5698408810959227,0.8866873413038673,15,8,7,0.7669389624125573,False
real_vs_rest_in_negative,163,0.8752713669983523,0.4282419183346703,-1.3071706158955345,1.2553897601693587,0.3241402422756833,-2.002382292546872,-0.6119589392441973,-0.7775223058666643,1.3262509184593336,0.4689005089987408,-1.8862958210292873,0.33125120929595875,-1.5532715936083767,0.7666117999938823,0.2897520249873428,-2.2622692574431618,-0.8442739297735916,15,8,7,0.7669389624125573,False
real_vs_rest_in_negative,133,0.8700731240564088,0.4303379733537127,-0.28838201423050147,1.020650734228146,0.2635308863973321,-0.8535995512306784,0.2768355227696755,0.11626362273865022,0.6453210554033071,0.22815544715906907,-0.42323828074668046,0.6557655262239809,0.1667513102880305,0.8150669679127042,0.3080663569943539,-0.5870599095805139,0.9205625301565749,15,8,7,0.7669389624125573,False
real_vs_rest_in_negative,180,0.8390612859381751,0.4430738733851621,-0.2794565326430394,1.0539239486275835,0.2721219934135861,-0.8631001616061552,0.30418709632007646,-0.9642867475899356,1.316992022853195,0.46562699506404137,-2.065319632314641,0.13674613713477013,-0.5917072194667038,1.4230864494724915,0.5378761199214425,-1.907842671750359,0.7244282328169515,15,8,7,0.7818950706796978,False
real_vs_rest_in_negative,18,0.8192481358258155,0.4514222620247389,-1.1509972066489547,1.3691664604139417,0.35351725995793015,-1.9092163197559011,-0.3927780935420083,-0.4904895646534608,1.5259277885276479,0.5394969434344459,-1.766197120758732,0.7852179914518103,-0.6523010426442444,0.4763636761750162,0.18004854582622815,-1.0928639632078618,-0.21173812208062698,15,8,7,0.7888932734412913,False
real_vs_rest_in_negative,108,0.7976096388103556,0.4607331857701269,-1.2852782734616968,1.1931319281152695,0.3080653391612522,-1.946012711903634,-0.6245438350197596,-1.1020215294350866,1.1398554435031365,0.40299975683673367,-2.054964527837222,-0.14907853103295132,-1.849452788409019,1.2750619652433592,0.48192812374731586,-3.02868842580639,-0.6702171510116481,15,8,7,0.7974228215252197,False
real_vs_rest_in_negative,36,0.7638764944558079,0.4756622463263874,0.30386152406496153,1.9487196973305456,0.5031572622791707,-0.7753034740005706,1.3830265221304938,0.25433202641136854,0.9682800656318327,0.34233870024801205,-0.5551703664538333,1.0638344192765703,-0.5238770880457074,0.6836873263490723,0.25840952000661466,-1.1561824049985783,0.10842822890716342,15,8,7,0.8154209937023783,False
real_vs_rest_in_negative,68,0.7487826379054796,0.48250975177320815,0.08366877468546734,1.3636316902399677,0.35208818844400436,-0.6714852848623284,0.838822834233263,-0.7376501262024253,1.3632629068983049,0.4819862230039382,-1.8773664380511452,0.4020661856462946,-0.4347515961288161,2.22307818707092,0.8402445754345685,-2.4907560056199425,1.6212528133623105,15,8,7,0.8164911004283619,False
real_vs_rest_in_negative,106,0.7377571097122981,0.4875785008059506,-0.6124558574985854,1.2640720045413156,0.3263819881330361,-1.3124756008224678,0.08756388582529706,-0.80256561567419,1.031259169769792,0.3646051760525144,-1.664719857224222,0.05958862587584213,-1.2804250615051191,1.2387149587189934,0.468190246580871,-2.426045324454342,-0.13480479855589622,15,8,7,0.8164911004283619,False
real_vs_rest_in_negative,104,0.7327599180525403,0.4898946602570171,2.1295745551133316,1.361799623559046,0.3516151508610476,1.3754350602763463,2.883714049950317,1.66736372544629,1.4331246597629348,0.5066860826020174,0.46924152658101503,2.865485924311565,2.5364687818802514,1.4175408060403305,0.5357800637241087,1.225462194346518,3.847475369413985,15,8,7,0.8164911004283619,False
real_vs_rest_in_negative,167,0.6705199454713338,0.5197539131878499,-0.051440969077845275,1.4231950414086212,0.36746737958537096,-0.8395801130565874,0.736698174900897,-0.28146177782602994,1.3625265858875875,0.48172589421403395,-1.4205625099047547,0.8576389542526948,-0.7494515226164695,0.9550978831639257,0.36099306808228165,-1.6327697390881906,0.13386669385525152,15,8,7,0.8555795118439818,False
real_vs_rest_in_negative,171,0.6642788491385797,0.5228541461268779,-0.12979875709678884,1.0876311863421408,0.28082516476792846,-0.7321088321233657,0.472511317929788,0.15216730868412282,0.513880758454743,0.18168428451231752,-0.27744775660698645,0.5817823739752321,0.3830297563610112,1.2098119265892064,0.4572659272735673,-0.7358596602094785,1.501919172931501,15,8,7,0.8555795118439818,False
real_vs_rest_in_negative,94,0.6501190625942799,0.5299618455712338,0.013393417017842194,0.9722172717704528,0.2510254201641449,-0.5250025624791892,0.5517893965148737,0.364838282744103,0.9263177114041059,0.32750276763352326,-0.4095827040658824,1.1392592695540884,0.5631712648107419,1.555221611705057,0.5878185168806629,-0.8751688304670169,2.0015113600885006,15,8,7,0.8593975874128116,False
real_vs_rest_in_negative,34,0.6371335021497503,0.5365714058726423,-0.026739893078749962,1.5561241210666004,0.40178952036817317,-0.888492707709287,0.8350129215517872,-0.6619517849977284,1.3314524847072908,0.47073954038210164,-1.7750739183688866,0.45117034837342984,0.07559372840054124,1.3025137444297628,0.49230392100067055,-1.1290305702611407,1.2802180270622232,15,8,7,0.862346902295318,False
real_vs_rest_in_negative,70,0.6183495071416696,0.5462894768490716,0.38687657785866925,1.1454254749736075,0.2957475859263001,-0.24743890741988617,1.0211920631372247,-0.28061836713758204,1.0748229629382777,0.3800073028343367,-1.1791928512020178,0.6179561169268538,0.254539729910732,2.0601227792793515,0.7786532206046246,-1.6507560635189293,2.1598355233403934,15,8,7,0.8641345384535686,False
real_vs_rest_in_negative,40,0.5880168965051995,0.5623836847832309,-0.1403927385455606,1.554903076288171,0.4014742479620511,-1.0014693611163794,0.7206838840252581,-0.5148465342970749,0.6879787096440935,0.24323720545065464,-1.0900111291953494,0.060318060601199486,-0.7413885845718315,1.0753689445187553,0.40645125640552027,-1.7359389807832655,0.2531618116396024,15,8,7,0.8641345384535686,False
real_vs_rest_in_negative,87,0.5784916790886171,0.5675421748262254,0.2649603999305955,1.168461882896481,0.3016955608757488,-0.3821122228396059,0.9120330227007969,-0.31893187647092763,1.3891241669068708,0.49112955916498086,-1.4802687427465144,0.842404989804659,-0.2122926886888076,1.7465123724860157,0.660119628470772,-1.82754723076736,1.4029618533897446,15,8,7,0.8641345384535686,False
real_vs_rest_in_negative,52,0.5770730722548244,0.5683147756136425,-0.29282247381474863,1.4900645233579648,0.3847330055826593,-1.1179927025910426,0.5323477549615452,-0.3432805303233398,0.9917692339423746,0.35064337534642026,-1.1724203593278366,0.48585929868115685,-0.9252862914272674,1.2788773797340713,0.4833702148746096,-2.1080505986944447,0.2574780158399098,15,8,7,0.8641345384535686,False
real_vs_rest_in_negative,3,0.5685011033228861,0.5730073378599663,0.35648602367477455,1.5397959893920454,0.3975736148981576,-0.4962245730261534,1.2091966203757025,0.2514211439830592,1.4546232436921218,0.5142869798431355,-0.9646743208324284,1.4675166087985467,-0.35164955342768406,1.3442833209161902,0.5080913369651817,-1.5949042673118838,0.8916051604565158,15,8,7,0.8641345384535686,False
real_vs_rest_in_negative,33,0.5683833467269441,0.5730720905359621,0.5099392304183777,1.8814028907507419,0.485776137558941,-0.5319469627261669,1.5518254235629225,-0.24113747841753638,1.2487577992630021,0.4415025539592291,-1.2851251246496813,0.8028501678146085,0.5233611642902891,1.7819007690915027,0.6734951851444065,-1.1246221859286407,2.1713445145092187,15,8,7,0.8641345384535686,False
real_vs_rest_in_negative,109,0.565616900428115,0.5745955833892313,-1.085860868414795,1.2477900655891314,0.3221780095726511,-1.776863974486072,-0.3948577623435182,-0.6375900209442837,0.9557226186883808,0.33789897230395954,-1.436594125442505,0.1614140835539375,-1.1921514516836706,0.9694151663040076,0.3664044924592466,-2.0887109465949623,-0.29559195677237915,15,8,7,0.8641345384535686,False
real_vs_rest_in_negative,151,0.5623512166194733,0.5763996089901023,0.12707299175025674,1.164611855049416,0.30070148796014096,-0.5178675566637293,0.7720135401642428,-0.43642519219522363,0.8027400086470434,0.2838114518220361,-1.107532634053367,0.2346822496629199,0.03124107819864749,1.7109573801872746,0.6466811045437313,-1.5511305804209334,1.6136127368182283,15,8,7,0.8641345384535686,False
real_vs_rest_in_negative,125,0.5459108028249627,0.5855744804225339,4.539715001743763,0.9512498143156232,0.24561164592848708,4.012930413158762,5.066499590328763,4.423241678139046,1.6894725806026332,0.597318759186429,3.010807254235506,5.835676102042586,5.082160838016613,1.5385818947780443,0.5815292950413218,3.659209914192018,6.505111761841207,15,8,7,0.8641345384535686,False
real_vs_rest_in_negative,176,0.536882657446947,0.590679417226437,0.5416126310537289,1.4612245665691534,0.3772865607594321,-0.2675865619933928,1.3508118241008507,-0.04149752297962172,0.5167717435437689,0.1827064020926972,-0.4735295122892761,0.39053446633003264,0.505808319329719,1.663831537340935,0.6288692101871988,-1.0329792038975203,2.044595842556958,15,8,7,0.8641345384535686,False
real_vs_rest_in_negative,132,0.5338178410501061,0.592423259110579,0.6546424946972664,1.5055908824191875,0.3887418942540828,-0.17912594513484092,1.488410934529374,0.04669422357624047,0.7112509940999618,0.25146520052687804,-0.5479264880212579,0.6413149351737387,0.3181432924319162,1.6131077609499707,0.6096974247745501,-1.1737325618615047,1.8100191467253368,15,8,7,0.8641345384535686,False
real_vs_rest_in_negative,71,0.5217660017450019,0.5993344184602746,0.19729787667294948,1.1864711223810747,0.3063455265158616,-0.45974793050144114,0.8543436838473402,-0.43683648988379364,1.4596834113300419,0.5160760192684926,-1.6571623607115362,0.7834893809439488,-0.24014661701944554,2.0893633727888457,0.7897051261209176,-2.172485449034659,1.6921922149957678,15,8,7,0.8641345384535686,False
real_vs_rest_in_negative,136,0.50828192259095,0.6071696882307918,-0.6020311235877255,1.2032990479720738,0.3106904782202054,-1.2683959253372383,0.06433367816178748,-0.24892808506073028,0.9335323729961332,0.3300535357013676,-1.0293806799041287,0.5315245097826683,-0.8498040654805143,1.3217614268168223,0.49957886113074446,-2.0722295013628447,0.37262137040181575,15,8,7,0.8641345384535686,False
real_vs_rest_in_negative,96,0.5022197873506957,0.6107280335400512,-1.1495221768294726,1.0819078282337173,0.2793474000587081,-1.748662761779839,-0.5503815918791062,-0.8130014181845824,0.7024940793580892,0.24836916362875275,-1.4003011658489477,-0.22570167052021717,-1.383602651674939,1.518047682403044,0.5737680922823453,-2.7875625964894555,0.02035729313957746,15,8,7,0.8641345384535686,False
real_vs_rest_in_negative,126,0.4863465321035229,0.6201518397482324,-0.050958685873840566,1.5551844680229103,0.40154690299554485,-0.9121911379933069,0.8102737662456257,0.11573926526073522,1.0050946926736766,0.3553546364620828,-0.7245409260334432,0.9560194565549136,-0.5281324313527779,0.9794261853664061,0.3701883020034514,-1.4339505746802594,0.3776857119747037,15,8,7,0.8641345384535686,False
real_vs_rest_in_negative,98,0.47445817259745016,0.6273121079831567,-0.4953366651347865,0.801668368984525,0.20698988281722183,-0.93928581033483,-0.05138751993474294,-0.8569888701749973,1.5116146116832436,0.5344364712309456,-2.1207303109833604,0.4067525706333659,-1.0099064138728655,1.7080520105656043,0.6455829780457796,-2.589591053750552,0.569778226004821,15,8,7,0.8641345384535686,False
real_vs_rest_in_negative,168,0.47348464893161557,0.6279023747680457,0.20962150577225322,1.524135951342755,0.3935302104604325,-0.6344168509167741,1.0536598624612805,-0.3671946282390777,0.9320084281180109,0.3295147398226302,-1.1463731732809557,0.41198391680280017,-0.07383288624546044,1.4107725685625465,0.5332219104126168,-1.3785798981242585,1.2309141256333376,15,8,7,0.8641345384535686,False
real_vs_rest_in_negative,62,0.46773940261783736,0.6313980028348912,-0.3559765847498084,0.8202208233872307,0.2117801059460853,-0.8101997367487943,0.09824656724917746,-0.8053604473363473,1.3684550916063478,0.48382193751205327,-1.9494175342299571,0.3386966395572625,-0.823145606333336,1.951534920828284,0.7376108679099663,-2.628014380555566,0.981723167888894,15,8,7,0.8641345384535686,False
real_vs_rest_in_negative,170,0.4663973577120172,0.6322175622949598,-0.073304323570166,0.6151147148501996,0.15882193644146314,-0.4139434985991437,0.26733485145881164,-0.47301095680611144,1.0561581953219772,0.3734083109589581,-1.3559813046459632,0.4099593910337404,-0.5000147438695584,1.9949194739960072,0.7540086876847456,-2.345007537631635,1.3449780498925186,15,8,7,0.8641345384535686,False
real_vs_rest_in_negative,5,0.4597474105869218,0.636295442012749,-0.844903309273409,1.3785654950791264,0.3559440802731759,-1.6083274342864629,-0.08147918426035505,-0.29769429457379326,1.5537494648081454,0.5493333914154043,-1.5966613541243695,1.001272764976783,-0.8678845067256201,1.2609750594460096,0.47660377382129,-2.0340919291893553,0.2983229157381152,15,8,7,0.8641345384535686,False
real_vs_rest_in_negative,131,0.4561723502047848,0.6384994089684701,0.43245537697942565,0.8386156335532072,0.21652962550805022,-0.03195448135006779,0.896865235308919,0.21046764657250958,0.7512274093098019,0.26559899766808154,-0.4175741845121713,0.8385094776571905,0.6256373481221164,0.9508360892583952,0.35938226139470386,-0.253739366375867,1.5050140626200998,15,8,7,0.8641345384535686,False
real_vs_rest_in_negative,66,0.38655625240182984,0.6830922292942234,0.18745335004721467,0.8521926621739877,0.22003519922400117,-0.28447521612176496,0.6593819162161942,0.505760487924198,0.6479730680067863,0.22909307520692526,-0.03595855358206701,1.047479529430463,0.344519808976416,0.9796119977601427,0.37025853248692864,-0.5614701821533977,1.2505098001062298,15,8,7,0.9146585979795298,False
real_vs_rest_in_negative,162,0.3821966402934069,0.6859939484846473,-0.7026534662498826,1.3729307259879293,0.35448918914984723,-1.4629571601492513,0.05765022764948613,-1.2323388533243151,1.4343904500189446,0.5071336070388096,-2.431519279326009,-0.033158427322620865,-0.990466705429351,1.4689875719383256,0.5552251134847735,-2.3490536156685593,0.3681202048098571,15,8,7,0.9146585979795298,False
real_vs_rest_in_negative,58,0.3725568613471789,0.6924572093698353,-0.9583312242845244,1.0172966397165744,0.2626648629183373,-1.5216913256555291,-0.39497112291351977,-0.7669525909451407,0.9399604462490923,0.3323262027949332,-1.5527791895137812,0.0188740076235,-1.19306388270035,0.8067583688175068,0.30492600171589274,-1.9391909300212218,-0.4469368353794779,15,8,7,0.916487482989488,False
real_vs_rest_in_negative,130,0.34498984801861976,0.7113039373001958,0.9499656291746292,1.4605643033319435,0.37711608152464365,0.14113207772084824,1.7587991806284102,0.4342281421290486,1.1259819912842821,0.3980947507655239,-0.5071163599628943,1.3755726442209915,0.5681115932356198,2.0072058016022605,0.7586524830236618,-1.288244158375543,2.4244673448467826,15,8,7,0.9233154040841797,False
real_vs_rest_in_negative,115,0.3414898480357297,0.7137359210231169,-1.1063098027220677,1.3934574026395394,0.35978915427149194,-1.8779807912607687,-0.3346388141833667,-1.09690407582014,1.004070633285436,0.3549925767932015,-1.936328132040758,-0.25748001959952205,-1.5661886998176833,1.371543991521956,0.5183949019645681,-2.834655329007924,-0.2977220706274424,15,8,7,0.9233154040841797,False
real_vs_rest_in_negative,89,0.3390361623739754,0.7154461951344181,-0.24003734462624624,0.733211057203286,0.1893142809202307,-0.6460760941766885,0.16600140492419604,0.015954320058979433,1.0922901272046888,0.38618287798477596,-0.8972230787737189,0.9291317188916778,-0.49218643384708605,1.9413209771843316,0.7337503600832339,-2.2876088857166463,1.3032360180224745,15,8,7,0.9233154040841797,False
real_vs_rest_in_negative,122,0.3351924509763059,0.7181342031765842,0.06070014590713028,0.8820038868178729,0.22773242432905555,-0.4277373262010767,0.5491376180153372,-0.08815195271629686,1.00564823478008,0.3555503431506378,-0.9288949167924313,0.7525910113598376,-0.28791738951424867,0.9773505363376248,0.36940378041213595,-1.1918158776624614,0.615981098633964,15,8,7,0.9233154040841797,False
real_vs_rest_in_negative,139,0.3248421726754285,0.7254265019553554,0.8656982042271707,1.2904304062578222,0.33318769819174776,0.15108166456753513,1.5803147438868064,1.270415903173666,1.4230468048101044,0.503123022813537,0.08071900189410663,2.4601128044532254,1.2381780639061308,1.2910918518575827,0.4879868513938585,0.04411725402757494,2.4322388737846867,15,8,7,0.9260763854749218,False
real_vs_rest_in_negative,101,0.31227826850239615,0.7343854513935311,0.756529849208725,1.906542373321613,0.492267124047558,-0.29927812534805975,1.81233782376551,0.21932728979677427,1.0353148991007537,0.36603909290880454,-0.6462176263264092,1.0848722059199578,0.6274356225113872,1.1160411682059554,0.42182391199756625,-0.4047303068517941,1.6596015518745686,15,8,7,0.9282058175757334,False
real_vs_rest_in_negative,14,0.3021867684125881,0.7416674616243438,-0.49718742926486237,1.1593052902879846,0.29933133883036794,-1.1391893000648492,0.14481444153512446,-0.8625744981441631,1.1957418035764658,0.42275856892857583,-1.8622396628013331,0.13709066651300694,-0.48967015515037016,1.0518399372786782,0.3975581275835942,-1.4624598490536742,0.4831195387529339,15,8,7,0.9282058175757334,False
real_vs_rest_in_negative,121,0.29205532123453565,0.7490563727184252,-0.24031501334226948,1.6001609957244214,0.4131597925127574,-1.1264546363065135,0.6458246096219746,0.04873201964420254,1.5564670483575676,0.550294202293523,-1.2525069966099673,1.3499710358983723,-0.5278068886061763,0.8845954493884306,0.33434565285445866,-1.3459212289545561,0.2903074517422035,15,8,7,0.9282058175757334,False
real_vs_rest_in_negative,118,0.2841696843767385,0.7548621167052517,-0.018032489586426278,0.8412356201146467,0.21720610312936636,-0.4838932481127929,0.4478282689399403,0.02126543437294566,0.5503692897735535,0.1945849284778518,-0.43885480650023007,0.48138567524612136,-0.27340365602290845,1.065294653930922,0.402643532472548,-1.2586368874168643,0.7118295753710473,15,8,7,0.9282058175757334,False
real_vs_rest_in_negative,177,0.28029730302444744,0.7577308081380685,0.3476186455640798,1.1880931766855205,0.3067643391363791,-0.31032542534352875,1.0055627164716883,-0.06540161193200866,1.2888880276598027,0.4556907322742004,-1.1429389686936575,1.0121357448296402,0.18630858171340428,1.3877914022956075,0.5245358460153957,-1.0971843962520251,1.4698015596788336,15,8,7,0.9282058175757334,False
real_vs_rest_in_negative,56,0.2734779501937406,0.7628111462687868,-0.6216059580260388,1.3164804862010036,0.339913799910902,-1.3506485511144972,0.10743663506241974,-0.3694323187280151,1.0814756713875384,0.38235939046320133,-1.2735686062415357,0.5347039687855054,-0.21258165294194287,1.371012881813207,0.5181941613633907,-1.480557087576157,1.0553937816922712,15,8,7,0.9282058175757334,False
real_vs_rest_in_negative,173,0.272969431223884,0.7631914500067141,4.094795502655681,0.9429245044386502,0.24346206016145155,3.5726213170083563,4.616969688303006,3.7265284491521786,1.682324502686617,0.5947915320029965,2.3200699679358676,5.13298693036849,3.9926400237985042,0.6968957776638525,0.26340184534707356,3.3481189268052933,4.637161120791715,15,8,7,0.9282058175757334,False
real_vs_rest_in_negative,149,0.24924586233904114,0.7811618426958167,-0.4814272346473964,0.9897195776678426,0.2555444961148661,-1.0295156680852242,0.06666119879043148,-0.7223240442603589,1.5004448731454687,0.530487372298875,-1.9767273499620088,0.532079261441291,-0.8503360031035367,1.3264020403204801,0.501332848168094,-2.077053290654312,0.3763812844472385,15,8,7,0.9436854475519934,False
real_vs_rest_in_negative,8,0.2185691380192382,0.8050759517861271,0.3866576685161345,1.5283574707642171,0.3946202020881001,-0.4597184877058562,1.2330338247381252,0.0746762379855479,0.42978837590334135,0.1519531375382028,-0.2846358361429003,0.4339883121139961,0.1070240051201584,1.0860111240748547,0.4104736221931109,-0.8973687656065711,1.1114167758468878,15,8,7,0.9660911421433525,False
real_vs_rest_in_negative,110,0.20306074385106423,0.817463754368113,0.06536524257766761,0.8761137117347992,0.22621158766218952,-0.4198103592929478,0.550540844448283,0.1259546044742703,0.5803964149862979,0.2052011204065864,-0.3592689412931548,0.6111781502416954,0.30002153015430494,0.8607196201417675,0.32532143763558535,-0.4960113510277309,1.0960544113363409,15,8,7,0.9716976800948227,False
real_vs_rest_in_negative,51,0.19313909676613822,0.8254962550165825,0.12301075133425039,1.7516737289754216,0.4522802120207235,-0.8470338266164392,1.09305532928494,-0.21462496453128074,0.7604762152229547,0.2688689443576158,-0.8503989908594499,0.4211490617968884,-0.20273689176842447,1.3444515057969106,0.5081549048749913,-1.4461471507244898,1.040673367187641,15,8,7,0.9716976800948227,False
real_vs_rest_in_negative,105,0.19259029572698785,0.8259430280805993,0.6186296179647915,1.5697748674328484,0.4053141279241585,-0.25068272803195746,1.4879419639615405,0.7000902996179368,1.4400514532810795,0.509135073936297,-0.5038228435483163,1.9040034427841899,0.2446691672470911,1.5435041701357,0.5833897402528844,-1.1828341020140825,1.6721724365082646,15,8,7,0.9716976800948227,False
real_vs_rest_in_negative,54,0.1772814389440338,0.8385110630019557,-0.5264495798499824,1.5053232241617953,0.38867278518919246,-1.3600697954796988,0.3071706357797338,-0.7912357147069009,0.9038639173543049,0.31956415261553306,-1.5468848599212879,-0.03558656949251382,-0.4139167443376775,1.1199600879325367,0.42330512442678897,-1.449707069947987,0.6218735812726321,15,8,7,0.9772706556007835,False
real_vs_rest_in_negative,135,0.16351172080203175,0.8499910837141313,-0.28273321865084805,0.9105124690930134,0.23509330862076241,-0.7869582173992111,0.22149178009751508,-0.08861496019424342,0.6887852548136352,0.24352236223001272,-0.6644538437284941,0.4872239233400073,-0.2775515513617162,0.7102066572062957,0.26843288491862244,-0.9343831587061298,0.37928005598269726,15,8,7,0.9772706556007835,False
real_vs_rest_in_negative,165,0.16204470380962965,0.851224072328221,0.46218614186719126,1.2345545338850494,0.3187606099814438,-0.22148737105356847,1.145859654787951,0.11913872838628098,1.3514754598284016,0.4778187311259351,-1.0107230310993969,1.249000487871959,0.44863618663330534,1.9161822188162208,0.7242488025245246,-1.3235367914415133,2.220809164708124,15,8,7,0.9772706556007835,False
real_vs_rest_in_negative,15,0.1572835082359775,0.8552389828167115,-0.9839244589257795,1.4553466739009515,0.37576889539844943,-1.7898685835099517,-0.17798033434160743,-0.8293600613184331,0.8648908467452191,0.3057850913598597,-1.5524269041234724,-0.1062932185133938,-1.1832475149243036,0.9411127340615019,0.35570717857182854,-2.053631625709054,-0.31286340413955316,15,8,7,0.9772706556007835,False
real_vs_rest_in_negative,77,0.1475318958585125,0.863525728972253,0.04691270352941016,1.048968276682458,0.2708424444194036,-0.5339865657844444,0.6278119728432646,0.12266501668681365,0.641978092394976,0.22697353125284575,-0.4140420997833182,0.6593721331569454,0.3419522870808778,1.8213300072166998,0.6883980363535519,-1.3424970263775602,2.026401600539316,15,8,7,0.9772706556007835,False
real_vs_rest_in_negative,123,0.13745416733327512,0.8721802946594751,1.584658023854132,1.3643120974014795,0.35226386881768273,0.8291271673795424,2.3401888803287214,1.8533820770525828,1.4126424423027144,0.49944452517208776,0.6723834405054214,3.0343807135997443,1.8416772113100224,1.358581284530787,0.5134954592478779,0.5851990865672567,3.098155336052788,15,8,7,0.9772706556007835,False
real_vs_rest_in_negative,31,0.12806073420622874,0.880331130688412,0.05861793203794893,1.8803056846781436,0.4854928401691723,-0.9826606486362979,1.0998965127121958,-0.19666850637076239,0.8936784185573906,0.3159630349810003,-0.9438023614936949,0.5504653487521701,-0.2713978136054353,1.5097367447676544,0.5706268531187727,-1.6676714230833252,1.1248757958724545,15,8,7,0.9772706556007835,False
real_vs_rest_in_negative,129,0.11915024416256623,0.8881385610344005,1.9461593607295413,1.2412748981417367,0.3204958005712169,1.258764234130836,2.6335544873282464,2.2190131223919534,2.156349380870657,0.7623846349105273,0.4162599256408097,4.021766319143097,2.2970359536129052,2.226020012967751,0.8413564811093491,0.2383108089488024,4.355761098277008,15,8,7,0.9772706556007835,False
real_vs_rest_in_negative,164,0.11784997658127805,0.8892840683687321,0.04807351827932167,1.0702108766969187,0.27632726015848036,-0.5445895108173867,0.6407365473760301,0.1707143208617229,1.232030430540709,0.4355885360317585,-0.8592888951547705,1.2007175368782161,0.3191718091223636,1.5497682995231086,0.5857573586156579,-1.1141248135696689,1.7524684318143962,15,8,7,0.9772706556007835,False
real_vs_rest_in_negative,72,0.11768066439265465,0.8894333454403195,0.1396806537262451,1.1481075597843016,0.29644009724662906,-0.4961201206133841,0.7754814280658744,-0.03412807545739828,0.9862905664970829,0.34870637389520437,-0.8586876238549794,0.7904314729401829,-0.13757816094754302,1.904182672725354,0.7197134004099401,-1.8986534098384769,1.6234970879433908,15,8,7,0.9772706556007835,False
real_vs_rest_in_negative,25,0.1154031600858086,0.8914439653090053,0.15092442792982375,1.18128556282869,0.3050066207967181,-0.5032497120817708,0.8050985679414183,0.23989616181488416,1.3779025186903515,0.4871621073899855,-0.9120591717765237,1.391851495406292,0.4186869009118896,1.096437503534031,0.41441442321079275,-0.5953486625280098,1.432722464351789,15,8,7,0.9772706556007835,False
real_vs_rest_in_negative,67,0.10536580468721259,0.9003634639997888,-0.01979487661653927,1.0807958941205107,0.27906029990520614,-0.6183196929795753,0.5787299397464969,-0.28574038598162954,1.0635353003717118,0.37601651146205456,-1.1748781479841197,0.6033973760208607,-0.12864505679130525,1.9660374178988205,0.7430922965725495,-1.9469264037692158,1.689636290186605,15,8,7,0.9772706556007835,False
real_vs_rest_in_negative,119,0.09464126866489053,0.9099996433711742,-0.16179105689110782,1.4558459919904014,0.37589781877477607,-0.9680116946165866,0.644429580834371,-0.10530975231876927,1.0064260796477507,0.3558253528409584,-0.9467030109780589,0.7360835063405203,-0.36705993154056094,0.8501222240280882,0.32131599839820857,-1.1532918559836185,0.4191719929024965,15,8,7,0.9772706556007835,False
real_vs_rest_in_negative,179,0.09241505449544696,0.9120137846101191,-0.9686734521234389,0.9746981651275977,0.2516659840745408,-1.5084433045682482,-0.4289035996786297,-0.9242413965048264,1.1547501829632927,0.40826584247487535,-1.8896367087178758,0.04115391570822313,-1.1573333977485945,1.3863668498503041,0.5239974158011326,-2.4395088844417288,0.12484208894453985,15,8,7,0.9772706556007835,False
real_vs_rest_in_negative,76,0.09151216748697502,0.9128320253885426,0.3663658225721701,1.4252341515763391,0.3679938755667479,-0.4229025429786716,1.1556341881230119,0.30112862592001577,0.9030109029539047,0.3192625664820467,-0.4538073814091854,1.056064633249217,0.5973570035591875,1.8293483928213312,0.6914287012429912,-1.0945080797340683,2.289222086852443,15,8,7,0.9772706556007835,False
real_vs_rest_in_negative,112,0.08621955434363718,0.9176443381188152,-0.46172399988573176,1.34769815459673,0.3479741672311736,-1.2080543615024366,0.2846063617309731,-0.6728658025475638,1.0353739581256285,0.3660599734272942,-1.5384600932511536,0.19272848815602617,-0.39545597528358095,1.8206423237011222,0.6881381164159895,-2.079269287566449,1.288357336999287,15,8,7,0.9772706556007835,False
real_vs_rest_in_negative,4,0.07850547417131375,0.9247072371452536,-0.8178793680815534,1.4784170106897627,0.3817256307434136,-1.6365994193370539,0.0008406831739472542,-0.7417596970830773,1.3147677878142965,0.46484060922456244,-1.840933074780642,0.3574136806144874,-1.0142721414340046,1.1788096219212312,0.4455481575276645,-2.1044892083442566,0.07594492547624765,15,8,7,0.9772706556007835,False
real_vs_rest_in_negative,103,0.06791500721726286,0.9344989771886609,1.2488622931073339,1.585235922879787,0.40930615527487735,0.37098789999095927,2.1267366862237083,1.0141688352504399,1.677314736169313,0.593020312064723,-0.38810137634492503,2.416439046845805,1.1290360524354817,0.796396527100916,0.30100959367207647,0.3924921103709432,1.86557999450002,15,8,7,0.9772706556007835,False
real_vs_rest_in_negative,26,0.067692761536694,0.9347056504963751,-0.048868524091277336,0.9012612235632834,0.23270464729620774,-0.5479703538287914,0.4502333056462368,-0.008109100772743683,0.718061906389775,0.2538732216599749,-0.6084238775399107,0.5922056759944234,0.12030316369343051,1.4410128141199816,0.5446516488884023,-1.212411410717255,1.4530177381041158,15,8,7,0.9772706556007835,False
real_vs_rest_in_negative,85,0.06280252288284348,0.9392656856607531,-0.44039758747012525,0.9925773981871615,0.25628238220005095,-0.9900686291606573,0.1092734542204068,-0.275163301657854,0.9402352135513261,0.33242334770626214,-1.0612196114397419,0.5108930081240339,-0.3227967402661113,1.5710876547036519,0.5938153174613685,-1.7758104779537518,1.130216997421529,15,8,7,0.9772706556007835,False
real_vs_rest_in_negative,120,0.03472725791486555,0.9659118820406954,-0.005993546736542902,1.5962064057863898,0.4121387217813524,-0.889943190788647,0.8779560973155611,-0.15480601391723506,0.9537661241350843,0.3372072470209643,-0.9521744480358457,0.6425624202013757,0.004449366248450064,1.350915909137122,0.5105982196767933,-1.2449394686522226,1.253838201149123,15,8,7,0.9933915720768739,False
real_vs_rest_in_negative,128,0.030261871864785655,0.9702242926711471,1.3269579006864807,1.3992719372246856,0.36129046064577314,0.5520669302217353,2.101848871151226,1.1742252122218924,1.6035211663888589,0.5669303452648621,-0.16635203115527086,2.514802455599056,1.3537824608078408,2.007765184347218,0.7588639098280702,-0.5030906335566785,3.21065555517236,15,8,7,0.9933915720768739,False
real_vs_rest_in_negative,100,0.028262400859129774,0.9721619645011169,1.8709267123161069,1.5767554108633746,0.40711649648775217,0.9977486702174406,2.744104754414773,1.851712902145434,1.3243839789215823,0.4682404461951362,0.7445001874957886,2.9589256167950793,1.7220025263089855,0.9748086470970232,0.3684430365848641,0.8204548936176387,2.6235501590003323,15,8,7,0.9933915720768739,False
real_vs_rest_in_negative,172,0.023457835371964286,0.9768350458755927,0.17704573487633993,0.7686632021718692,0.19846798539027427,-0.24862575816658553,0.6027172279192654,0.21890620999342017,1.2643552042655928,0.44701706938235153,-0.8381211931440223,1.2759336131308627,0.2697807831546019,0.8826499175442138,0.3336103109362366,-0.5465342403394366,1.0860958066486406,15,8,7,0.9933915720768739,False
real_vs_rest_in_negative,1,0.011682139317542339,0.9883908248920785,-1.3137495756293136,1.5769611045994913,0.40716960638204547,-2.1870415271222567,-0.44045762413637035,-1.2818360600667142,1.5777703050069312,0.5578260409125841,-2.6008850445785994,0.03721292444517066,-1.206568422375111,1.3633081737774686,0.5152820554509728,-2.4674181905404406,0.05428134579021848,15,8,7,0.995891868811535,False
real_vs_rest_in_negative,28,0.009691114560510874,0.9903591362070265,-0.22178497766058827,1.2743006383175373,0.32902301001768686,-0.9274691495651692,0.48389919424399275,-0.23738597250989255,1.0038240057353807,0.35490538078666567,-1.0766038429388138,0.6018318979190288,-0.16153968177960615,0.838997560596532,0.3171112708468954,-0.9374830085465196,0.6144036449873074,15,8,7,0.995891868811535,False
real_vs_rest_in_negative,88,0.001033948562114843,0.9989666253300182,0.24084361778886337,1.0975336518245684,0.28338197036125085,-0.36695025983786506,0.8486374954155917,0.21911964010212803,1.033045349730967,0.36523668603399767,-0.6445278852652423,1.0827671654694984,0.23155528896058922,1.1564890221250106,0.43711176378843614,-0.8380186661282196,1.301129244049398,15,8,7,0.9989666253300182,False
fake_vs_rest_in_negative,125,11.484128071522962,0.0002460589740195472,4.406439676200386,1.1651109119155834,0.30083034388890606,3.7612227593057255,5.051656593095047,2.3861382550368404,1.1749017276953226,0.41539048944057655,1.4038958298246569,3.368380680249024,2.7144947044981356,0.6505812475300364,0.24589659837237582,2.112807403784532,3.316182005211739,15,8,7,0.030852490087224394,True
fake_vs_rest_in_negative,129,10.877934225730964,0.0003428054454136044,1.9001346152154341,1.1575086043310119,0.2988674365110533,1.2591277159344076,2.5411415144964606,0.3325482069222062,0.42055141706942645,0.1486873794237017,-0.019041576368856727,0.6841379902132692,0.21257214796500892,0.8762132462869263,0.33117747787654234,-0.5977899474834065,1.0229342434134243,15,8,7,0.030852490087224394,True
fake_vs_rest_in_negative,107,9.490266056002055,0.0007562439487586332,3.7448597123642577,1.0210230110956493,0.2636270078712,3.1794360153065058,4.310283409422009,1.983000928233444,1.4941135645991561,0.528248916695434,0.7338907289378045,3.2321111275290835,2.1486739137640543,0.18218035351862977,0.06885770131030361,1.9801851883852712,2.317162639142837,15,8,7,0.04537463692551799,True
fake_vs_rest_in_negative,79,8.8519527871481,0.001105979329874265,1.1821243178329686,1.3929414083323461,0.35965592511425876,0.41073907741714377,1.9535095582487934,-0.44951421510292744,0.659127438788317,0.23303674081666997,-1.0005585439501674,0.10153011374431242,-0.6451705757445817,0.8131649176244781,0.30734744955952753,-1.3972226924909732,0.10688154100180969,15,8,7,0.04640655950785106,True
fake_vs_rest_in_negative,123,8.460758891878292,0.0014036755427532315,1.8411319064161764,0.914640755281006,0.23615922753106064,1.3346207389786058,2.347643073853747,0.5977420042636599,0.9780230713574883,0.3457833729568873,-0.2199057452277483,1.415389753755068,0.526835211840401,0.432310295532648,0.16339793302746056,0.1270148730629143,0.9266555506178877,15,8,7,0.04640655950785106,True
fake_vs_rest_in_negative,139,8.303291247419583,0.0015468853169283685,1.563449227393492,1.2013793659928425,0.31019481846450025,0.8981475100897519,2.228750944697232,0.19166680115310092,0.5759284507422315,0.2036214564990472,-0.28982143302919117,0.673155035335393,0.006356899088714697,0.7757738151450986,0.2932149412156748,-0.7111142155046982,0.7238280136821277,15,8,7,0.04640655950785106,True
fake_vs_rest_in_negative,175,7.8336381700493085,0.002075531781395519,4.446196506007268,1.0652057100130552,0.2750349316777073,3.856305245832538,5.036087766181997,2.6551147181520838,1.2400764302122707,0.43843322649635147,1.6183848780747392,3.6918445582294286,3.4083614785501757,0.7943349833823755,0.3002304033869128,2.673724146428701,4.14299881067165,15,8,7,0.04891398023442486,True
fake_vs_rest_in_negative,81,7.7605489203964115,0.002173954677085549,0.9864940342459092,1.272792819238277,0.3286336928054822,0.28164486471544203,1.6913432037763765,-0.36372241889609935,0.8364827649671134,0.29574131772695944,-1.0630395109912745,0.3355946731990759,-0.9157484999805231,1.1639335318033885,0.43992552396583634,-1.9922074781936923,0.16071047823264617,15,8,7,0.04891398023442486,True
fake_vs_rest_in_negative,12,6.2819911010063905,0.0057525558730590325,1.604408994387773,1.2931085776872846,0.3338791990813875,0.8883093328253548,2.3205086559501913,-0.007355901557114464,0.9703376811760642,0.34306617720021254,-0.8185785040659646,0.8038667009517355,0.4806530238194666,0.6811224578100444,0.25744009082092306,-0.14928018537008958,1.1105862330090228,15,8,7,0.10464141921624799,False
fake_vs_rest_in_negative,128,6.266576773757964,0.005813412178680443,1.6968165813550309,0.9843275575579348,0.2541522825089936,1.1517141491258165,2.241919013584245,0.5830976195763465,0.81241961804236,0.28723371054336877,-0.09610217824948519,1.2622974174021784,0.4665567167754047,0.8134662151443074,0.30746132931782877,-0.28577405370117953,1.218887487251989,15,8,7,0.10464141921624799,False
fake_vs_rest_in_negative,169,5.47061249553166,0.010125293232477106,0.29653506314657757,1.2025543276588053,0.31049819226214737,-0.369417326239819,0.9624874525329741,-0.8670843941445199,0.9804249814478361,0.3466325764132299,-1.6867401907233321,-0.04742859756570761,-1.1335961061993718,0.8547058368619115,0.3230484412074229,-1.9240671654837267,-0.3431250469150169,15,8,7,0.16568661653144356,False
fake_vs_rest_in_negative,75,5.1588858937858815,0.01266335568730042,1.146126990964593,1.2534553731103302,0.32364078568470084,0.4519865421607877,1.8402674397683985,-0.2568051700719902,1.194146616250283,0.42219458504077245,-1.2551367247505527,0.7415263846065724,-0.31272931204660553,1.1641882685559644,0.44002180540827973,-1.3894238824623348,0.7639652583691239,15,8,7,0.1899503353095063,False
fake_vs_rest_in_negative,10,3.717725643704005,0.03748286689167525,0.14774234384408524,0.8297598536432556,0.21424307296745548,-0.311763347035116,0.6072480347232865,-0.7889299925739807,0.8761209594451876,0.3097555357816782,-1.5213854445484531,-0.05647454059950807,-0.42013923816762816,0.6772489183545422,0.2559760305219437,-1.046490020860821,0.20621154452556462,15,8,7,0.518993541577042,False
fake_vs_rest_in_negative,130,3.591797856246967,0.04138769875844783,0.5242314006907297,1.2073687019027803,0.311741258346769,-0.14438710028616542,1.1928499016676248,-0.405453181626803,0.7198646218490564,0.2545105778228787,-1.0072750662336745,0.1963687029800686,-0.7294904440196365,1.3148149677407956,0.4969533463867939,-1.945491476759638,0.486510588720365,15,8,7,0.5321275554657579,False
fake_vs_rest_in_negative,104,3.271594286332976,0.0534259404883882,2.144184425419078,0.9470749033247924,0.24453368854586136,1.619711825478476,2.6686570253596797,1.1409299753818574,0.92413083788527,0.3267295910861402,0.3683372605865768,1.913522690177138,1.5829991690925682,0.8298133872239948,0.31363997959811896,0.8155497860210617,2.3504485521640746,15,8,7,0.5956014359967525,False
fake_vs_rest_in_negative,124,3.256736283179909,0.05406902083924639,4.223404243670562,1.2238618220299065,0.31599976365205956,3.5456521572044526,4.901156330136672,2.829091820371032,1.3956459545446602,0.4934353592970506,1.6623026031838273,3.9958810375582368,3.6023395841621233,1.1440771998521027,0.4324205359239723,2.5442446501312928,4.660434518192954,15,8,7,0.5956014359967525,False
fake_vs_rest_in_negative,76,3.2076962858851905,0.05625124673302662,0.9923763873620485,1.3989477603469898,0.36120675853587036,0.21766494006837311,1.7670878346557237,-0.18842633187503943,1.1214722759338214,0.396500325612758,-1.1260006175834025,0.7491479538333237,-0.13825465404868784,1.0098998381965891,0.3817062601360776,-1.0722562256318842,0.7957469175345085,15,8,7,0.5956014359967525,False
fake_vs_rest_in_negative,11,3.100742800274072,0.06134573036560586,-0.3682065388564784,1.1837715081813376,0.3056484891267438,-1.0237573495177081,0.28734427180475136,-1.3145888462703272,0.8735908910028735,0.30886102150546496,-2.04492910809387,-0.5842485844467844,-1.2977856621709642,0.7965705268279707,0.3010753593872164,-2.0344905271432774,-0.5610807971986509,15,8,7,0.6131241571886134,False
fake_vs_rest_in_negative,26,3.035055449476443,0.06471866103657585,0.4211752840023985,1.212072884640989,0.31295587310694223,-0.2500483065430646,1.0923988745478617,-0.42179200790899674,1.2448854002402294,0.4401334541549977,-1.462542247541205,0.6189582317232116,-0.9303600602239229,1.4030911853851868,0.530318620468004,-2.228002977529938,0.3672828570820922,15,8,7,0.6131241571886134,False
fake_vs_rest_in_negative,74,2.7191336632797753,0.08397162561932917,-0.07792485737775481,1.3790183484714154,0.3560610065162832,-0.8415997642404934,0.6857500494849839,-0.7270153099782414,0.8348013528590569,0.29514684877517144,-1.4249267063731996,-0.029103913583283014,-1.2758735668312708,0.8750408706539138,0.33073436153824187,-2.0851513956600627,-0.4665957380024788,15,8,7,0.6645943773929772,False
fake_vs_rest_in_negative,80,2.68539172118894,0.08636593437295496,-0.08199637119529513,1.3001804146921716,0.33570513954452225,-0.8020122855559751,0.6380195431653849,-1.0014765730852022,0.6679977783722011,0.23617287945226592,-1.5599366914065294,-0.4430164547638751,-1.059519615124097,1.0843954792893797,0.40986296586319876,-2.0624181636401877,-0.056621066608006254,15,8,7,0.6645943773929772,False
fake_vs_rest_in_negative,73,2.613142324892172,0.09174292700137922,-0.019351010749205654,1.0715676070754676,0.2766775664359079,-0.6127653720864347,0.5740633505880234,-0.5591016841430225,0.9543133704911708,0.33740072782564845,-1.3569276276646072,0.238724259378562,-1.0615084327969915,0.9697260536960232,0.366521996848535,-1.9583554505909944,-0.1646614150029887,15,8,7,0.6645943773929772,False
fake_vs_rest_in_negative,111,2.6097332978920664,0.09200536270922863,-0.15162927019249597,1.3856321012551531,0.35776867014210645,-0.9189667512673417,0.6157082108823498,-0.9026298043356444,1.149121722065121,0.4062758810405051,-1.8633196054812478,0.05805999680995888,-1.4074161390964939,1.0456025206290536,0.39520060568667986,-2.3744371847309047,-0.4403950934620833,15,8,7,0.6645943773929772,False
fake_vs_rest_in_negative,56,2.6027672367949592,0.09254413872969292,0.1024843661497274,0.7872735696478371,0.20327316161035586,-0.3334932048831282,0.5384619371825831,-0.5560891920378276,0.8436445852014458,0.2982734035536272,-1.2613937156858557,0.1492153316102005,-0.4995902022237836,0.5701778364844103,0.21550696548837148,-1.0269167500815717,0.02773634563400451,15,8,7,0.6645943773929772,False
fake_vs_rest_in_negative,82,2.4804773118963848,0.10257565336922546,0.5108950027141791,1.0418979890478395,0.269016904001952,-0.0660888718140693,1.0878788772424275,0.030942554920460386,0.8355941059553214,0.2954271293202591,-0.6676315996486619,0.7295167094895827,-0.4022657263258566,0.6733263614949462,0.25449344338565777,-1.0249887489849163,0.22045729633320305,15,8,7,0.6645943773929772,False
fake_vs_rest_in_negative,153,2.45317961797815,0.1049706611365295,1.0690097847920816,1.442916932334277,0.3725595499260899,0.2699490216539555,1.8680705479302078,-0.2855893948961861,1.6394664719711654,0.5796389299293979,-1.656217665774531,1.0850388759821588,0.9329214202485883,1.1573584203165082,0.4374403654177207,-0.13745659406122246,2.003299434558399,15,8,7,0.6645943773929772,False
fake_vs_rest_in_negative,145,2.414985519611648,0.10842302732669301,-0.5661382511824892,1.0008077628767738,0.2584074532251231,-1.1203671169184757,-0.011909385446502552,-0.6136635334767355,0.7922141333718602,0.2800899929295331,-1.2759711233863609,0.04864405643288994,-1.5928035750987575,1.4295324709115576,0.5403124870176653,-2.9149006029039004,-0.27070654729361476,15,8,7,0.6645943773929772,False
fake_vs_rest_in_negative,28,2.410074383955357,0.10887571958367714,0.23732762461022153,1.0327572622057148,0.2666567784798333,-0.3345942841163717,0.8092495333368147,-0.4742258971401483,0.49876859101859533,0.17634132647605424,-0.8912068742834669,-0.057244919996829735,-0.4331908395118434,0.7640584399857648,0.28878694561747187,-1.1398270391991958,0.27344536017550897,15,8,7,0.6645943773929772,False
fake_vs_rest_in_negative,178,2.355006579026922,0.1140930305198832,1.2998355047669707,1.0053300644108678,0.25957510646032805,0.7431022719160124,1.8565687376179292,0.4051772452081839,0.9148619566318563,0.32345254669198936,-0.3596664909391415,1.1700209813555094,0.8958331319483145,0.8362390328446708,0.31606864535888185,0.12244101784432715,1.6692252460523018,15,8,7,0.6645943773929772,False
fake_vs_rest_in_negative,170,2.353688399844477,0.11422116402792151,0.09793236314766092,0.9830640603530454,0.25382604893349253,-0.446470367651667,0.6423350939469888,0.2839354019505663,1.2271088558435788,0.43384849661053004,-0.7419532746517629,1.3098240785528956,-0.8047261979388202,0.9806051328033778,0.37063390225017195,-1.7116346857908753,0.10218228991323508,15,8,7,0.6645943773929772,False
fake_vs_rest_in_negative,144,2.25381696489441,0.12439348573955367,-1.125051990110923,0.9893433683929652,0.25544735929778023,-1.6729320857965584,-0.5771718944252877,-0.4782807963839728,0.8243973540223324,0.29146847971071904,-1.1674942320828183,0.21093263931487272,-1.4913790574526578,0.9875116616163062,0.37324432477327346,-2.404675019112986,-0.5780830957923296,15,8,7,0.6645943773929772,False
fake_vs_rest_in_negative,63,2.237180463577317,0.12618054140507162,-0.12733004682918156,1.1098754250021967,0.2865686024932258,-0.7419585706318611,0.48729847697349793,-0.7115543378309991,1.344804710255741,0.47546026499672234,-1.8358392111109803,0.4127305354489822,-1.2379521373288218,1.118505701344079,0.42275541796633087,-2.2723973796863857,-0.20350689497125796,15,8,7,0.6645943773929772,False
fake_vs_rest_in_negative,25,2.2300139401706036,0.12695883348558235,0.25668045216908436,0.9907404361821279,0.25580808064984356,-0.2919733138705041,0.8053342182086729,-0.4065929225043275,0.7320230508500786,0.2588092316204777,-1.0185795081302031,0.2053936631215481,-0.3442289965472483,0.37746836713755383,0.14266963246279904,-0.6933290110189696,0.004871017924473031,15,8,7,0.6645943773929772,False
fake_vs_rest_in_negative,116,2.2079543296448043,0.12938706782744464,-1.263953760539168,0.8653708508561843,0.22343779291062293,-1.7431801643516072,-0.7847273567267288,-0.45047364139783597,0.9825348248136743,0.3473785186888428,-1.271893311171851,0.37094602837617885,-0.9060010500448882,0.8218846425641888,0.3106431958011507,-1.666117567328274,-0.14588453276150248,15,8,7,0.6645943773929772,False
fake_vs_rest_in_negative,174,2.171091989789395,0.13355675712987472,3.845005937590862,1.1991816604886212,0.3096273733433191,3.180921269029155,4.509090606152569,2.6855176084809487,1.4866520005417632,0.5256108554238138,1.44264543284537,3.9283897841165274,3.2743748837456415,1.2210984665885956,0.46153183841653395,2.145047158643495,4.403702608847787,15,8,7,0.6645943773929772,False
fake_vs_rest_in_negative,43,2.158635167117039,0.13499825348840547,-0.08628427021399823,1.0296452171049986,0.2658532518899853,-0.6564827858072975,0.48391424537930106,-0.8473709127655797,0.7436035287218515,0.26290354883673345,-1.4690390201747276,-0.22570280535643195,-0.7877508348041983,1.0479739859135393,0.3960969353131902,-1.7569651200242493,0.18146345041585277,15,8,7,0.6645943773929772,False
fake_vs_rest_in_negative,117,2.144866130187871,0.13661106646411197,-0.8943714063793526,0.831065117253687,0.21458009058249627,-1.354599928152887,-0.4341428846058181,-0.15737191468360592,1.0245513786350333,0.36223361375342905,-1.0139183025070577,0.6991744731398458,-0.6511741867908922,0.37092566606896277,0.1401967239013521,-0.9942232119968111,-0.30812516158497333,15,8,7,0.6645943773929772,False
fake_vs_rest_in_negative,40,1.908051573237775,0.16784623668503357,0.32074624953512004,1.193663972382578,0.3082027124003676,-0.34028282520134784,0.9817753242715879,-0.4922988039656264,0.7706343014824337,0.2724603701965936,-1.1365652029304394,0.15196759499918655,-0.4724478089175106,1.3031208081478336,0.4925333695189542,-1.6776335478778086,0.7327379300427874,15,8,7,0.7114018044888084,False
fake_vs_rest_in_negative,85,1.900538430887726,0.1689550431153243,-0.3804900957678961,0.8855166794509209,0.22863942348682054,-0.8708728875956301,0.10989269605983787,-0.36665732540545887,1.181332782688666,0.41766421073856486,-1.3542762471402285,0.6209615963293109,-1.2399676279626735,1.135513612787208,0.42918380425192076,-2.2901425649061853,-0.18979269101916185,15,8,7,0.7114018044888084,False
fake_vs_rest_in_negative,29,1.8797337512459027,0.17206670524992232,-0.7177825706477204,1.5187957316379808,0.3921513716616539,-1.558863612236343,0.12329847094090207,0.5192403393013617,1.7828431189091138,0.6303302295862043,-0.9712538080902243,2.0097344866929476,-0.7018287182255095,1.2523674471349047,0.4733504021702555,-1.8600754270401496,0.45641799058913046,15,8,7,0.7114018044888084,False
fake_vs_rest_in_negative,45,1.8763109972811807,0.17258450095569744,-0.5048080972694234,1.2700746381679038,0.32793186147098013,-1.208151988296487,0.1985357937576402,0.4782253799782895,1.4668219613902953,0.518599877846215,-0.7480684680499258,1.7045192280065047,0.31890307643920884,1.1250574056968525,0.4252317294493392,-0.7216014818332543,1.3594076347116721,15,8,7,0.7114018044888084,False
fake_vs_rest_in_negative,54,1.8753819518958155,0.1727253359549324,-0.16891275557031288,0.8513165610105651,0.21980899087629927,-0.6403561530864456,0.3025306419458198,-0.8802549644554548,0.7735376669698246,0.2734868649087921,-1.526948637710864,-0.23356129120004554,-0.8615525587860936,1.4333589908213924,0.5417587755988453,-2.1871885272607012,0.46408340968851414,15,8,7,0.7114018044888084,False
fake_vs_rest_in_negative,8,1.8500172655933842,0.17661848394936727,0.7918437215466164,1.1557714361497748,0.2984189016153538,0.15179883393895277,1.4318886091542802,-0.012842990651771455,0.9314503124692959,0.32931741614268384,-0.7915549393346346,0.7658689580310918,0.07624977602861462,1.103976670860248,0.41726396061617477,-0.9447583542587951,1.0972579063160244,15,8,7,0.7114018044888084,False
fake_vs_rest_in_negative,9,1.8423710846328505,0.1778104811464323,0.5135693692368319,1.1714848317371873,0.30247608291018163,-0.13517730680244755,1.1623160452761114,-0.36324893743938735,1.2160599391703637,0.4299421146583323,-1.3799004885415656,0.6534026136627907,-0.14527423292283256,0.8898769743014905,0.33634188163490847,-0.9682731691316917,0.6777247032860265,15,8,7,0.7114018044888084,False
fake_vs_rest_in_negative,152,1.842115648212814,0.1778504511222021,1.0076080707397483,1.6820741240443466,0.4343096713006789,0.07610646930009524,1.9391096721794014,-0.16247975330727776,1.9321028343446816,0.6831015080574364,-1.7777581455594953,1.4527986389449399,1.3425156983725874,1.17288073174041,0.44330724767494084,0.25778194033831237,2.4272494564068623,15,8,7,0.7114018044888084,False
fake_vs_rest_in_negative,158,1.783037782637729,0.18735923446765732,0.42600442490340823,1.94038796801409,0.5010060190199881,-0.6485466152573562,1.5005554650641728,-0.7644403483104381,1.4800231789488816,0.5232672130740126,-2.001770690408617,0.4728899937877409,0.7963722090531669,1.4685500235995341,0.5550597357574861,-0.5618100364652261,2.15455445457156,15,8,7,0.7220843054537421,False
fake_vs_rest_in_negative,97,1.7759018906291095,0.18854423531292158,-0.33903746566035003,0.8077784568865471,0.20856750072978153,-0.7863702647578723,0.10829533343717224,-0.0726657030735885,1.5570933090699783,0.5505156188917911,-1.3744282863857282,1.2290968802385513,-1.1082121118946338,1.0807685790891968,0.4084921264403796,-2.1077563371810117,-0.10866788660825588,15,8,7,0.7220843054537421,False
fake_vs_rest_in_negative,100,1.7115311054357831,0.19960495673160952,1.8875670996950478,0.9856150605738009,0.25448471435823633,1.3417516720609377,2.433382527329158,1.2094396404934513,1.017820852115416,0.3598540132819404,0.3585201136539833,2.060359167332919,1.2272398942064697,0.974603409590359,0.36836546409881604,0.3258820745505566,2.1285977138623826,15,8,7,0.729816600346781,False
fake_vs_rest_in_negative,83,1.6822138247379823,0.20487170173165892,-0.11965065910488197,1.0667518134785845,0.27543413387594123,-0.7103981228401709,0.471096804630407,-0.35764649576847574,0.7702924340584585,0.2723395018097137,-1.0016270864144217,0.2863340948774702,-1.0015302605836214,1.2772574718733514,0.4827579472537091,-2.1827964029531444,0.17973588178590183,15,8,7,0.729816600346781,False
fake_vs_rest_in_negative,24,1.6798465459180434,0.2053034405707841,3.6884013633275727,1.2217329330252502,0.31545008687466236,3.011828216296282,4.364974510358863,2.656660460193879,1.5281197004236595,0.5402719013171625,1.3791204198851732,3.934200500502585,3.078600784367708,1.2978276678965128,0.4905327505532998,1.878310383664095,4.278891185071321,15,8,7,0.729816600346781,False
fake_vs_rest_in_negative,160,1.6717831642366947,0.2067813700982546,0.7375358108127054,1.897682677565056,0.48997956043971735,-0.3133658277702175,1.7884374493956283,-0.4319416216067893,1.6031398888443686,0.5667955432962505,-1.772200108979811,0.9083168657662324,0.9603351739086589,1.0321773455665029,0.39012636646910626,0.005730344351273731,1.914940003466044,15,8,7,0.729816600346781,False
fake_vs_rest_in_negative,154,1.622407950005356,0.21608422087657972,0.12223113210182229,1.9341773497604335,0.49940244428225045,-0.9488805823083613,1.193342846512006,-1.0115595955726289,1.3616902682361391,0.4814302112727514,-2.1499611485976144,0.1268419574523567,0.3020355944103842,0.9287193406799908,0.3510229161735897,-0.5568865391982428,1.160957728019011,15,8,7,0.747983841495853,False
fake_vs_rest_in_negative,173,1.5760197562033869,0.22523477971616712,3.3480809669704237,1.1183623425996019,0.2887599151942514,2.728752544857519,3.967409389083328,2.450287353099298,1.4813816698495799,0.5237475121380446,1.2118212841862919,3.6887534220123044,2.752338835814534,1.0680991504211845,0.4037035325105463,1.764511877765386,3.7401657938636816,15,8,7,0.7532450117026159,False
fake_vs_rest_in_negative,148,1.5558059961577828,0.2293515821093892,-0.8643324761541596,1.0299256562586128,0.2659256609680901,-1.4346862937742624,-0.2939786585340568,-0.13813929570681605,0.5110406678697663,0.18068016085640698,-0.5653799858495612,0.28910139443592914,-0.5550280674312,1.106480554997476,0.4182103398645783,-1.5783519043172058,0.4682957694548058,15,8,7,0.7532450117026159,False
fake_vs_rest_in_negative,16,1.5198503533257313,0.23687552928564343,0.7996369692168128,1.7076340860464638,0.44090922511160513,-0.1460192673827122,1.745293205816338,-0.2983075539110781,1.836342784580864,0.6492452177800582,-1.8335285411044424,1.236913433282286,0.9971502388990476,1.1135376622850461,0.42087767570149426,-0.03270033365729175,2.027000811455387,15,8,7,0.7532450117026159,False
fake_vs_rest_in_negative,18,1.5152083435755963,0.23786606008618016,0.11989174012320497,1.4158190286138506,0.36556290127100033,-0.6641627041194469,0.9039461843658569,-0.890892076582347,1.5028340375302844,0.5313320694678113,-2.1472927736949154,0.3655086205302215,-0.04979916126557503,0.9311161112385906,0.35192881029469486,-0.9109379379350169,0.8113396154038668,15,8,7,0.7532450117026159,False
fake_vs_rest_in_negative,159,1.4977477525442697,0.24163189969481225,0.6108206165678869,1.6852672356719782,0.4351341291777721,-0.32244927115130484,1.5440905042870785,-0.3768693875482749,1.7975415514189566,0.6355269102364656,-1.8796517320332518,1.125912956936702,0.986494943922249,1.1915382448430616,0.45035912478244733,-0.11549413577920165,2.0884840236236997,15,8,7,0.7532450117026159,False
fake_vs_rest_in_negative,94,1.492792401451972,0.2427122815486207,0.7044179512842785,1.4658474722461539,0.3784801898726395,-0.10734132159516141,1.5161772241637186,-0.02244842778980914,1.0077596850344228,0.3562968535471298,-0.8649566084535547,0.8200597528739364,-0.18316840641186313,1.102480326315032,0.4166983955387019,-1.2027926488086107,0.8364558359848845,15,8,7,0.7532450117026159,False
fake_vs_rest_in_negative,102,1.4549694612379334,0.2511315127243363,0.9647927227150912,1.247271461283473,0.322044106516712,0.274076810135664,1.6555086352945185,0.2194108849846564,0.8535410020709792,0.30177231529257514,-0.4941672502154707,0.9329890201847836,0.3987915061081261,0.8852472308956807,0.3345920031083636,-0.41992563159606633,1.2175086438123186,15,8,7,0.7661639371250938,False
fake_vs_rest_in_negative,86,1.366300260334684,0.2721239225051718,-0.5821391892614493,0.9246512126755706,0.23874391651619847,-1.0941939632267512,-0.07008441529614728,-0.20467941298120376,1.3451593148223198,0.4755856366435561,-1.3292607430977503,0.9199019171353429,-1.0897457808754094,0.851837423761958,0.32196428296172624,-1.8775640004998526,-0.3019275612509662,15,8,7,0.7813820566145189,False
fake_vs_rest_in_negative,89,1.3438127989699078,0.2777423129308705,0.07696210901419084,0.9002972663425363,0.23245575461204707,-0.42160589900761536,0.575530117035997,-0.3807456476801161,1.1280237680943983,0.3988166278795752,-1.3237971179026145,0.5623058225423823,-0.6977019888028126,1.3630942945415856,0.5152012166982948,-1.9583539516661823,0.562949974060557,15,8,7,0.7813820566145189,False
fake_vs_rest_in_negative,53,1.317077895255722,0.2845845117408437,0.7407417028091238,1.2103624462957798,0.31251423982522825,0.07046532144722217,1.4110180841710254,-0.0021925458518976537,1.2956044532573285,0.45806534731687315,-1.0853449749316475,1.0809598832278522,0.1491742396753452,0.7486620265926072,0.2829676483430948,-0.5432226525459982,0.8415711318966885,15,8,7,0.7813820566145189,False
fake_vs_rest_in_negative,110,1.279414021103521,0.29453266526047517,0.7097149356920673,0.9823686632331275,0.2536464981691963,0.1656973029818074,1.2537325684023273,0.23424834527321797,0.5523799636917454,0.195295809059006,-0.22755286106214134,0.6960495516085773,0.2151542794626083,0.6994316506453842,0.26436031524215653,-0.43171210887584704,0.8620206678010636,15,8,7,0.7813820566145189,False
fake_vs_rest_in_negative,23,1.229103947049151,0.30840787483466797,0.7947092854170755,1.4304286182482706,0.36933508109426927,0.00256432010504426,1.5868542507291068,-0.14250946754353933,1.450551441802194,0.5128473804791275,-1.3552008207903157,1.0701818857032372,0.7561936394038972,1.404341704177959,0.5307912721445023,-0.542605814890805,2.054993093698599,15,8,7,0.7813820566145189,False
fake_vs_rest_in_negative,98,1.221907262085944,0.3104494011569215,-0.3517993217279248,1.0418156839695412,0.2689956529221148,-0.9287376172230346,0.225138973767185,0.3543837681365757,1.991365319266404,0.7040539605364942,-1.3104393013779672,2.0192068376511187,-0.7413785079486842,1.272546514636778,0.48097737278441866,-1.9182877415474544,0.4355307256500861,15,8,7,0.7813820566145189,False
fake_vs_rest_in_negative,51,1.2207570131522587,0.3107770422715656,0.2651934849903596,1.1350106886177274,0.293058499652258,-0.36335448384496777,0.8937414538256869,-0.41534988497976927,0.8606799346115973,0.30429630909752736,-1.1348963171419564,0.3041965471824178,-0.18797499340999685,1.023219270138866,0.3867405322109226,-1.1342949849950197,0.7583449981750259,15,8,7,0.7813820566145189,False
fake_vs_rest_in_negative,99,1.205168011153677,0.31525428520450255,1.3666392919333434,0.8207579635383973,0.2119187949367551,0.9121186816334081,1.8211599022332787,0.9985016017781654,1.0385132388728564,0.3671698767795008,0.13028280669102354,1.8667203968653072,0.7321094122343924,1.0296667018465948,0.3891774323385973,-0.2201734591530944,1.6843922836218792,15,8,7,0.7813820566145189,False
fake_vs_rest_in_negative,176,1.1850818666510017,0.32112554399350357,0.7725214683036068,1.192669356750503,0.30794590374844066,0.1120431933451339,1.4329997432620796,0.2758175343637168,1.2395647663670477,0.4382523260090289,-0.7604845440341799,1.3121196127616135,0.03354873826380742,0.7737923603442631,0.29246602169608543,-0.6820898362815684,0.7491873128091833,15,8,7,0.7813820566145189,False
fake_vs_rest_in_negative,7,1.1767134952405767,0.32360621425298347,-0.3487095000088237,1.8114850622666756,0.46772343187082266,-1.351876490312594,0.6544574902949466,-1.3642853169473674,1.7091059569137899,0.604260205950032,-2.7931336542092637,0.06456302031452865,-0.3042440658146686,0.9207818789770345,0.3480228376440008,-1.155825271714879,0.5473371400855418,15,8,7,0.7813820566145189,False
fake_vs_rest_in_negative,41,1.166233049655124,0.3267420436524666,0.043750755730086625,1.030556043121027,0.26608842615607664,-0.5269521584984662,0.6144536699586394,-0.5353481454362997,0.7615104073551047,0.2692345864924623,-1.171986778023931,0.1012904871513316,-0.5230023919441661,1.2660380889633092,0.47851741910462625,-1.6938923357305846,0.6478875518422526,15,8,7,0.7813820566145189,False
fake_vs_rest_in_negative,38,1.1455494380189188,0.3330269199066709,-0.3686268964776509,0.9375597413551563,0.2420768842895369,-0.8878301753544682,0.15057638239916638,0.2849927540388618,1.1495234016744589,0.40641789622831864,-0.6760328596639399,1.2460183677416636,0.11575494335549374,1.217245920707985,0.4600757129430252,-1.0100097710687699,1.2415196577797571,15,8,7,0.7813820566145189,False
fake_vs_rest_in_negative,163,1.1395873318905365,0.3348625693021713,-0.2380040952702588,1.5039014704047575,0.3883056899476315,-1.070836969912677,0.5948287793721594,-0.9810703124771907,1.1298181622055348,0.3994510420016281,-1.9256219337182483,-0.03651869123613305,-0.09947128516505115,0.7688569636313018,0.2906006170783796,-0.810545379044182,0.6116028087140798,15,8,7,0.7813820566145189,False
fake_vs_rest_in_negative,13,1.1357220774659071,0.33605843191848617,0.4365480125113239,1.8568772091588919,0.47944363380163296,-0.591756310873357,1.4648523358960048,-0.6441614344144695,2.082979278587632,0.7364443864801886,-2.3855756906348926,1.0972528218059534,0.5163657403387306,1.0829803898554404,0.409328112331039,-0.48522406873089163,1.5179555494083528,15,8,7,0.7813820566145189,False
fake_vs_rest_in_negative,149,1.1260807871118705,0.33906136632612166,-0.8839057727788898,0.8251056428758142,0.21304136091465284,-1.3408340476445295,-0.42697749791325007,-0.4451426359887235,1.0324791806197609,0.36503651502508155,-1.308316832133945,0.418031560156498,-1.1793566726819478,1.1521554650713115,0.43547383318037935,-2.2449227559545495,-0.11379058940934605,15,8,7,0.7813820566145189,False
fake_vs_rest_in_negative,55,1.1141320860207657,0.34282303299016337,0.050890695433808274,1.0504412304594315,0.271222759449267,-0.5308242684933123,0.6326056593609289,-0.6336698119498351,0.9062418315875266,0.32040487225522857,-1.3913069432130365,0.12396731931336635,-0.41308126089301134,1.3992001893133588,0.5288479621882346,-1.707125607025274,0.8809630852392515,15,8,7,0.7813820566145189,False
fake_vs_rest_in_negative,3,1.0932280401735848,0.3495122430212222,0.5896440272809883,1.4926730036927052,0.3854065123090166,-0.2369707297562198,1.4162587843181964,-0.21676800423659848,1.544671861686522,0.5461239740532943,-1.5081459976592464,1.0746099891860494,0.738311779423232,1.0172150943124425,0.38447116705883366,-0.20245527567656896,1.679078834523033,15,8,7,0.7813820566145189,False
fake_vs_rest_in_negative,19,1.0896518418193661,0.35067058896929454,0.10955656505587677,1.672373943359362,0.431805095417469,-0.8165732553705878,1.0356863854823413,-0.8511402023370628,1.8142344121354421,0.6414287277414803,-2.3678781276228724,0.6655977229487468,0.20482814103313624,1.2730377794539207,0.48116305343213794,-0.9725354367430665,1.382191718809339,15,8,7,0.7813820566145189,False
fake_vs_rest_in_negative,140,1.081366605106723,0.35337008523491265,0.4418658731340805,1.268288403762649,0.32747065773071515,-0.26048883425044483,1.1442205805186059,0.028203555179777073,1.0141096831641314,0.35854191691614923,-0.8196133567727144,0.8760204671322687,-0.24160109773078758,0.39447924543426616,0.14909914011364,-0.606433550670379,0.1232313552088038,15,8,7,0.7813820566145189,False
fake_vs_rest_in_negative,162,1.0700688453416225,0.3570871502725085,-0.16994738270236584,1.4351226471826766,0.3705470741535739,-0.9646918145938426,0.6247970491891108,0.7188780183498633,1.767771604086557,0.6250016444193125,-0.7590160273294129,2.1967720640291395,-0.110563832868728,0.9587623848456691,0.3623781195292632,-0.9972711481405137,0.7761434824030577,15,8,7,0.7813820566145189,False
fake_vs_rest_in_negative,20,1.049593193106251,0.3639312854634579,0.22267098907181282,2.0121741369790636,0.5195411281459463,-0.8916339064014107,1.3369758845450364,-0.656975528902281,2.011182083867577,0.7110602448518277,-2.3383658282224156,1.024414770417854,0.7705396540754086,1.6956073151910724,0.6408793253167843,-0.7976355621960289,2.338714870346846,15,8,7,0.7813820566145189,False
fake_vs_rest_in_negative,101,1.039810031217314,0.3672510011528885,0.7168985052694875,1.1998226603336493,0.3097928787916334,0.05245886282545842,1.3813381477135165,0.13097921585380523,0.8491046974245745,0.3002038447431341,-0.5788900758472045,0.840848507554815,0.11297410725278316,1.2388796736580652,0.468252502976014,-1.0327984916075248,1.2587467061130913,15,8,7,0.7813820566145189,False
fake_vs_rest_in_negative,27,1.0306511512207703,0.3703883708723281,-0.26391121599740824,1.6825609903139422,0.4344353796309438,-1.195682434990374,0.6678600029955575,0.6815476116830368,1.6857930708480842,0.5960178560369871,-0.7278106650843594,2.090905888450433,-0.16352353996943117,0.9336725765054538,0.35289506334205123,-1.0270266526716543,0.6999795727327919,15,8,7,0.7813820566145189,False
fake_vs_rest_in_negative,151,1.028971442805404,0.37096687168348236,-0.053727480555055315,1.379184934446922,0.3561040188302064,-0.817494639656113,0.7100396785460025,0.714212930815526,1.8525686905797774,0.6549819418614217,-0.8345732532653266,2.2629991148963784,-0.21989825317564574,0.699070211308822,0.264223704013788,-0.8664303658804066,0.42663385952911514,15,8,7,0.7813820566145189,False
fake_vs_rest_in_negative,171,1.0220242259582535,0.3733698594074236,0.16519544480720522,1.3457084071963168,0.3474604166615096,-0.5800330314267741,0.9104239210411846,-0.2964247266525105,0.7888196642999528,0.27888986687989625,-0.9558944694001964,0.36304501609517537,-0.5961020295036696,1.3266156098385564,0.5014135698584445,-1.8230168359152081,0.6308127769078689,15,8,7,0.7813820566145189,False
fake_vs_rest_in_negative,90,1.0164043382887828,0.37532596692582376,0.40767613981833883,1.5092547771762672,0.3896879078125112,-0.42812129730047566,1.2434735769371534,-0.28612987669231027,0.9417044102699313,0.33294278718757353,-1.0734144656689417,0.5011547122843213,-0.27681625219441003,1.2422837933702429,0.4695391392890875,-1.425737136697291,0.8721046323084711,15,8,7,0.7813820566145189,False
fake_vs_rest_in_negative,46,0.9990020307898989,0.3814533035277447,-0.4606953595472012,1.0995956782827918,0.2839143833033934,-1.0696311493647122,0.14824043027030975,0.16346196031699714,1.6277054243469087,0.575480771664913,-1.1973338286871855,1.5242577493211797,0.20701763260818049,1.0582428670326187,0.39997820755375746,-0.7716937836548345,1.1857290488711956,15,8,7,0.7813820566145189,False
fake_vs_rest_in_negative,66,0.9985739011432573,0.3816053951591711,1.0450818035120248,1.0944245539429505,0.28257920474010184,0.43900968690305486,1.6511539201209948,0.5246750463358423,1.038979518842339,0.3673347316436771,-0.3439335685611238,1.3932836612328083,0.5256608371604384,0.7172249813715755,0.27108556211316037,-0.13766163744855187,1.1889833117694288,15,8,7,0.7813820566145189,False
fake_vs_rest_in_negative,88,0.997438648091175,0.382009005455987,0.8354749994833014,1.397364797431386,0.3607980392685506,0.06164016783326898,1.6093098311333338,0.20692268599491032,1.2676673378207859,0.4481880854308878,-0.8528737300899054,1.266719102079726,0.0960815722635965,1.2255452134569589,0.46321255075324036,-1.0373587077736022,1.2295218523007954,15,8,7,0.7813820566145189,False
fake_vs_rest_in_negative,166,0.9504821366656615,0.39911157099575906,0.4842506628236435,1.1694236619511356,0.30194389115984266,-0.16335457543408938,1.1318559010813765,-0.24168460636489364,1.5761774230453311,0.5572628720942456,-1.5594019082311945,1.0760326955014072,-0.16101237723182193,1.5424111588074139,0.5829766208021956,-1.5875047796131665,1.2654800251495226,15,8,7,0.7999821983019049,False
fake_vs_rest_in_negative,112,0.9481260541443668,0.39999109915095243,0.21347739966175858,0.9593753917723025,0.24770966100635622,-0.3178069837333062,0.7447617830568234,-0.28562078496131593,1.0456079084804282,0.36967822127439687,-1.1597708722724382,0.5885293023498064,-0.2366248291773174,0.7967242680769931,0.301133468117383,-0.9734718810901305,0.5002222227354957,15,8,7,0.7999821983019049,False
fake_vs_rest_in_negative,84,0.9251488867547465,0.40867847674300345,-0.7017257912562854,1.1373058955027793,0.29365111952171846,-1.3315448032986272,-0.07190677921394373,-0.19108755185224557,1.0952457488411391,0.38722784803565385,-1.1067359122094378,0.7245608085049468,-0.9171103738764479,0.9523212146642895,0.35994358603609533,-1.7978606002917918,-0.03636014746110405,15,8,7,0.8067500015390238,False
fake_vs_rest_in_negative,147,0.9049046022182035,0.41650062487753137,-0.9097458310472434,1.065885482760887,0.2752104482464779,-1.500013536822181,-0.3194781252723059,-0.31325767683867567,0.9136997527209045,0.32304164555871157,-1.0771297862012454,0.4506144325238941,-0.872470479084708,1.1735918946205623,0.44357604197816136,-1.9578619530850536,0.21292099491563765,15,8,7,0.8067500015390238,False
fake_vs_rest_in_negative,49,0.9040845989511805,0.41682083412849563,0.092173232915652,1.19655119118307,0.30894818908911176,-0.5704547302989874,0.7548011961302915,-0.09144819806355575,1.4636974083856242,0.5174951815373251,-1.315129854409125,1.1322334582820135,0.7206865995375802,1.0001971540451735,0.37803899023401283,-0.2043414858609066,1.6457146849360669,15,8,7,0.8067500015390238,False
fake_vs_rest_in_negative,77,0.8546683106496563,0.4366145356565509,0.12025068920092227,1.2415882706880277,0.3205767130147465,-0.5673179773295521,0.8078193557313967,-0.3132993877081193,0.9545054074640749,0.337468623148538,-1.1112858781567783,0.48468710274053955,-0.5355431461241401,1.2348630891867078,0.4667343767430004,-1.6776010239133532,0.6065147316650729,15,8,7,0.8343155945420885,False
fake_vs_rest_in_negative,121,0.8383386167122449,0.44337544290869585,0.8199451752976573,1.5926715794538013,0.411226033546829,-0.062046947178821865,1.7019372977741365,-0.06221087581674625,1.8518322709603157,0.6547215782080616,-1.6103813976886305,1.4859596460551379,0.6804048684046001,1.1749748084887466,0.44409873428956675,-0.4062655876070257,1.767075324416226,15,8,7,0.8343155945420885,False
fake_vs_rest_in_negative,115,0.8242014466934909,0.44931943515990197,-0.670191161238811,0.707394318667709,0.18264842769345194,-1.0619330775248441,-0.2784492449527777,-0.8001630255883352,1.1219229264738586,0.39665965463916086,-1.738114064576513,0.1377880133998427,-1.1706081690963004,0.8001953438918945,0.30244541145853726,-1.9106654307186144,-0.4305509074739863,15,8,7,0.8343155945420885,False
fake_vs_rest_in_negative,161,0.8235310924664906,0.44960340372545876,0.22633079941345013,1.7467264594831673,0.4510028325305434,-0.7409740720112821,1.1936356708381823,0.6414783707621995,1.639602376977746,0.579686979605273,-0.7292635195450007,2.0122202610693996,-0.45200682361462113,1.458164808589101,0.5511344934389802,-1.8005843471852463,0.8965706999560041,15,8,7,0.8343155945420885,False
fake_vs_rest_in_negative,68,0.8046702614628806,0.45767256786363625,0.3026168061501565,1.4432756950646963,0.37265218206476686,-0.4966426331658772,1.1018762454661903,0.977170069972163,2.2172653875209054,0.7839216956031251,-0.8765101828007229,2.830850322745049,-0.016337002488778736,0.8004898726703057,0.30255673287305546,-0.7566666577995637,0.7239926528220061,15,8,7,0.8406230838311687,False
fake_vs_rest_in_negative,109,0.7855519048665359,0.4660108814770082,-0.2901868235013725,1.0246396383038552,0.26456081700098816,-0.8576133419497501,0.2772396949470052,-0.5545143662854624,1.0180223140643707,0.35992524083706884,-1.405602319529169,0.2965735869582441,-0.847967283425713,0.8491017902542195,0.32093031068462746,-1.633255464031568,-0.06267910281985811,15,8,7,0.8472925117763784,False
fake_vs_rest_in_negative,67,0.7736074301565027,0.4713030772227725,-0.06934324791966796,1.133327288528651,0.2926238476182582,-0.6969589808585961,0.5582724850192602,-0.14812113774210378,1.4213917808800818,0.5025378834915645,-1.3364344043903662,1.0401921289061584,-0.7494387689515978,1.1787908691807596,0.44554106965799467,-1.8396384924695555,0.3407609545663599,15,8,7,0.8483455390009904,False
fake_vs_rest_in_negative,131,0.7554196166982162,0.479485854915993,0.6205088443685548,1.0539908177149448,0.27213925893770124,0.03682818453915693,1.2041895041979527,0.10311938261543707,0.8744439563836409,0.30916262566323305,-0.6279340597139454,0.8341728249448196,0.3915496141912305,0.8450373263683097,0.3193940877339245,-0.3899795642705484,1.1730787926530095,15,8,7,0.8529819822743496,False
fake_vs_rest_in_negative,30,0.7469322577004156,0.48335645662213145,0.19126570882702543,2.0059472163009437,0.5179333441403121,-0.9195908329138668,1.3021222505679177,0.6932599906934771,1.8688644201621023,0.6607433523074439,-0.8691497642514194,2.2556697456383734,-0.44880005384471827,1.1073161786226635,0.4185261759077063,-1.472896713687673,0.5752966059982363,15,8,7,0.8529819822743496,False
fake_vs_rest_in_negative,78,0.6870374342993765,0.511643812646144,-0.42703699807500406,1.1525070590243902,0.29757604306586344,-1.065274133885923,0.21120013773591495,-0.4515695745597136,0.6908946415082046,0.24426814304795008,-1.0291719495024316,0.12603280038300446,-0.9281091102605071,0.7860048501969686,0.29708190898739384,-1.6550423541225352,-0.20117586639847918,15,8,7,0.8874992585423446,False
fake_vs_rest_in_negative,5,0.6847119705155118,0.5127773493800213,-0.013996258193624881,1.6307970407030645,0.4210699853124872,-0.9171015573735927,0.8891090409863428,-0.6917535895999531,1.467617815807554,0.5188812548738554,-1.918712788571568,0.5352056093716617,0.020669083191875152,0.6682572608053365,0.2525775034148787,-0.5973658032466029,0.6387039696303531,15,8,7,0.8874992585423446,False
fake_vs_rest_in_negative,6,0.6542834551020383,0.5278607601520118,-0.27966627707076797,1.6314490793820924,0.42123834097548435,-1.1831326632355674,0.6238001090940316,-0.8501792642187134,1.3223824566358373,0.46753280120466306,-1.9557186643623676,0.2553601359249409,-0.05160453383460598,0.9727865846417806,0.3676787688145766,-0.9512820706613883,0.8480730029921764,15,8,7,0.8983556709288797,False
fake_vs_rest_in_negative,138,0.65196049157036,0.5290316728803403,-0.19600146594452353,1.2235962070616966,0.31593118216216753,-0.8736064597440751,0.48160352785502814,-0.7305026840768107,1.409262108389303,0.49824939665566376,-1.9086752907502658,0.4476699225966443,-0.09242933221933869,0.9411539675671856,0.35572276337207465,-0.9628515776365091,0.7779929131978317,15,8,7,0.8983556709288797,False
fake_vs_rest_in_negative,168,0.6349885408911153,0.5376716706913346,0.2079550733122266,0.8501532167489003,0.2195086166795437,-0.2628440856253107,0.678754232249764,0.05180377085489836,0.895338628498745,0.3165500078348628,-0.696718054513304,0.8003255962231008,-0.21372197451077612,0.6288354934621211,0.23767747589590793,-0.7952978070306982,0.36785385800914594,15,8,7,0.9002911700437076,False
fake_vs_rest_in_negative,95,0.6301264039578021,0.5401747020262245,-1.2251134685615248,0.9576024868817382,0.24725189893198524,-1.755416049953245,-0.6948108871698045,-1.0658467546955195,1.0106792156091577,0.3573290634807681,-1.910795724001081,-0.22089778538995786,-1.6190401973622779,1.004982526433739,0.37984769098700993,-2.548494014068448,-0.6895863806561077,15,8,7,0.9002911700437076,False
fake_vs_rest_in_negative,156,0.6109734928534613,0.5501570695099048,0.666438932151731,1.62209186683615,0.41882231908499384,-0.2318456024246266,1.5647234667280885,-0.03966097012821318,1.207216777581143,0.4268155848948991,-1.0489194531284503,0.969597512872024,0.6191080056780424,1.58643974798613,0.5996178633084689,-0.84810405020968,2.0863200615657647,15,8,7,0.9070512078082034,False
fake_vs_rest_in_negative,133,0.5989653532057173,0.5565165576229701,-0.1255884478840648,1.096262390869189,0.283053732193993,-0.7326783246591921,0.48150142889106246,-0.2945166116556412,1.1534118322137268,0.40779266402956327,-1.2587930346415748,0.6697598113302925,-0.6562927302013303,0.8326371113633555,0.3147072470043759,-1.4263536225375477,0.11376816213488716,15,8,7,0.9070512078082034,False
fake_vs_rest_in_negative,113,0.5826233810173906,0.5652983903883265,0.03083514037701599,1.0259534537884287,0.26490004270043765,-0.5373189448357405,0.5989892255897724,0.11892225992037048,1.1140901022220202,0.39389033306700216,-0.8124803741178219,1.050324893958563,-0.42475818987718456,1.0733840360170226,0.4057010315096913,-1.4174728518999906,0.5679564721456214,15,8,7,0.9070512078082034,False
fake_vs_rest_in_negative,103,0.5570871533592435,0.5793203963287533,1.328661100626483,1.1473783645136184,0.2962518198373298,0.6932641411679545,1.9640580600850115,0.8096436285553689,1.3479594085850828,0.47657561928736003,-0.3172786385293723,1.93656589564011,0.9575855041861597,1.1277573936476861,0.4262522289723073,-0.085416126463142,2.0005871348354614,15,8,7,0.9070512078082034,False
fake_vs_rest_in_negative,136,0.5524045348483498,0.5819319287529665,-0.1111486513338515,0.91714919615257,0.23680690417909486,-0.6190489470242012,0.3967516443564982,-0.41973007020111275,1.3277397689977992,0.4694268971547019,-1.5297482955630728,0.6902881551608472,0.08965582540551839,0.2821811578179519,0.10665445260779575,-0.17131821865787752,0.3506298694689143,15,8,7,0.9070512078082034,False
fake_vs_rest_in_negative,32,0.552126218122187,0.5820875457322523,-0.5457832394943193,1.4056978578291073,0.3629496262114382,-1.3242327661773547,0.2326662871887163,-0.029921218092842622,1.4930668016674835,0.5278788301117938,-1.2781563016776174,1.2183138654919323,0.011223256359507704,1.2507869032886723,0.47275301274834625,-1.1455616931989139,1.168008205917929,15,8,7,0.9070512078082034,False
fake_vs_rest_in_negative,108,0.5504410760416681,0.5830307249309565,-0.6608647415625075,1.231758659231912,0.31803871825013147,-1.3429899507078304,0.021260467582815523,-0.642498751436698,0.900236376393405,0.31828162320929093,-1.395115196513704,0.1101176936403081,-1.1327710455903597,0.7347895293397252,0.27772433722958734,-1.8123380177088215,-0.45320407347189784,15,8,7,0.9070512078082034,False
fake_vs_rest_in_negative,87,0.5426507383007066,0.5874123862788201,0.044656718766747365,1.6172667412121133,0.417576477005977,-0.8509557503032871,0.9402691878367818,0.0305674690332903,1.5543757911375302,0.5495548312127762,-1.2689232124324192,1.3300581504989997,-0.6528369094469759,1.3253193483544519,0.5009236290697228,-1.8785528739362318,0.57287905504228,15,8,7,0.9070512078082034,False
fake_vs_rest_in_negative,37,0.5388140970491216,0.5895832850753322,0.02403431140641641,1.034834253924399,0.26719305543561167,-0.5490377969959673,0.5971064198088002,0.38837229423004116,0.9721546497190363,0.34370857258918164,-0.4243693319946765,1.201113920454759,0.44512538231320586,1.1102236355469,0.41962509133187237,-0.5816602267045466,1.4719109913309585,15,8,7,0.9070512078082034,False
fake_vs_rest_in_negative,48,0.5293620544518901,0.5949684162993978,-0.3201611790658806,1.0772596966361019,0.2781472576408051,-0.9167277145347231,0.27640535640296193,-0.6451019087647373,1.6462697800297765,0.5820442625607705,-2.021417887516373,0.7312140699868984,0.01898371207040766,1.0656008215434196,0.40275925295285814,-0.9665326771382392,1.0045001012790544,15,8,7,0.9075789401177254,False
fake_vs_rest_in_negative,143,0.5172982885807922,0.6019183992944609,0.09643354283515392,1.3936951426907416,0.35985053848876075,-0.6753691017555935,0.8682361874259014,0.2310368374737783,1.4818887379144619,0.5239267877716451,-1.0078531509501594,1.469926825897716,0.717297535808247,1.0044487084741562,0.37964592676323333,-0.2116625816276273,1.6462576532441213,15,8,7,0.9098801437976293,False
fake_vs_rest_in_negative,150,0.504282488202096,0.6095147641139798,0.03465397678585573,1.6558536000294295,0.4275395611114385,-0.882327182444178,0.9516351360158893,0.5597108115325342,1.5956479596564515,0.5641467463297777,-0.7742842662960205,1.893705889361089,-0.18146448806275156,0.9256111514095894,0.3498481310539895,-1.03751202603968,0.674583049914177,15,8,7,0.9098801437976293,False
fake_vs_rest_in_negative,44,0.5000910108916315,0.6119828886859313,-0.7301906529654982,1.0571021556769848,0.2729426029451282,-1.315594314327844,-0.14478699160315256,-0.3274123669035357,0.9136124001444111,0.3230107617591153,-1.0912114476845987,0.43638671387752737,-0.7243625797109301,0.8138008996604819,0.307587828174609,-1.4770028817393261,0.02827772231746606,15,8,7,0.9098801437976293,False
fake_vs_rest_in_negative,4,0.492136291806814,0.6166965419072821,-0.13072255681234604,1.589308161869197,0.4103576028607281,-1.0108520807138965,0.7494069670892045,-0.7571106205352398,1.528594561108211,0.5404397899222452,-2.0350476543110902,0.5208264132406106,-0.2465362605191214,0.9974689898083045,0.37700784107594204,-1.1690412148224267,0.6759686937841839,15,8,7,0.9098801437976293,False
fake_vs_rest_in_negative,127,0.48243141444328136,0.6225001425632779,0.2702681245440542,1.5056468130319316,0.3887563354761962,-0.5635312886289994,1.1040675377171076,0.06150722754786285,1.2658491014722084,0.4475452418049483,-0.9967691049090747,1.1197835600048003,0.7480467866890562,1.2180387541961104,0.4603753758345485,-0.37845117641582415,1.8745447497939365,15,8,7,0.9109758183852847,False
fake_vs_rest_in_negative,91,0.4661424992409488,0.6323733282210922,-0.21459396995943567,0.7776155709180956,0.20077947706115712,-0.6452231195673035,0.2160351796484322,-0.24961924326729598,0.9472703638655814,0.33491064895320044,-1.041557085898711,0.5423185993641192,-0.5782267947549629,0.8790261080743417,0.33224063969967055,-1.3911903534680756,0.2347367639581499,15,8,7,0.9179612829015854,False
fake_vs_rest_in_negative,52,0.4504295693818936,0.6420569230633792,-0.08020296446992778,0.9013580101073573,0.23272963747443007,-0.5793583928090219,0.4189524638691663,-0.36138365228671776,0.8741667015261857,0.30906460126832125,-1.092205303754644,0.36943799918120857,-0.46351906449085395,1.2077336028354393,0.45648039473123214,-1.5804863521740438,0.6534482231923358,15,8,7,0.9202926850234173,False
fake_vs_rest_in_negative,93,0.43641922849023346,0.6508256284873487,0.3430766753167444,1.1161637542027263,0.2881922421111672,-0.2750342091244717,0.9611875597579604,-0.1085949101741138,1.4553279101688148,0.5145361170652077,-1.3252794909068877,1.1080896705586603,-0.03754678996302241,1.221471794022841,0.46167294292347844,-1.1672197853554611,1.0921262054294163,15,8,7,0.9202926850234173,False
fake_vs_rest_in_negative,70,0.43396915339955283,0.6523722366564352,0.35567737832825214,1.4909614130393436,0.38496458150261703,-0.4699895313984093,1.1813442880549136,-0.07152155478672223,1.46557453997254,0.5181588477744689,-1.296772532411605,1.1537294228381605,-0.21737491679630258,1.5023225351807517,0.567824545299479,-1.6067915260606065,1.1720416924680013,15,8,7,0.9202926850234173,False
fake_vs_rest_in_negative,35,0.4307184236258725,0.6544303537944302,0.24960615592013757,1.7156335248878725,0.44297467133905716,-0.7004800222526366,1.1996923340929118,0.6973917425971596,1.9502865524792183,0.6895304232574944,-0.9330886184485485,2.327872103642868,-0.13680462376478278,1.5491606156793734,0.5855276757119043,-1.5695392326376154,1.2959299851080497,15,8,7,0.9202926850234173,False
fake_vs_rest_in_negative,17,0.3977679339766318,0.6756902078673582,0.39790151745679786,1.3599541222840552,0.35113864448081805,-0.3552159728391631,1.151019007752759,-0.14445235161284864,1.6364292200928,0.578565099229716,-1.5125414163766207,1.2236367131509234,0.279629975955975,1.179710840976072,0.4458887863127933,-0.8114205795654497,1.3706805314773998,15,8,7,0.9292295670717536,False
fake_vs_rest_in_negative,15,0.3922129950035889,0.6793467864879187,-0.4293001687412806,1.1446287076469903,0.29554186148718076,-1.0631744189814334,0.20457408149887218,0.010441465968011376,1.5317264451789667,0.541547078154406,-1.2701138884151095,1.2909968203511324,-0.4271355992389747,0.8327428360296137,0.3147472071721423,-1.1972942705832734,0.343023072105324,15,8,7,0.9292295670717536,False
fake_vs_rest_in_negative,106,0.38734996136132444,0.6825653636394108,-0.2015813693178164,0.744996994725384,0.1923573969030658,-0.6141469535180333,0.21098421488240054,-0.27106352191780214,1.0359443895441214,0.36626165138940325,-1.137134705221607,0.5950076613860027,-0.5289815951771,0.6823553602601287,0.2579060841457409,-1.1600550489557073,0.10209185860150749,15,8,7,0.9292295670717536,False
fake_vs_rest_in_negative,164,0.3871952113897646,0.6826680527280604,0.93300101746692,1.3933849199756279,0.35977043932814406,0.16137016848957664,1.7046318664442635,0.42197054559675706,1.906292205484789,0.6739760727106768,-1.171729620928171,2.0156707121216852,0.46943323084897415,1.3021193210681157,0.49215484298264306,-0.7348262870436513,1.6736927487415996,15,8,7,0.9292295670717536,False
fake_vs_rest_in_negative,142,0.3782999002948632,0.6885987911502052,0.4540032584039058,1.4582044365335236,0.37650676653734044,-0.3535234423763584,1.26152995918417,0.07873394115517954,1.6623516938338907,0.5877300777134438,-1.3110268539965413,1.4684947363069003,0.719793815439649,1.0945554596817242,0.4137030774979753,-0.2925011477452961,1.7320887786245942,15,8,7,0.9292295670717536,False
fake_vs_rest_in_negative,122,0.37214834497659094,0.6927325513209176,0.2544311711717204,0.9474106379431709,0.24462037485157637,-0.2702273524034037,0.7790896947468445,0.19475439308085718,0.9332376652611412,0.3299493407824271,-0.5854518199303219,0.9749606060920363,0.5646213417178214,0.7454173426125612,0.28174127307249525,-0.1247747183199408,1.2540174017555836,15,8,7,0.9292295670717536,False
fake_vs_rest_in_negative,33,0.3592063815373354,0.7015166568122876,0.6886732665281733,2.0176058489066033,0.5209435901350635,-0.42863961074961965,1.8059861438059661,1.040845017722097,2.0435754348456765,0.7225130239228127,-0.6676268007374233,2.749316836181617,0.23299812989796068,0.959010275756782,0.36247181348684576,-0.6539384462290145,1.1199347060249358,15,8,7,0.9292295670717536,False
fake_vs_rest_in_negative,69,0.358375663704161,0.7020845617875472,0.5479410596900584,1.6823711707171127,0.4343863684217902,-0.38372504071395597,1.4796071600940728,0.28474754967506183,1.5675628397114587,0.5542171569480067,-1.025767780292999,1.5952628796431225,-0.06342150158914452,1.3792874857323076,0.5213216676730337,-1.3390496684769548,1.2122066652986656,15,8,7,0.9292295670717536,False
fake_vs_rest_in_negative,64,0.34689110877565316,0.7099865734870894,0.26760838511462287,1.8350252879093607,0.4738014919961616,-0.7485947476343384,1.2838115178635843,0.8531991486991233,2.0381636343028458,0.7205996634916804,-0.8507482912829034,2.55714658868115,0.17258709963387048,1.416661313345032,0.5354476467310147,-1.1376060928199392,1.4827802920876803,15,8,7,0.93282907465457,False
fake_vs_rest_in_negative,134,0.3292993707071434,0.7222764747621399,-0.23195952383530816,0.8421381079444845,0.21743912448504082,-0.698320063463326,0.2344010157927096,-0.036275212453599895,0.8429165540825029,0.29801600568306746,-0.7409710868545941,0.6684206619473944,0.05632967117027928,0.8122559674965811,0.3070038987034453,-0.6948818069148935,0.8075411492554522,15,8,7,0.9366976967490444,False
fake_vs_rest_in_negative,1,0.32265273047762194,0.7269792438100677,-0.4277925649149736,1.543023290407934,0.3984069004373399,-1.2822903813475741,0.4267052515176269,-0.9313979058110463,1.4543681820149845,0.5141968019223733,-2.1472801337281413,0.28448432210604857,-0.6475792112759512,1.1308174613459563,0.42740882584725653,-1.6934109325255635,0.398252509973661,15,8,7,0.9366976967490444,False
fake_vs_rest_in_negative,118,0.3204533155816697,0.7285426530270345,0.09655240325899707,0.9935504433980086,0.25653362139316543,-0.4536574929084102,0.6467622994264043,0.38900725599182095,0.7508471170208191,0.26546454403989517,-0.2387166427829358,1.0167311547665778,0.2484018801526657,0.5165436948922328,0.19523516542618183,-0.22932135988890898,0.7261251201942404,15,8,7,0.9366976967490444,False
fake_vs_rest_in_negative,2,0.3080621464993128,0.7374184152821038,0.31608253320504465,1.4716383125233718,0.37997537840292034,-0.49888360013006916,1.1310486665401585,-0.14654275733058408,1.4450298575086666,0.5108952056307043,-1.3546179505874298,1.0615324359262615,0.3257535249577539,1.3441405248392178,0.508037365121201,-0.9173691245817814,1.5688761744972892,15,8,7,0.9413852109984304,False
fake_vs_rest_in_negative,71,0.2919425496005696,0.7491390611776533,0.10202772562329916,1.5106395056072726,0.39004544315599815,-0.7345365485406862,0.9385919997872846,0.4179372580632876,1.606318551037929,0.5679193700923344,-0.9249786574063439,1.7608531735329191,-0.19722408371626196,1.6128582157265734,0.6096031055456969,-1.6888691471708108,1.2944209797382868,15,8,7,0.943211709887672,False
fake_vs_rest_in_negative,180,0.2916831461951471,0.749329302855206,0.007924835626954755,1.3855896399131145,0.3577577066707349,-0.75938913114044,0.7752388023943496,0.11791555433423045,1.4134400087963834,0.499726507510148,-1.063749864488029,1.29958097315649,-0.3803115467592725,1.0984359537048538,0.415169766376443,-1.396195368342883,0.6355722748243379,15,8,7,0.943211709887672,False
fake_vs_rest_in_negative,62,0.28229748001521443,0.7562476015735281,-0.14323587293689632,1.2806087175701677,0.3306517490771531,-0.8524133426943123,0.5659415968205197,0.06857910181342364,1.4589457893867646,0.5158152305294709,-1.1511301016374857,1.288288305264333,-0.46384739855417323,1.4851186202476074,0.5613220766580775,-1.8373530402381335,0.9096582431297869,15,8,7,0.9453095019669101,False
fake_vs_rest_in_negative,179,0.2706248939693517,0.7649474841023743,-0.5792805531798219,1.0849630465348232,0.2801362540319889,-1.180113061630792,0.02155195527114817,-0.3432236419483717,1.5071555035793252,0.5328599384417834,-1.6032371750900505,0.9167898911933072,-0.7876885891653717,0.8866520784865435,0.33512298558770237,-1.6077049941910084,0.03232781586026512,15,8,7,0.9465063852985107,False
fake_vs_rest_in_negative,21,0.2669325109909724,0.7677218458532364,-0.18775401672537956,1.5863698172607403,0.40959892554513,-1.06625633962001,0.690748306169251,-0.4192278350319346,1.252858268173475,0.4429522886455491,-1.466643559061727,0.6281878889978577,0.13624092346771852,1.4334962892778922,0.5418106695376013,-1.1895220249006337,1.4620038718360706,15,8,7,0.9465063852985107,False
fake_vs_rest_in_negative,57,0.2517850969695844,0.779216852510047,-0.08918594714076819,0.9506663113651098,0.24546098611450032,-0.6156474025623254,0.437275508280789,-0.31723575678073623,1.0191948382627294,0.3603397907429512,-1.1693039647853876,0.5348324512239151,-0.3520268958396193,0.848083982305351,0.32054561543960874,-1.1363737610913587,0.43231996941212014,15,8,7,0.9488841270441487,False
fake_vs_rest_in_negative,65,0.24627196759266762,0.7834464037391403,0.7356524187445362,1.5186115802887394,0.39210382398773436,-0.10532664322602203,1.5766314807150945,0.7089586710010646,1.6807091390392659,0.5942204147084343,-0.6961493324100206,2.11406667441215,0.27185120233069243,1.2191830068941547,0.4608078627025542,-0.8557050180169756,1.3994074226783606,15,8,7,0.9488841270441487,False
fake_vs_rest_in_negative,172,0.24365177783910502,0.7854651940532119,0.4018267464276328,1.0920449764890279,0.28196480048343164,-0.202927604110631,1.0065810969658966,0.22697579927883293,1.0456384411079322,0.36968901618837463,-0.647199813947675,1.1011514125053408,0.6050717921638562,0.9329705430874398,0.3526297196511767,-0.25778204791653936,1.4679256322442518,15,8,7,0.9488841270441487,False
fake_vs_rest_in_negative,137,0.22783720999077145,0.7977691681966963,-0.05418961910753006,0.8550500463074986,0.22077297263485485,-0.5277005518668083,0.41932131365174824,-0.0548178693135577,1.0806819282784172,0.3820787598957115,-0.9582905709814535,0.8486548323543381,-0.30804419854495524,0.5839758613512566,0.22072212868573723,-0.8481317910360328,0.23204339394612228,15,8,7,0.9506258243625859,False
fake_vs_rest_in_negative,39,0.22331019039274527,0.8013292511844333,0.4651712614755026,1.190058354015579,0.3072717457411565,-0.1938610883633941,1.1242036113143992,0.14351202532267932,1.0736397952233847,0.3795889898770958,-0.7540733057783091,1.0410973564236679,0.17964091240885754,1.5556781269950135,0.587991063441652,-1.2591213890938595,1.6184032139115747,15,8,7,0.9506258243625859,False
fake_vs_rest_in_negative,146,0.21586552703859904,0.807220948934982,-0.16239411101488133,1.4190808809193727,0.3664051079148054,-0.9482549088556423,0.6234666868258797,-0.45379943805730916,1.579728002956384,0.5585181916603708,-1.7744850990131684,0.8668862228985501,-0.5609173737582717,1.3954584944159323,0.5274337344481674,-1.851501229273146,0.7296664817566029,15,8,7,0.9506258243625859,False
fake_vs_rest_in_negative,105,0.20434972635142398,0.8164263798447745,0.8516347099193572,0.7961963716429218,0.2055770191789205,0.41071585584258546,1.292553563996129,0.660718954550132,0.8703095067771608,0.30770087698662496,-0.0668780014088094,1.3883159105090734,0.6404681622643145,0.9845189700673352,0.3721131936890875,-0.27006002134092066,1.5509963458695495,15,8,7,0.9506258243625859,False
fake_vs_rest_in_negative,92,0.2011673917308641,0.8189900941409339,0.18608787118448766,0.9571627555082635,0.24713836077956705,-0.34397119508935525,0.7161469374583306,-0.11651415267171908,1.429750399464573,0.5054931014327874,-1.3118153993325392,1.078787093989101,-0.0764569722696404,1.5185244700558884,0.5739483010762899,-1.4808578721177406,1.3279439275784597,15,8,7,0.9506258243625859,False
fake_vs_rest_in_negative,165,0.19809506776761135,0.8214733881538631,1.1079429523533804,1.3954307876997278,0.3602986801030762,0.3351791395939472,1.8807067651128135,0.716278006891089,2.058735380536422,0.7278728741229856,-1.0048678433366645,2.4374238571188425,0.8230289654709164,0.9745661672676302,0.36835138782393223,-0.0782944107811635,1.7243523417229962,15,8,7,0.9506258243625859,False
fake_vs_rest_in_negative,34,0.19168751985305799,0.8266785333810438,0.09809423626316834,1.5726346156027846,0.4060525117265925,-0.7728017854836152,0.968990258009952,0.4785659621561327,1.8038931282282802,0.6377725317530156,-1.029526433426777,1.9866583577390424,0.02591613493200067,1.390269167106313,0.5254723530863148,-1.2598683932839416,1.311700663147943,15,8,7,0.9506258243625859,False
fake_vs_rest_in_negative,58,0.18571821554987378,0.8315595561588974,-0.312809299733251,0.856016460530641,0.22102249971430607,-0.7868554148508113,0.16123681538430928,-0.2710543393495794,0.9930698132151764,0.35110319955805463,-1.1012814798363761,0.5591728011372175,-0.5181935338694796,0.6277681844093841,0.23727407099225223,-1.0987822701498366,0.06239520241087737,15,8,7,0.9506258243625859,False
fake_vs_rest_in_negative,96,0.18221533162313297,0.8344382236071587,-0.48078461193184724,0.7541009706371452,0.19470803337576745,-0.8983918099468486,-0.06317741391684578,-0.2644604415399251,1.1117419344816977,0.3930601304007294,-1.193899958219712,0.6649790751398618,-0.4711578863690475,0.728887784253062,0.2754936872580719,-1.145266654636452,0.20295088189835703,15,8,7,0.9506258243625859,False
fake_vs_rest_in_negative,141,0.16697259916541887,0.8470899020546194,0.28121122786080954,1.4584476159268214,0.3765695551866993,-0.526450141178752,1.0888725969003712,0.06169428054392043,1.508148079966246,0.533210867188802,-1.1991490672235396,1.3225376283113806,0.46617665009342224,0.842313210456172,0.3183644686987773,-0.31283314134909057,1.245186441535935,15,8,7,0.9579211008290829,False
fake_vs_rest_in_negative,155,0.15617909144558964,0.8561731929706325,0.5582604364215267,1.668980695540731,0.43092896259806146,-0.3659902659970248,1.4825111388400782,0.4820724269870963,1.5086162390835234,0.5333763864320525,-0.7791623115970595,1.743307165571252,0.898420036978652,1.2945110868649445,0.4892792007515107,-0.2988030378589627,2.095643111816267,15,8,7,0.9579211008290829,False
fake_vs_rest_in_negative,126,0.15543030165015975,0.8568072068526797,0.7677689005857345,1.5745308055083056,0.40654210585494777,-0.10417719613002807,1.639714997301497,0.45678775659265963,1.6291498160609887,0.5759914412527708,-0.9052155741035224,1.8187910872888418,0.853428294825717,1.1582726565019992,0.4377859142157758,-0.21779524693320362,1.9246518365846377,15,8,7,0.9579211008290829,False
fake_vs_rest_in_negative,36,0.13926098553649688,0.8706218043129497,0.6912452014456983,1.4465546126036586,0.3734987949328994,-0.109830041879726,1.4923204447711227,0.5065616522487522,1.1625472599199367,0.4110225254696135,-0.46535217942760865,1.4784754839251129,0.3809919687438737,1.289850079106034,0.4875175054102222,-0.8119203928850354,1.5739043303727827,15,8,7,0.9595976826632826,False
fake_vs_rest_in_negative,14,0.13128055195382354,0.8775280640648911,-0.1471386037148001,1.2150158732068876,0.3137157494871959,-0.8199919670050944,0.5257147595754943,0.12252910060386649,1.4374358286107662,0.5082103109655883,-1.079197325614874,1.3242555268226068,-0.07720169375404537,0.8365728460949305,0.31619481490809975,-0.8509025336232676,0.6964991461151768,15,8,7,0.9595976826632826,False
fake_vs_rest_in_negative,177,0.12800381194394922,0.8803807717512635,0.15731983509550454,1.2864339603190433,0.3321558202874205,-0.5550835465713735,0.8697232167623825,0.013792319700759614,1.3414796113587117,0.4742846650076197,-1.1077127013348174,1.1352973407363367,-0.14508025390948687,1.393384188956307,0.52664972067826,-1.4337456968393139,1.1435851890203401,15,8,7,0.9595976826632826,False
fake_vs_rest_in_negative,119,0.12681491683301116,0.8814182770728443,0.6862060988120434,1.336651908254881,0.3451220386898345,-0.054007055476966825,1.4264192531010536,0.41867343221258635,1.5916374365235846,0.5627288122780998,-0.9119687643702116,1.7493156287953844,0.7147690926816558,0.9536824547783245,0.3604580864384356,-0.16724007086559334,1.5967782562289048,15,8,7,0.9595976826632826,False
fake_vs_rest_in_negative,135,0.12276505913016048,0.8849623073450273,0.027938223907777886,0.7576944797907258,0.19563587344951822,-0.3916589931459209,0.4475354409614767,-0.020765151183374173,0.9731762343179249,0.34406975728789657,-0.8343608435059775,0.7928305411392291,0.17618284730769737,0.6827529708818586,0.25805636683484595,-0.4552583349639031,0.8076240295792979,15,8,7,0.9595976826632826,False
fake_vs_rest_in_negative,120,0.1129480189249064,0.8936168751261893,0.7008123802012637,1.2290085785561287,0.3173286504729291,0.020210114972003645,1.3814146454305236,0.9516101307547555,1.5009673905782461,0.5306721101088775,-0.30323001045261244,2.2064502719621233,0.7486572324200418,0.7419312725543846,0.2804236624400833,0.062485249453922864,1.4348292153861606,15,8,7,0.9631798654054734,False
fake_vs_rest_in_negative,114,0.10605411255480021,0.8997487616650683,-0.6778076074927626,1.1165988587103821,0.28830458561196787,-1.29615944477897,-0.059455770206555125,-0.6011581931512624,1.1477776071388115,0.4058006646509613,-1.560724286097396,0.3584078997948713,-0.8598017740549462,1.0775659599625127,0.40728165018991314,-1.8563840706585282,0.13678052254863582,15,8,7,0.9640165303554303,False
fake_vs_rest_in_negative,157,0.08646874450692754,0.917417151538077,0.07094527387736166,1.3195586912767732,0.3407085890438798,-0.6598019723632094,0.8016925201179328,-0.043785061965488925,1.544261283387276,0.5459788127034918,-1.33481980334,1.2472496794090222,0.24653771399592903,1.1945960867119443,0.4515148803729651,-0.8582793977569865,1.3513548257488446,15,8,7,0.9702598982835378,False
fake_vs_rest_in_negative,50,0.0850856985367653,0.9186788373331203,-0.12101963481036887,0.9740560462000797,0.25150018968037,-0.6604338936456291,0.4183946240248914,-0.3148600206660832,1.439599107948245,0.5089751457101543,-1.5183949936702852,0.8886749523381188,-0.14335975164207224,0.9169432868321942,0.34657198618687896,-0.9913908519176002,0.7046713486334557,15,8,7,0.9702598982835378,False
fake_vs_rest_in_negative,31,0.08173101321467682,0.9217469033693608,0.5288548052403276,1.8896734574551646,0.48791158869960277,-0.5176114750834072,1.5753210855640623,0.7865342284729262,1.9599998575249682,0.692964595190286,-0.8520666588092003,2.4251351157550527,0.775496417148693,0.6044440041635909,0.22845835949727877,0.2164789498016616,1.3345138844957245,15,8,7,0.9702598982835378,False
fake_vs_rest_in_negative,167,0.06400812557161956,0.938139273969475,0.29543857773783666,0.8435500456334476,0.21780368522872326,-0.1717038669201686,0.7625810223958419,0.1751041825204416,1.1146045248987508,0.3940722089485584,-0.7567285196380584,1.1069368846789416,0.16630419492405826,0.9914682458210885,0.37473977303715067,-0.7506509968159253,1.0832593866640419,15,8,7,0.9817736588052646,False
fake_vs_rest_in_negative,61,0.05136058133212641,0.9500286584224881,0.5644465007951387,1.7071700295394598,0.44078940623671675,-0.38095274987656436,1.5098457514668417,0.744451371697191,1.9695378552398395,0.6963367866218496,-0.9021234812250243,2.3910262246194063,0.475071684434906,1.2290913201634373,0.4645528531057889,-0.6616481973128613,1.6117915661826734,15,8,7,0.9884691243702187,False
fake_vs_rest_in_negative,59,0.04304159473475551,0.9579371331375223,-0.3793239337117108,1.0401269105033126,0.26855961348810015,-0.9553270176333387,0.1966791502099171,-0.39035858841477333,0.9328491241863178,0.32981197076803853,-1.1702399729584876,0.3895227961289409,-0.5077735466159367,0.9218941512520111,0.3484432370482552,-1.3603834328006315,0.34483633956875803,15,8,7,0.9909694480732989,False
fake_vs_rest_in_negative,60,0.029931659329278177,0.9705440128986794,-0.8122377453050748,1.1268781408354016,0.29095868484404575,-1.4362820592926557,-0.18819343131749378,-0.8991949017852199,0.8591820738174172,0.30376673533510823,-1.6174890909857833,-0.18090071258465634,-0.902673111449705,0.7764625479939907,0.2934752577639505,-1.620781197690143,-0.1845650252092671,15,8,7,0.9924187545430976,False
fake_vs_rest_in_negative,72,0.025881309347120064,0.9744748855040072,0.46975209307835664,1.3774553502111653,0.35565744210080985,-0.2930572541983575,1.2325614403550706,0.5005643431141393,1.055263854899839,0.3730921138703665,-0.38165831742174583,1.3827870036500245,0.35944476881326465,1.2400798383066216,0.46870612257492994,-0.7874377972195423,1.5063273348460717,15,8,7,0.9924187545430976,False
fake_vs_rest_in_negative,22,0.01857769863591005,0.9816063390558881,-0.3482656248007798,1.648458026996729,0.4256300323653512,-1.261151252196009,0.5646200025944494,-0.4755238752123546,1.4049225872452282,0.4967151442416249,-1.6500685514195088,0.6990208009947995,-0.38744018073837333,1.2675690267893958,0.479096059213273,-1.5597460058641874,0.7848656443874407,15,8,7,0.9924187545430976,False
fake_vs_rest_in_negative,47,0.009626329830381709,0.9904232525605106,-0.1498832108448172,1.026868382385566,0.26513627624841646,-0.7185439666265183,0.41877754493688385,-0.113672338459373,1.1244180602150076,0.39754181763332774,-1.0537093614574156,0.8263646845386696,-0.19029940743085935,1.0902339788275248,0.41206971126429837,-1.1985976674213603,0.8179988525596417,15,8,7,0.9924187545430976,False
fake_vs_rest_in_negative,42,0.008011183098039231,0.9920231780147734,-0.12858722560110888,0.9465340017689255,0.24439402836467403,-0.6527602842442679,0.3955858330420501,-0.07939902303018673,0.8906470437153082,0.3148912821274229,-0.8239985853638363,0.6652005393034628,-0.08193489240525058,1.3582975596552989,0.5133882213248344,-1.338150615403229,1.174280830592728,15,8,7,0.9924187545430976,False
fake_vs_rest_in_negative,132,0.0076122745423901714,0.9924187545430976,0.4742681785533749,1.49926657814927,0.3871089659131669,-0.35599797831081237,1.304534335417562,0.48812118579070035,1.3643826816328481,0.48238212315803664,-0.6525312811636101,1.628773652745011,0.55323203089641,1.26482337623103,0.47805830084691275,-0.6165344909841324,1.7229985527769525,15,8,7,0.9924187545430976,False
